"simulator","regime_id","method","arm","fdr_05","tpr_05","fdr_10","tpr_10","pauc10","fpr05","ks_null","shadow","est_bias","est_rmse","ci_cover","runtime_s","n_pos","n_tested","n_rej_05","tp_05","fp_05","fdr_05_se","tpr_05_se","fdr_10_se","tpr_10_se","pauc10_se","fpr05_se","ks_null_se","shadow_se","est_bias_se","est_rmse_se","ci_cover_se","runtime_s_se","n_pos_se","n_tested_se","n_rej_05_se","tp_05_se","fp_05_se","n_cells"
"implant","B_abund","adapt","single",0.0902380952380952,0.00243892074374107,0.122892156862745,0.00424847634908917,0.121424632223265,0.0471812065150334,0.0769059991552643,NA,-0.0037878238853881,1.18932468196171,NA,0.520310000000001,46.95,477.74,0.28,0.0900000000000001,0.19,0.0277340306926738,0.00106971475953604,0.0306503936968734,0.00145105555410954,0.00594540486877023,0.0028971253088247,0.00425075188077624,NA,0.0251406082710204,0.0245328135338143,NA,0.0405740517542626,4.35960277590016,44.7080690522845,0.0985552196138353,0.0320825954263824,0.0774531464757236,100
"implant","B_abund","fastancom","single",0.02,0.00227876668211642,0.0219047619047619,0.00227876668211642,0.13554012619692,0.0242105975872889,0.115609882238931,NA,-0.0185895383691252,0.440683908106526,NA,0.0475200000000018,46.95,477.74,0.14,0.06,0.08,0.0116726776241816,0.00113469364275616,0.0128360149208776,0.00113469364275616,0.00705801906755673,0.00225782488918115,0.00613318976053071,NA,0.0118085534059222,0.00466589416754716,NA,0.00330085633211322,4.35960277590016,44.7080690522845,0.0710953265309715,0.0238683256575942,0.0544578420951158,100
"implant","B_abund","ldm","single",0.0578205128205128,0.00635733509609463,0.0929761904761905,0.0106923532892647,0.14472321702372,0.0484034354880214,0.0780715267271519,NA,NA,NA,NA,11.4156,46.95,477.74,0.43,0.23,0.2,0.0206921189775038,0.00189766015146128,0.0264318835160113,0.00261634978037431,0.00686707163746655,0.00275281001306674,0.00468340538957722,NA,NA,NA,NA,1.71700819962392,4.35960277590016,44.7080690522845,0.169523991925579,0.0789514618821801,0.0974420314594759,100
"implant","B_abund","limma_logtss","single",0.0295770202020202,0.00871119503807418,0.0496307136238676,0.0147043288769756,0.124365496127431,0.0497700659368009,0.116143486076501,NA,-0.0109292460440574,0.451147724246003,0.895584356821017,0.0371299999999999,46.95,477.74,1.86,0.26,1.6,0.0149451411519757,0.00409814967610686,0.0201278769972935,0.0065943255624195,0.006909391435795,0.00726804351686949,0.00864253740465067,NA,0.0158969920497122,0.00620456932472074,0.00645851346957162,0.00064473861276348,4.35960277590016,44.7080690522845,1.47353899565542,0.17327504847566,1.30182467127777,100
"implant","B_abund","linda","single",0.0267948717948718,0.00452558827307164,0.0678650793650794,0.00639833248719659,0.12552834526315,0.047422106871182,0.0755979485487309,NA,-0.0114244879220319,0.421975783434212,0.884606961841724,0.285890000000003,46.95,477.74,0.32,0.14,0.18,0.0136278986736064,0.00152909741248818,0.0216103504704496,0.00198677570966931,0.00632620205840709,0.00274827821491573,0.00414119258100661,NA,0.00732639898434955,0.00467146689845902,0.00314908678117649,0.0240984089126488,4.35960277590016,44.7080690522845,0.14694189052792,0.0402517331328978,0.120922380981447,100
"implant","B_abund","lm_logtss","single",0.0360924574209246,0.00871119503807418,0.0504321661692267,0.0143783234931759,0.125501392525181,0.0499438940653907,0.115306190323222,NA,-0.0109292460440574,0.451147724246003,0.896192157283266,0.0348599999999989,46.95,477.74,1.78,0.26,1.52,0.0161615733571232,0.00409814967610686,0.0204451575292618,0.00637680722528273,0.00716683542227593,0.00717294551878498,0.0087239809764922,NA,0.0158969920497122,0.00620456932472074,0.00635734452603305,0.000247826919074902,4.35960277590016,44.7080690522845,1.39903141097292,0.17327504847566,1.22709149428783,100
"implant","B_abund","logistic_presence","single",0.11,0.000992063492063493,0.158333333333333,0.00107336430507162,0.0761993032256429,0.0557513841601885,0.119828861934333,NA,-0.01004896712566,0.718667969342664,NA,0.506320000000001,46.83,476.39,0.28,0.04,0.24,0.0303570226067844,0.00059456966370188,0.0356221755924507,0.00059874326866104,0.00568316765035489,0.00283927957713985,0.00237976811259633,NA,0.0157191435378338,0.0289293954947065,NA,0.0463308433601705,4.36540705866919,44.7489718746519,0.0899831634083271,0.0196946385566933,0.0817979773032872,100
"implant","B_abund","pursue","abundance",0.055,0.00757313897648871,0.111944444444444,0.0152529590042806,0.14026547292633,0.0518414918916237,0.0642877931211144,NA,-0.00381987202086555,0.852218897093181,0.944093045893519,18.80741,46.94,477.68,0.25,0.15,0.1,0.0199684093942751,0.0022038220449567,0.0267091149945761,0.00331477487388309,0.0065745453028594,0.00202549673863574,0.00358708855918244,NA,0.0109703738210137,0.0112230771963086,0.00191019883757688,1.71875440334246,4.35785184778839,44.6985613851161,0.0609271795844942,0.0385992097056273,0.0389249472080761,100
"implant","B_abund","pursue","combined",0.0366666666666667,0.00520976901311875,0.0823333333333333,0.00786725662354753,0.120125099942868,0.0447273632318927,0.120360292501836,NA,NA,NA,NA,18.80741,46.95,477.74,0.16,0.1,0.06,0.0168475037865668,0.00194767414893832,0.0248653162179226,0.00223287212383065,0.00543382122938191,0.00196446003103819,0.00529203928877481,NA,NA,NA,NA,1.71875440334246,4.35960277590016,44.7080690522845,0.0506921785850339,0.0333333333333334,0.0277797979063414,100
"implant","B_abund","pursue","presence",0.04,NA,0.06,NA,NA,0.0344555910438064,0.185866915970421,0.0454793680816644,NA,NA,NA,18.80741,0,476.39,0.04,NA,0.04,0.0196946385566932,NA,0.0238683256575942,NA,NA,0.00186361088500218,0.00735000126562582,0.00444984259300911,NA,NA,NA,1.71875440334246,0,44.7489718746519,0.0196946385566932,NA,0.0196946385566932,100
"implant","B_abund","pursue03_epermcs1","single",0.036,0.00384018995217491,0.0803333333333333,0.00573430759923373,0.123388308640132,0.0450947717096319,0.075246173258833,NA,-0.0128479754516711,0.359558604925524,NA,26.31073,46.95,477.74,0.28,0.12,0.16,0.0165326599189456,0.00210661368175961,0.0253021915625419,0.00250531325034951,0.00596229265205767,0.00230253415079203,0.00379595267260227,NA,0.00397296800521967,0.0035577357875549,NA,2.0634909107526,4.35960277590016,44.7080690522845,0.120671521750644,0.0408989886516436,0.0918056797169044,100
"implant","B_abund","wilcoxon_tss","single",0.0318888888888889,0.00311354929081207,0.0857679738562092,0.00675232055168307,0.111585486079422,0.0493518295895837,0.080528114228377,NA,-0.0269095969447051,1.48220592028534,NA,0.25338,46.95,477.74,0.22,0.08,0.14,0.0161383955660968,0.0014058851774338,0.0254352314612248,0.00214526588210948,0.00609083490535166,0.00283490089826636,0.00390601224179928,NA,0.0278828388449771,0.025714303975693,NA,0.0207586505273627,4.35960277590016,44.7080690522845,0.106912595283732,0.0307482445914323,0.0899157855153837,100
"implant","B_abund","zicoseq","single",0.032,0.00522600737210902,0.0773,0.0106228311262599,0.123749470054737,0.0473550047002571,0.0766401161164818,NA,NA,NA,NA,117.71548,46.95,477.74,0.26,0.18,0.08,0.0162605055396208,0.00208133990786237,0.0226589259410854,0.00293258129335027,0.00640721449343814,0.00254362926969398,0.00370134697225599,NA,NA,NA,NA,11.1852345318469,4.35960277590016,44.7080690522845,0.07992420652017,0.0479477830456206,0.0442216638714053,100
"implant","B_allup","adapt","single",0.0269415015803359,0.10607296831027,0.0785848200508074,0.136943691697428,0.358632656901122,0.0489832144246739,0.0756757886454304,NA,0.0204280434524796,1.3100333625241,NA,0.573789999999999,49.39,478.6,5.65,5.4,0.25,0.00848236355526529,0.00773327240275854,0.0159981609485101,0.00912855182608429,0.0108911054603236,0.00215385735782463,0.00376260171281551,NA,0.0314488722508209,0.0394821210109859,NA,0.0462370053707693,4.6705805016317,44.7331368825565,0.595161466929078,0.560302948358648,0.078334945180064,100
"implant","B_allup","fastancom","single",0.00229166666666667,0.0455251865029419,0.0125148225957049,0.052939915088592,0.214864414027647,0.0422132338779244,0.124160223175744,NA,-0.191497490631353,0.479119909772035,NA,0.0488600000000007,49.39,478.6,2.46,2.44,0.02,0.0017740797633517,0.0052925663701977,0.00488222394893024,0.00542926655525287,0.0105477060616468,0.00393793987914062,0.00776040721089874,NA,0.01515448529064,0.00763223041877053,NA,0.00353998858641103,4.6705805016317,44.7331368825565,0.318589061172837,0.313442920874702,0.014070529413629,100
"implant","B_allup","ldm","single",0.0321515368689282,0.054547475015864,0.0630816177466063,0.0783306824696344,0.295899057026967,0.0506934733981247,0.0759129169782569,NA,NA,NA,NA,22.66415,49.39,478.6,2.93,2.7,0.23,0.0110094254173491,0.00607029801793384,0.0138567139401655,0.00702151774361675,0.0104105371315315,0.00225614866620239,0.00368861348609376,NA,NA,NA,NA,2.69468268806713,4.6705805016317,44.7331368825565,0.410531805876675,0.361114996094098,0.0941254267432344,100
"implant","B_allup","limma_logtss","single",0.0243426748689907,0.0786489169440488,0.0724901837928154,0.107065955139207,0.305634875813663,0.0538091530157495,0.110454322093435,NA,-0.0629530349242103,0.446997560391292,0.913939558699369,0.0360000000000002,49.39,478.6,3.83,3.69,0.14,0.0106266675784012,0.00658981808531678,0.0177833733568974,0.00862533028140264,0.0141149851075237,0.00415619460615816,0.00691033726867305,NA,0.0156592962266359,0.00662690114719669,0.00414367264396817,0.000559761854124802,4.6705805016317,44.7331368825565,0.395697823694758,0.382890389674448,0.0666969628130461,100
"implant","B_allup","linda","single",0.0336368478013215,0.103853699061514,0.0913470551779375,0.129754106785475,0.329053333073508,0.0553567116166199,0.0773046467145123,NA,-0.0564240821807828,0.4130640807087,0.901765877132702,0.291920000000002,49.39,478.6,5.28,5.03,0.25,0.0102626092093513,0.0079488135336972,0.0177340409470663,0.00910289797138492,0.0111798937033198,0.00258388372300964,0.00383565010627284,NA,0.0064931019815564,0.00575140693439009,0.00252954487931018,0.0252456164011648,4.6705805016317,44.7331368825565,0.542176682969266,0.518048981733144,0.0657128740672771,100
"implant","B_allup","lm_logtss","single",0.028991452991453,0.0817974196867566,0.0619579599329175,0.103584985778362,0.303253262773638,0.0531145325893786,0.10999854113243,NA,-0.0629530349242103,0.446997560391292,0.9148099140828,0.0342699999999991,49.39,478.6,4.02,3.86,0.16,0.0121552703896838,0.00658099555174531,0.0174970905534111,0.00764330456032352,0.0139532407536118,0.00412340198633651,0.00692494659050785,NA,0.0156592962266359,0.00662690114719669,0.00413304472189484,0.000196358258437135,4.6705805016317,44.7331368825565,0.39618891524834,0.388995079296862,0.0706678101679923,100
"implant","B_allup","logistic_presence","single",0.049604399255715,0.112241949815043,0.0992385212826389,0.157303327019324,0.359185568982228,0.0574189447865546,0.119973815293753,NA,-0.0169918271742133,0.795997340689886,NA,0.534550000000001,49.19,477.22,6.28,5.89,0.39,0.0137144147844493,0.00855490168468324,0.016730873831137,0.011722486160801,0.0109634161052418,0.00271632478932248,0.00279770009236898,NA,0.0154513676167066,0.0355876767000425,NA,0.0502055338714083,4.6808592623944,44.7781570578217,0.708402670403171,0.655034118935569,0.10239061667867,100
"implant","B_allup","pursue","abundance",0.115,0.00303714859437751,0.175,0.0063725433583437,0.124193191870531,0.0544935579007223,0.0636996955891995,0.0510555524633166,-0.0721334298128933,0.864767728720775,0.942083877482154,18.66964,33.51,478.53,0.2,0.04,0.16,0.0316666666666667,0.00174887642303142,0.0378560537837848,0.00271284486340804,0.00865508401565486,0.00231103739153162,0.003684862825824,0.00899516996782328,0.0119063807785686,0.0129243102168203,0.00230876134568745,1.70095618044141,3.20742494027136,44.7261396351917,0.0512470743190538,0.0196946385566932,0.046536615322309,100
"implant","B_allup","pursue","combined",0.0537222222222222,0.0380835157215923,0.131925477300477,0.0560445125927285,0.211891263096781,0.0470221565785085,0.120247336948859,NA,NA,NA,NA,18.66964,49.39,478.6,1.96,1.75,0.21,0.0150759404944846,0.00482281358679377,0.0237975943794179,0.00594412201245235,0.0103069095944812,0.00223315946725084,0.00567029143016501,NA,NA,NA,NA,1.70095618044141,4.6705805016317,44.7331368825565,0.245328063184501,0.219905856808285,0.0498381217928443,100
"implant","B_allup","pursue","presence",0.0341496836496837,0.0726311389221652,0.0459538750722961,0.0975171931533102,0.318203824438577,0.0343937471006129,0.195677936860614,0.0407032862008136,NA,NA,NA,18.66964,32.8,477.21,2.36,2.21,0.15,0.0124037558149998,0.00889449934108509,0.0100747032177625,0.00996239890374709,0.0125327050645583,0.00185693432733849,0.00781652325976628,0.0080816221559083,NA,NA,NA,1.70095618044141,3.10597339123675,44.7777661616147,0.301350495622823,0.277905223289008,0.0435194139889245,100
"implant","B_allup","pursue03_epermcs1","single",0.041495448995449,0.105929900095086,0.0641536642843487,0.132257176380061,0.343889545411456,0.0515362852153596,0.0729646383321522,NA,-0.072721585969717,0.337459077365217,NA,26.93701,49.39,478.59,5.87,5.54,0.33,0.0135243069779881,0.00780145375526214,0.0148971219989073,0.00935201499407086,0.00955716183139052,0.00232826061994762,0.00371126395192211,NA,0.00264750059652296,0.00513017745068764,NA,1.98107499919191,4.6705805016317,44.7337106405982,0.628394619629893,0.585587851063469,0.102548337949289,100
"implant","B_allup","wilcoxon_tss","single",0.0255221674876847,0.0870230603148158,0.0595338591369191,0.120665236058078,0.355894126003172,0.0522195542257483,0.0801986225553462,NA,-0.0412011063354067,1.53692331213362,NA,0.254600000000001,49.39,478.6,4.89,4.67,0.22,0.00984327635897163,0.00667459601481561,0.0142573086971543,0.00935533847129038,0.0110789127020191,0.00257134708073293,0.0037475789524092,NA,0.0293614727404461,0.0285955342997754,NA,0.0210776294835656,4.6705805016317,44.7331368825565,0.567627527610325,0.527248432042154,0.0823640600252221,100
"implant","B_allup","zicoseq","single",0.0561811391223156,0.070387039639991,0.10475374255947,0.0949409048520174,0.298044207047659,0.0570206505268455,0.0785893120363003,NA,NA,NA,NA,118.68239,49.39,478.6,4.14,3.8,0.34,0.0189239073661663,0.00671743093018934,0.02378160212005,0.0078586786914366,0.0132764076890472,0.00339328188007378,0.00505674635125423,NA,NA,NA,NA,11.3501283429837,4.6705805016317,44.7331368825565,0.458812696978942,0.431815523649447,0.124899959967968,100
"implant","B_conf04","adapt","single",0.0488864437935645,0.0933472295579627,0.0938608182327088,0.121121070528219,0.353015956052954,0.0530719275534752,0.0785156536830177,NA,-0.0437537104614499,1.39633844590378,NA,0.62994,47.66,476.75,4.75,4.45,0.3,0.0143613126576794,0.00784914924666053,0.018420402782929,0.00906688438348863,0.0111749283264547,0.00264843571135573,0.00411820096116759,NA,0.0372521984985075,0.0390652831339755,NA,0.0513772889730688,4.44595423850821,44.7984247896772,0.516079823126601,0.48666562889055,0.0689019212175883,100
"implant","B_conf04","fastancom","single",0.00714285714285714,0.0526998555440289,0.0270169340463458,0.0676044026900836,0.315690207100758,0.0263205928905661,0.132227876588394,NA,0.0116201182307351,0.456547961209965,NA,0.0504099999999991,47.66,476.75,2.82,2.78,0.04,0.00541990650456663,0.00582654877464876,0.0125427455995762,0.00672516792457917,0.0116248000329744,0.0028743450664143,0.00766566785944515,NA,0.0165661673561922,0.00940932948518809,NA,0.00374130898607618,4.44595423850821,44.7984247896772,0.349712724817085,0.341588682896299,0.0315268043724605,100
"implant","B_conf04","ldm","single",0.0328026695526696,0.0526548057521435,0.0811148712398712,0.0714962096906554,0.280662470150843,0.0526909721239056,0.0818092714221938,NA,NA,NA,NA,18.12099,47.66,476.75,2.24,2.07,0.17,0.012340783388135,0.00696097630298633,0.0194508069467077,0.00828051031872932,0.0109858808062047,0.00258719340509322,0.00495267193517312,NA,NA,NA,NA,2.07231139432507,4.44595423850821,44.7984247896772,0.272704376143246,0.243814385435836,0.0569511575249735,100
"implant","B_conf04","limma_logtss","single",0.0452712287712288,0.0691975315532724,0.0671665181224005,0.0979086563166696,0.314351894307771,0.0494464610572496,0.110880306518971,NA,-0.0289794203512302,0.459875179727638,0.920702003964185,0.0363099999999998,47.66,476.75,3.28,3,0.28,0.0150683807314886,0.00722036988265003,0.0163899943681279,0.00864252576965777,0.0117844793882845,0.00381066859329393,0.00544955137547853,NA,0.0164344636234747,0.00777873814417253,0.00378619212488057,0.00058958896827809,4.44595423850821,44.7984247896772,0.389270231499036,0.343775825476164,0.113778093433906,100
"implant","B_conf04","linda","single",0.0544642857142857,0.0923472423592118,0.0990518161742586,0.121491289050654,0.345493348095976,0.0503676372859483,0.076656862112798,NA,-0.00390489274868147,0.422426779683401,0.908522226156508,0.321780000000002,47.66,476.75,4.19,3.92,0.27,0.014912049038311,0.00803908180346777,0.0188324836516353,0.00930133719908967,0.0111307902918553,0.00264168108119987,0.00389954399337854,NA,0.0070561537375696,0.00719279127997117,0.00294174273998904,0.0286746732300214,4.44595423850821,44.7984247896772,0.427748392011807,0.413088881770527,0.0649086382011772,100
"implant","B_conf04","lm_logtss","single",0.0464890289449113,0.0786689155836458,0.074413132619015,0.104825960189858,0.316428803038121,0.0490333374449259,0.110376256749157,NA,-0.0289794203512302,0.459875179727638,0.921057022742876,0.0349000000000015,47.66,476.75,3.46,3.18,0.28,0.0149771410626564,0.00763104706512141,0.0168394718914273,0.00877645393655448,0.0119049821704085,0.00372698905466599,0.0055061521782504,NA,0.0164344636234747,0.00777873814417253,0.00376574969535086,0.000275424374118867,4.44595423850821,44.7984247896772,0.385185249935245,0.343593605377873,0.105485888758984,100
"implant","B_conf04","logistic_presence","single",0.06603420818088,0.118047620530211,0.117946338908437,0.148413854918917,0.32773130929466,0.0575498994422564,0.076568534325109,NA,-0.027477264759837,0.83231408128981,NA,0.534739999999998,47.43,475.39,5.69,5.25,0.44,0.0156101725530749,0.0086760798248894,0.0186155625486543,0.00947592695845706,0.0105309279503884,0.00274729967772703,0.0042121796343572,NA,0.0194722077232075,0.0389471118160917,NA,0.0494498227877245,4.44734071035033,44.8404712015358,0.572553204267666,0.53472828935296,0.0856584714863261,100
"implant","B_conf04","pursue","abundance",0.08,0.00612462952031467,0.11,0.00873942159098909,0.114871440515067,0.0513009583428705,0.0591432134837271,0.0511155213033579,-0.00918705308471463,0.970195609988364,0.944804663034532,36.93491,32.07,476.62,0.18,0.09,0.09,0.0263235501581624,0.00229401721109887,0.0306330514050402,0.00282097274392774,0.00764372622335733,0.00176032484699168,0.00306616197629198,0.0107535540817265,0.0134582673411481,0.0136926990820868,0.00172628503022098,3.43565891094306,2.99866148590846,44.7893628695768,0.0435310176190437,0.0287623491264661,0.0287623491264661,100
"implant","B_conf04","pursue","combined",0.081468253968254,0.0362910881195582,0.122146825396825,0.0450727583309771,0.186539053523608,0.053285536130834,0.0742865329246512,NA,NA,NA,NA,36.93491,47.66,476.75,1.72,1.47,0.25,0.02091358068466,0.00496257036799458,0.0242819995402366,0.00551803015220818,0.00852669892538034,0.00170034330645445,0.00361105729033877,NA,NA,NA,NA,3.43565891094306,4.44595423850821,44.7984247896772,0.222056503865775,0.192513937577559,0.0557320429022713,100
"implant","B_conf04","pursue","presence",0.0751944444444445,0.0582410866787571,0.131891053391053,0.0746848962825452,0.26245676040372,0.0480786266995472,0.0990896961191733,0.0433989408455281,NA,NA,NA,36.93491,31.52,474.93,1.96,1.7,0.26,0.019427331534784,0.00827483710858006,0.0249451514822682,0.00940668461944567,0.0128100725647756,0.0020373570402265,0.00480706351065294,0.00880906353979507,NA,NA,NA,3.43565891094306,2.95540866954816,44.8114777301936,0.253429009046444,0.221792513832003,0.0613320157961253,100
"implant","B_conf04","pursue03_epermcs1","single",0.0516502525252525,0.103536548123607,0.074528722002635,0.125894230259803,0.35795736666838,0.0480399971850281,0.0771544290292857,NA,-0.0017546954788016,0.340033916545175,NA,13.90452,47.65,476.69,4.74,4.53,0.21,0.017026481565055,0.00833108372281379,0.0186748326742107,0.00964669188110679,0.0114736710027471,0.00243669565600336,0.00382515955839641,NA,0.00344642642409579,0.00609278440933109,NA,0.795051889734058,4.44648027867963,44.8019225214294,0.465934490561656,0.454929231925809,0.0518252697615612,100
"implant","B_conf04","wilcoxon_tss","single",0,NA,0,NA,NA,NA,NA,NA,NA,NA,NA,0.0254099999999991,0,0,0,NA,0,0,NA,0,NA,NA,NA,NA,NA,NA,NA,NA,0.000162116680763679,0,0,0,NA,0,100
"implant","B_conf04","zicoseq","single",0.0590548063048063,0.0552899950937728,0.0871498223998224,0.0731152276600005,0.278889446760849,0.0551142425130738,0.0852121763803038,NA,NA,NA,NA,118.50188,47.66,476.75,3.03,2.72,0.31,0.0157249430334024,0.00726036437583188,0.0186063658979704,0.00853841129197138,0.0125482043436547,0.00291657891770269,0.00474027648952343,NA,NA,NA,NA,11.3066401544883,4.44595423850821,44.7984247896772,0.346542810042164,0.314009586162621,0.0747993950172693,100
"implant","B_conf07","adapt","single",0.0330952380952381,0.0656276908944719,0.0708380092130092,0.0883538444265317,0.314733461106467,0.0482231350443041,0.0797527721543734,NA,-0.027426116761814,1.5150502354478,NA,0.62447,46.87,474.46,2.41,2.27,0.14,0.0119964960107093,0.00740435001548406,0.0173457747277045,0.00959557208185155,0.0113499118400812,0.00290918378893859,0.00490975431798323,NA,0.0336912624329963,0.0382503643517845,NA,0.051241218917602,4.43372417962711,44.7390964539423,0.259017178947457,0.251000020121533,0.0568890467169528,100
"implant","B_conf07","fastancom","single",0.00333333333333333,0.0319696122420218,0.0108333333333333,0.04525667508121,0.281892809407899,0.025966489629887,0.125567934400285,NA,-0.0247395498229099,0.492391501041243,NA,0.0488199999999997,46.87,474.46,1.36,1.35,0.00999999999999999,0.00333333333333333,0.00420632473834158,0.005999321884613,0.0055581782817487,0.010225665322149,0.00234035434048985,0.00783967715207402,NA,0.0162794062051952,0.00734353766880762,NA,0.00348724602637744,4.43372417962711,44.7390964539423,0.186146461289236,0.185524100642456,0.00999999999999999,100
"implant","B_conf07","ldm","single",0.0216666666666667,0.0243966985187157,0.0306666666666667,0.0407881361991985,0.241014904780707,0.0479835042465525,0.0770058055069032,NA,NA,NA,NA,14.27392,46.87,474.46,0.92,0.86,0.06,0.00899089201189028,0.00407728606460293,0.0104600141847528,0.00635924358705603,0.0101036081158383,0.00268907472824672,0.00475983880672827,NA,NA,NA,NA,1.76339993513907,4.43372417962711,44.7390964539423,0.126873833775801,0.118934665028555,0.0238683256575942,100
"implant","B_conf07","limma_logtss","single",0.0231515151515151,0.0467764446333378,0.0514123970263211,0.0626290833123749,0.271562811674946,0.0521284664505268,0.114734944802859,NA,-0.0174416736825804,0.501163593879349,0.924426009621155,0.0370399999999998,46.87,474.46,1.9,1.73,0.17,0.0106337493309839,0.00608754258179921,0.0178212988875137,0.00772667924910622,0.0111819696678917,0.00495844556769566,0.00662584070499999,NA,0.0192470274183788,0.00825900606303553,0.00486157399900528,0.000596271241918862,4.43372417962711,44.7390964539423,0.310587582598929,0.248979736305807,0.0921735298009118,100
"implant","B_conf07","linda","single",0.0223525641025641,0.0700455007332682,0.0689276556776557,0.0924534300496592,0.297088842389039,0.0529184919629968,0.0768732664391841,NA,-0.00290767950708882,0.457648636417713,0.909588316145797,0.323479999999999,46.87,474.46,2.61,2.51,0.1,0.00844484716484313,0.00870348767523181,0.0167073144816596,0.00974842416166381,0.0110956040244339,0.00281265959070882,0.00381545401566066,NA,0.00810053202122227,0.00667749397510033,0.002933395319478,0.0286857036155503,4.43372417962711,44.7390964539423,0.284940185110681,0.274688069186733,0.0333333333333333,100
"implant","B_conf07","lm_logtss","single",0.0211860465116279,0.0537049723539985,0.0506114232209738,0.0730282764969833,0.274238029289647,0.0511371251418181,0.114264104746783,NA,-0.0174416736825804,0.501163593879349,0.925520971441189,0.0346800000000015,46.87,474.46,2.3,2.03,0.27,0.00964179138651079,0.00629325136377831,0.0165463021978406,0.00804677286820371,0.0110820704170411,0.0049802443375366,0.00659171432617614,NA,0.0192470274183788,0.00825900606303553,0.00490251780294981,0.000179156271721117,4.43372417962711,44.7390964539423,0.464170814953445,0.306974483195808,0.185240766069841,100
"implant","B_conf07","logistic_presence","single",0.0548106060606061,0.0766814196905132,0.122336725619434,0.111592365391394,0.315984879796846,0.0551562058770891,0.0786353306141545,NA,-0.0209801916666665,0.874893914468792,NA,0.538610000000001,46.69,473.01,3.36,3.11,0.25,0.0163753706767761,0.00750576627133158,0.0203391748029017,0.0100176953232229,0.0112861305717969,0.00271958599887373,0.00429610180072517,NA,0.0182397348264411,0.0357185717676548,NA,0.0503783661581804,4.44135057718876,44.7893013357142,0.351768978367073,0.320950293517689,0.0575159178669767,100
"implant","B_conf07","pursue","abundance",0.06,0.00188034188034188,0.1,0.00722977214356524,0.101558553189866,0.0511121397060018,0.0627786211007209,0.0381337342242564,-0.0267566556594811,1.11916377641463,0.945497118493093,36.58086,30.56,474.36,0.08,0.02,0.06,0.0238683256575942,0.00134499709800154,0.0301511344577764,0.00320006595163387,0.00762696236637827,0.00180440884901301,0.00328200313627957,0.00616300568545376,0.0128055123195591,0.0200698066630741,0.00169525007777948,3.41059509402063,2.93341322205262,44.7356828177655,0.0272659924344291,0.014070529413629,0.0238683256575942,100
"implant","B_conf07","pursue","combined",0.0290238095238095,0.0196311019587273,0.0675793650793651,0.0238545086402441,0.162796961386961,0.0531631619325047,0.0790796421735468,NA,NA,NA,NA,36.58086,46.87,474.46,0.73,0.65,0.08,0.0126015740693716,0.00353149842725541,0.0214856109801654,0.00387513832020394,0.0079601253102248,0.00195263115188455,0.00416703079970063,NA,NA,NA,NA,3.41059509402063,4.43372417962711,44.7390964539423,0.126215304263402,0.107661084384791,0.0307482445914323,100
"implant","B_conf07","pursue","presence",0.0197222222222222,0.0299847038128348,0.08675,0.0408333880897913,0.227154225351906,0.0500003264204464,0.112650240224871,0.0515194209416993,NA,NA,NA,36.58086,31.78,472.43,0.81,0.75,0.06,0.0110639783153085,0.00515163031222945,0.024041121418929,0.00598509859866992,0.0114194016424593,0.00186916548861937,0.00519421792356638,0.00964258993515994,NA,NA,NA,3.41059509402063,3.00688032567465,44.7333406832853,0.142626870688606,0.125025249975008,0.0277797979063414,100
"implant","B_conf07","pursue03_epermcs1","single",0.0196987734487734,0.0724679061186152,0.0564271700521701,0.0929268154194958,0.319479203472436,0.045227196492772,0.0719112626745194,NA,-0.00339790584705711,0.355568090972779,NA,13.67152,46.86,474.36,2.97,2.87,0.1,0.0107442215503087,0.00702422159022783,0.0180892696061117,0.00851798970071525,0.0114060050528812,0.00218495787791382,0.00381393380169621,NA,0.00286570420021005,0.00529211135078698,NA,0.741153506568639,4.43430201310582,44.7449032592179,0.305985739418151,0.297346853884738,0.0414387707005374,100
"implant","B_conf07","wilcoxon_tss","single",0,NA,0,NA,NA,NA,NA,NA,NA,NA,NA,0.0261499999999989,0,0,0,NA,0,0,NA,0,NA,NA,NA,NA,NA,NA,NA,NA,0.000252812462932798,0,0,0,NA,0,100
"implant","B_conf07","zicoseq","single",0.0749126984126984,0.031307969793175,0.141227426168603,0.0463828145290185,0.237158323055635,0.0629197590072552,0.10048228873867,NA,NA,NA,NA,115.90189,46.87,474.46,1.73,1.37,0.36,0.02108386967645,0.00530549837740807,0.0268654762942141,0.00601017099009354,0.0108127698218007,0.00398989959320165,0.00674135530573207,NA,NA,NA,NA,11.0194835743071,4.43372417962711,44.7390964539423,0.230876677912777,0.181272159913198,0.120201850437025,100
"implant","B_cont","adapt","single",0,NA,0,NA,NA,NA,NA,NA,NA,NA,NA,0.0219900000000018,0,0,0,NA,0,0,NA,0,NA,NA,NA,NA,NA,NA,NA,NA,0.000141774468787685,0,0,0,NA,0,100
"implant","B_cont","fastancom","single",0,0.0209539601353724,0.012,0.031187816773225,0.284537980078486,0.0328441644052531,0.135262713448116,NA,-0.00814721907578521,0.311980920833046,NA,0.0488400000000016,46.87,476.15,0.71,0.71,0,0,0.00431947355716456,0.0101782100388997,0.00513565290144881,0.0128005250763503,0.00457462636422109,0.0084267565288002,NA,0.0105680872645708,0.00491815565343177,NA,0.00343531040457168,4.396409347583,44.6332651571209,0.133556631199554,0.133556631199554,0,100
"implant","B_cont","ldm","single",0.063224025974026,0.0696522956980135,0.0835590286619698,0.0972587488558221,0.343801141155733,0.0430129555553429,0.0808051949961924,NA,NA,NA,NA,21.42723,46.87,476.15,2.87,2.57,0.3,0.016479354305494,0.0079221126494556,0.019178125195733,0.00940279856392879,0.012466356812892,0.00244571308280603,0.00407482451638297,NA,NA,NA,NA,3.00760509180536,4.396409347583,44.6332651571209,0.347474292341727,0.309856597656257,0.078495962709022,100
"implant","B_cont","limma_logtss","single",0.0374285714285714,0.0386952528621543,0.0657619047619048,0.0574106718682428,0.298620504892422,0.0430696966923397,0.112814631679337,NA,-0.00109753954453415,0.306597244893479,0.877319075750162,0.0357699999999984,46.87,476.15,1.18,1.05,0.13,0.0166373025183035,0.00630203944040463,0.0198016279311454,0.0087419510132698,0.0123647667642004,0.00508279224550682,0.00674143324200958,NA,0.00815391911447223,0.00345984172426053,0.0048417398176681,0.000492746374820567,4.396409347583,44.6332651571209,0.199180137746532,0.171961353421945,0.069128777501037,100
"implant","B_cont","linda","single",0.0362222222222222,0.0480146725622361,0.0819526087947141,0.0639282336840373,0.28668106662238,0.0483983336957088,0.0753247064617888,NA,0.00287679680419372,0.300953765372028,0.866864315133094,0.286190000000002,46.87,476.15,1.5,1.38,0.12,0.0157415289959098,0.00758518786014055,0.0211835366565584,0.008062749112906,0.0123190453704708,0.00289499068125086,0.00355880480728735,NA,0.00389567950078622,0.00287726144477689,0.00291152652900187,0.0243265606805705,4.396409347583,44.6332651571209,0.206705763652765,0.190045183356937,0.0455715665384423,100
"implant","B_cont","lm_logtss","single",0.0374285714285714,0.0426428562175507,0.0569735372154727,0.0616541198602173,0.297254644347664,0.0436756162421003,0.111530879683465,NA,-0.00109753954453415,0.306597244893479,0.876739803410114,0.0343100000000014,46.87,476.15,1.34,1.16,0.18,0.0150430975726577,0.00632077612611863,0.0178322934424146,0.00893926013049082,0.01197699685333,0.00502162147342091,0.00668847610764882,NA,0.00815391911447223,0.00345984172426053,0.00482724451487134,0.000172734981221043,4.396409347583,44.6332651571209,0.221664957842582,0.173915107585467,0.0978351530469349,100
"implant","B_cont","logistic_presence","single",0.04,0.00167505161332677,0.0466666666666667,0.00245156676484192,0.115784866839089,0.0499378534644234,0.0770350548691022,NA,0.00161936734202449,0.371643621854098,NA,0.515789999999999,46.75,474.67,0.11,0.05,0.06,0.0169371983181601,0.00088436378963588,0.0180534186769688,0.00108050509302008,0.00702944022161603,0.00281220848267589,0.00413287228174555,NA,0.00726963668129974,0.00280835783793892,NA,0.0477296263479314,4.39814871522236,44.685030270808,0.0423906793643331,0.021904291355759,0.0238683256575942,100
"implant","B_cont","pursue","abundance",0.0643905538905539,0.0735361027227626,0.115741272616273,0.110266423544521,0.36513540318552,0.0499800965163023,0.0633286067331404,NA,-0.00552537614379817,0.471891241234846,0.937059712855588,19.68401,46.87,476.15,3.21,2.84,0.37,0.017294110058368,0.00693658129701096,0.0197555763565186,0.00830990663556009,0.0109343725537345,0.00257752947737598,0.00346500370097866,NA,0.00761457495482617,0.00681685817672148,0.00249093269404485,1.82676526887686,4.396409347583,44.6332651571209,0.390621106041198,0.339256465664178,0.0906263279247886,100
"implant","B_cont","pursue","combined",0.103824175824176,0.0565688044663601,0.141842046842047,0.0794182224725454,0.289499003573687,0.0538598612597188,0.149919513199136,NA,NA,NA,NA,19.68401,46.87,476.15,2.32,2.02,0.3,0.0245497194579751,0.0069051113814751,0.0238098290843669,0.0071950198619243,0.0089231184132455,0.00208697129035866,0.00643329919095634,NA,NA,NA,NA,1.82676526887686,4.396409347583,44.6332651571209,0.281367511926442,0.262074089300771,0.0627645914460848,100
"implant","B_cont","pursue","presence",0.13,NA,0.17,NA,NA,0.0518974670602739,0.165751081940105,0.0519762148282841,NA,NA,NA,19.68401,0,474.59,0.16,NA,0.16,0.0337997668989631,NA,0.0377525168068637,NA,NA,0.00193627953485425,0.00692994639501513,0.00475730348583063,NA,NA,NA,1.82676526887686,0,44.6745698458205,0.0506921785850339,NA,0.0506921785850339,100
"implant","B_cont","pursue03_epermcs1","single",0.025,0.0343778349724372,0.0465,0.0443301035694596,0.294133283881155,0.0318364075761725,0.0795454131519701,NA,0.00111140239679816,0.292877142237938,NA,1.03902,46.87,476.15,0.96,0.89,0.07,0.013268994601434,0.00563529738739003,0.0164314974285397,0.00620070569018907,0.0119932922856115,0.00195462552593729,0.00341962355158436,NA,0.00293522099394366,0.00225090411692407,NA,0.0525611389649514,4.396409347583,44.6332651571209,0.128644840353179,0.117116017760858,0.0382838943376528,100
"implant","B_cont","wilcoxon_tss","single",0,NA,0,NA,NA,NA,NA,NA,NA,NA,NA,0.0271400000000009,0,0,0,NA,0,0,NA,0,NA,NA,NA,NA,NA,NA,NA,NA,0.000242886680149084,0,0,0,NA,0,100
"implant","B_cont","zicoseq","single",0.0556795426795427,0.0636646362482316,0.0781809163059163,0.0866091687535681,0.285389008711475,0.0562038263275146,0.0983394651806922,NA,NA,NA,NA,116.64602,46.87,476.15,2.95,2.56,0.39,0.0189493164695392,0.00743313941076734,0.0208617944848879,0.00907472067795336,0.0137257938404741,0.00401896002183334,0.00637072851330399,NA,NA,NA,NA,10.9191276453918,4.396409347583,44.6332651571209,0.348843688766071,0.313442920874702,0.14967641866049,100
"implant","B_da05","adapt","single",0.0482777777777778,0.091288315419855,0.0886439181733299,0.112576364652064,0.36977878071584,0.0467963216864311,0.069835470197005,NA,0.00731753639901036,1.2273720474187,NA,0.54489,24.28,476.66,2.74,2.49,0.25,0.0140611754292015,0.009002677150885,0.0197556060443748,0.01057759625236,0.0134198384678366,0.00233139813044622,0.00365942624857651,NA,0.0288260746469365,0.0301574798357597,NA,0.0437127651535995,2.2704549448438,45.0002294494711,0.331394360576975,0.289372361562682,0.0715979233376404,100
"implant","B_da05","fastancom","single",0.00125,0.058318143505546,0.0242998994469583,0.0680879342255161,0.312281185796807,0.0246679191202715,0.117260099828004,NA,-0.0287796969840415,0.396251025834975,NA,0.0479699999999998,24.28,476.66,1.54,1.53,0.01,0.00125,0.0075577730035547,0.0116909957757927,0.00787666528865272,0.013567304069985,0.00235617659111914,0.00582432271284976,NA,0.0128137170330173,0.00639550714156239,NA,0.00338942070673927,2.2704549448438,45.0002294494711,0.20617732879512,0.203233954850169,0.01,100
"implant","B_da05","ldm","single",0.0557738095238095,0.0544854432468607,0.0946594516594517,0.0742417065572227,0.320584560022664,0.0460906495682721,0.0741892238293132,NA,NA,NA,NA,10.57607,24.28,476.66,1.45,1.3,0.15,0.0193034346866807,0.00711846631604338,0.0221197844952113,0.00856475290705723,0.0125283872322246,0.0021609584196443,0.00384522840141848,NA,NA,NA,NA,1.25907819160558,2.2704549448438,45.0002294494711,0.21806078292647,0.186135608217409,0.0519809599951771,100
"implant","B_da05","limma_logtss","single",0.0243203185703186,0.0700272337829163,0.0654662337662338,0.0860863892521116,0.331282961690161,0.0522711495123483,0.114889850101449,NA,-0.0136786420037607,0.408162291356613,0.929770496774688,0.0366199999999996,24.28,476.66,1.84,1.72,0.12,0.00881198844605524,0.00865229888000005,0.0173007914728025,0.00922121442810347,0.0129009584581359,0.00441576486009873,0.00661758209837804,NA,0.0164976675735383,0.00675456430183309,0.00422297339569359,0.000598614562084323,2.2704549448438,45.0002294494711,0.248924961310907,0.222056503865775,0.0432983541805861,100
"implant","B_da05","linda","single",0.0543285048285048,0.0927860114732687,0.103561725168536,0.114032216492732,0.355308173417645,0.0515722054869998,0.0731701727865378,NA,-0.0018378430802556,0.367325365413085,0.923340715699384,0.2884,24.28,476.66,2.75,2.36,0.39,0.0147496414476383,0.00955467148931811,0.0202608735327768,0.0103947318370124,0.014170361053182,0.0027177524616787,0.00398741725316381,NA,0.00604435572876477,0.00531191689611221,0.00293768313039695,0.0248875937613969,2.2704549448438,45.0002294494711,0.372644114891992,0.269125031961508,0.178600055425467,100
"implant","B_da05","lm_logtss","single",0.0269166666666667,0.0775569027877902,0.0737584415584416,0.0976174271518674,0.329624515673738,0.0521867127042807,0.114800530024387,NA,-0.0136786420037607,0.408162291356613,0.929926172483293,0.0343400000000011,24.28,476.66,2.07,1.95,0.12,0.0121154976533963,0.00869981430945416,0.0176334338064142,0.0100649557747952,0.0131254197655365,0.00431896443239163,0.00666261930016855,NA,0.0164976675735383,0.00675456430183309,0.00414975622678957,0.000202120076322296,2.2704549448438,45.0002294494711,0.267519469696444,0.237144204519895,0.0498077110577076,100
"implant","B_da05","logistic_presence","single",0.0615750360750361,0.103670999379979,0.114662484574249,0.127950457255696,0.35249114647661,0.0527035573300635,0.12121800947509,NA,0.00725040659939709,0.715536089730576,NA,0.501069999999999,24.21,475.33,3.11,2.79,0.32,0.0171893124211841,0.00966202545422173,0.0214835774851952,0.0111445439636959,0.0138416657625341,0.00226016700068485,0.00223413007571807,NA,0.0140571934768509,0.0308349345865717,NA,0.0468586446322091,2.27046450994264,45.0413144913768,0.393609302263403,0.333725526852123,0.0952190457139047,100
"implant","B_da05","pursue","abundance",0.0566666666666667,0.005,0.1175,0.00571428571428571,0.118498930336345,0.0530889364608658,0.0626611682277498,0.101112547543707,-0.0214937027489233,0.846175942735177,0.945475650602198,18.5814,16.24,476.61,0.11,0.02,0.09,0.0227488113427585,0.00351763235340724,0.0320698023414898,0.00354721630791308,0.0106176051452388,0.00205340095620748,0.00353440419212039,0.0220582991394858,0.010826269386884,0.0116900081637657,0.00204469571772301,1.71533143000048,1.48256670689856,44.9963587640178,0.0447100648511037,0.014070529413629,0.0378593889720018,100
"implant","B_da05","pursue","combined",0.0480952380952381,0.0454968089137013,0.0874007936507937,0.055328815366918,0.217094914518213,0.0448009295149253,0.112959381137024,NA,NA,NA,NA,18.5814,24.28,476.66,0.92,0.8,0.12,0.0182272217626273,0.00734907887576965,0.0238997471343902,0.00782778013206709,0.0127455983830377,0.00197291399121137,0.00497997888794485,NA,NA,NA,NA,1.71533143000048,2.2704549448438,45.0002294494711,0.133847493495962,0.123091490979333,0.0432983541805861,100
"implant","B_da05","pursue","presence",0.0370833333333333,0.0760869863797364,0.0717142857142857,0.0838167008517931,0.308570567504764,0.0347521060331249,0.179789267801047,0.0315805663503873,NA,NA,NA,18.5814,16.56,475.33,1.05,0.97,0.08,0.0164003875943085,0.0113240028339759,0.0223857946109111,0.0116529479195,0.0172431808111559,0.0016123930774311,0.00710108018148683,0.00859068536182958,NA,NA,NA,1.71533143000048,1.60380355984948,45.0413144913768,0.149325080940811,0.13886626078295,0.0307482445914323,100
"implant","B_da05","pursue03_epermcs1","single",0.0397273391812865,0.09753794481193,0.0845329237755708,0.119195315107251,0.361615504703394,0.0491544451863875,0.0694584007220353,NA,0.00282685542052539,0.285277140830441,NA,26.44788,24.28,476.66,2.97,2.71,0.26,0.0136557047093203,0.0101465155106842,0.0180060652514117,0.0110085217576836,0.013969497260062,0.00215602643818396,0.00347165458441419,NA,0.00271981638412977,0.00450436153609603,NA,1.98631500534548,2.2704549448438,45.0002294494711,0.384932107354956,0.326380517838063,0.09387289924212,100
"implant","B_da05","wilcoxon_tss","single",0.0193001165501166,0.0845159976541223,0.0452794339079505,0.106436235434973,0.365136392759393,0.0462356788582813,0.075091654073202,NA,-0.0462203677608274,1.49913316383251,NA,0.253229999999999,24.28,476.66,2.28,2.16,0.12,0.00721759763138065,0.00896426716203597,0.0113431226128839,0.0103882465606879,0.0135739988698407,0.00204692272581661,0.00353907493829881,NA,0.0298721315067973,0.027432644530441,NA,0.0211004133953469,2.2704549448438,45.0002294494711,0.285005759289673,0.261588002072501,0.0432983541805861,100
"implant","B_da05","zicoseq","single",0.0391637806637807,0.0682342854966272,0.0934812132312132,0.0871853630860692,0.307411815100012,0.0527434879862795,0.0750513370836732,NA,NA,NA,NA,117.67514,24.28,476.66,2.16,1.86,0.3,0.0127931087863319,0.00798109288431081,0.0216310998972847,0.00893275393783624,0.0136031651419147,0.00250181870419728,0.00383902711008772,NA,NA,NA,NA,11.2822282211425,2.2704549448438,45.0002294494711,0.298724561488277,0.228751552404072,0.115031835733953,100
"implant","B_graded","adapt","single",0.0559624555183379,0.117849077219072,0.0997942796629409,0.147933284859573,0.38475929768552,0.0466374705071315,0.0755539548062288,NA,-0.0726780404349796,1.28497014132041,NA,0.569730000000001,47.82,478.65,6.69,6.19,0.5,0.0142473364588699,0.00857393535930354,0.0183985366805462,0.0102987723394549,0.0118156515226163,0.00271231409671883,0.00388974682698651,NA,0.0325600369260544,0.0359647480086082,NA,0.0458149458543427,4.49822366736206,45.1950886198217,0.693213130605909,0.638763799787677,0.115031835733953,100
"implant","B_graded","fastancom","single",0.00878490790255497,0.0616211688921509,0.0169397357028936,0.0772259886437236,0.328988577542377,0.0242987589730629,0.129588526503798,NA,-0.0277733874604067,0.458934159906981,NA,0.0500899999999997,47.82,478.65,3.87,3.78,0.09,0.00339391239996855,0.00546761843269021,0.00457514151891005,0.00662176172302169,0.0110782924533302,0.00247627114462594,0.00726686657201132,NA,0.0155320383752455,0.00755534532812237,NA,0.00375158135007884,4.49822366736206,45.1950886198217,0.440535716113594,0.425115551730623,0.0378593889720018,100
"implant","B_graded","ldm","single",0.0886217018275842,0.0922257834309973,0.132372361194953,0.125567400050535,0.333535483542897,0.0524165698229759,0.0810035829845779,NA,NA,NA,NA,22.93491,47.82,478.65,5.1,4.42,0.68,0.0183973608535804,0.00814267129497699,0.0229808763886709,0.0103028660634613,0.0107687494080337,0.00399462232738811,0.00608510724537496,NA,NA,NA,NA,2.78208152601482,4.49822366736206,45.1950886198217,0.509208139460603,0.453311051145799,0.14694189052792,100
"implant","B_graded","limma_logtss","single",0.0792037834288474,0.104411431192617,0.125857382941583,0.132543425197804,0.338074098725678,0.0596253800704274,0.123843973303679,NA,-0.000919013291925139,0.467740899396771,0.906461481003954,0.0359800000000004,47.82,478.65,5.99,4.78,1.21,0.0186601698428945,0.0105379458949316,0.0231885601863782,0.0135864733727416,0.0114083682062044,0.00738436326180852,0.00908050524405929,NA,0.0187555514684243,0.00879730315643081,0.00684891999362495,0.000511875142604145,4.49822366736206,45.1950886198217,0.847276683131182,0.520213631330651,0.465647154750539,100
"implant","B_graded","linda","single",0.0674523051382891,0.120566893280255,0.100979764221358,0.146216953296903,0.375700589254326,0.0513331017840669,0.0724967853693875,NA,-0.020868790531448,0.430434500812706,0.905512468302222,0.292560000000001,47.82,478.65,6.48,5.97,0.51,0.0157577258607132,0.00853871523512126,0.0173271262037438,0.00957266362655058,0.0110118157320288,0.002565566877726,0.0039819774698675,NA,0.00646107554093089,0.00586012607589025,0.00267080321696043,0.0251510399809077,4.49822366736206,45.1950886198217,0.635241145653612,0.599739842588333,0.102980825909732,100
"implant","B_graded","lm_logtss","single",0.0773629629369066,0.106363736975694,0.115915257609143,0.132329941681519,0.339725868437584,0.0601210962500034,0.12382548723374,NA,-0.000919013291925139,0.467740899396771,0.905938171514036,0.0347099999999977,47.82,478.65,6.22,4.98,1.24,0.0186780172252413,0.0105409638691765,0.0222658735369486,0.0127309839965761,0.0112996523599004,0.00730431705349472,0.00911580465987528,NA,0.0187555514684243,0.00879730315643081,0.00680757414797871,0.000219409215942158,4.49822366736206,45.1950886198217,0.881525308024034,0.534275682630704,0.506547035318438,100
"implant","B_graded","logistic_presence","single",0.0675231362797724,0.139489490195685,0.134501537595836,0.167567006776951,0.364807626720529,0.0567352432602297,0.122515908111288,NA,-0.059421999608299,0.808928601609941,NA,0.532730000000001,47.65,477.28,7.22,6.67,0.55,0.0154943236674115,0.00891721106972335,0.0208583418710454,0.0101136523748082,0.0110958971975402,0.00308938111563833,0.00278327504908816,NA,0.0178744305270468,0.0390515810459344,NA,0.050109572574872,4.49970537756068,45.2360723138497,0.696104601451259,0.6462096166778,0.10480862791225,100
"implant","B_graded","pursue","abundance",0.0833333333333333,0.0161111104326914,0.1275,0.0208502809151658,0.180532823542216,0.0497955133521446,0.0612064926212692,0.0449167348506673,0.0181966271653365,0.862045397452367,0.94473013366891,18.75486,31.92,478.5,0.43,0.29,0.14,0.0255687273916104,0.00419029005827733,0.0296693100248605,0.00439375119635275,0.0107058402239005,0.00182109855870889,0.00332829955231405,0.00710467084777846,0.0110967125438001,0.013035278993429,0.00199426627428085,1.7300406486157,2.98124372392029,45.182716593714,0.0831877516236737,0.0607944043145387,0.042687494916219,100
"implant","B_graded","pursue","combined",0.0719166666666667,0.0476292376331267,0.110095598845599,0.0636133626766341,0.228126287358482,0.0423520311844931,0.117642346476752,NA,NA,NA,NA,18.75486,47.82,478.65,2.15,1.97,0.18,0.020123306406212,0.00552700736504041,0.023750029833433,0.00637372247682878,0.00995807285916723,0.00171202062098243,0.00486427397030756,NA,NA,NA,NA,1.7300406486157,4.49822366736206,45.1950886198217,0.228908256511184,0.218560487894511,0.0411452219939241,100
"implant","B_graded","pursue","presence",0.0345757575757576,0.0646884214894965,0.0761190476190476,0.0791626801388556,0.285859122438852,0.0342056314273195,0.188807034800416,0.0359778224096657,NA,NA,NA,18.75486,31.77,477.28,2.01,1.93,0.08,0.0140579390539237,0.00745258496783573,0.020717712006472,0.00809770520394826,0.0120046333410415,0.00162851009796473,0.00712625029873315,0.00740639021977272,NA,NA,NA,1.7300406486157,2.99460305796068,45.2360723138497,0.229841842855631,0.224847872252698,0.0272659924344291,100
"implant","B_graded","pursue03_epermcs1","single",0.0648368363662481,0.13044466214691,0.0893453479854074,0.161261583993549,0.397160185353169,0.0468791296586876,0.0738453396067115,NA,-0.00596527867559983,0.363743406039362,NA,26.33436,47.82,478.65,7.09,6.66,0.43,0.0172345912693302,0.00863769989063865,0.0159183828578419,0.0102965632945802,0.0111060557690334,0.00234175507045726,0.0036592045607819,NA,0.00369381947763171,0.00569555953892837,NA,1.98800330475103,4.49822366736206,45.1950886198217,0.707691509576929,0.672432640913316,0.0966666666666667,100
"implant","B_graded","wilcoxon_tss","single",0.0495670289855072,0.11659982148781,0.0934666678488915,0.145848941637836,0.374982669166441,0.0538593656553133,0.081070238807788,NA,-0.0591156417607118,1.58721182833324,NA,0.253699999999999,47.82,478.65,6.24,5.84,0.4,0.0146865483136777,0.00855336832184729,0.0180311173554723,0.00980083475036265,0.0111596099624126,0.00386591082098801,0.00467995274081577,NA,0.0399576760442069,0.0392118788137559,NA,0.0210528987423241,4.49822366736206,45.1950886198217,0.626698903103807,0.589935795171171,0.103474976236145,100
"implant","B_graded","zicoseq","single",0.0827735042735043,0.0917272405156516,0.130853401067158,0.123092799431965,0.330719796761577,0.0598475551564614,0.0833938177004611,NA,NA,NA,NA,119.27255,47.82,478.65,5.58,4.95,0.63,0.01952378365851,0.00721686322997538,0.0237878094008897,0.00896200962392149,0.0106207307509218,0.00388766307350505,0.00550038753561347,NA,NA,NA,NA,11.464159828254,4.49822366736206,45.1950886198217,0.561955460329321,0.519785309215995,0.148837244171361,100
"implant","B_large","adapt","single",0.0456648825013816,0.303677117188432,0.0908571594362091,0.362548192911863,0.557790050712037,0.0521637083792095,0.0774752430429156,NA,-0.0104772838055177,1.38819668923223,NA,0.565120000000002,46.97,472.55,16.52,15.65,0.87,0.00955189865481996,0.012835286482491,0.0122752051673133,0.0137651241338489,0.0126248316238375,0.00308205323708961,0.00446374524710711,NA,0.0305973521062592,0.0410334341019819,NA,0.0446508006194694,4.3266488069856,44.2756114890271,1.69339059793413,1.59052592788446,0.271417900602884,100
"implant","B_large","fastancom","single",0.00759065934065934,0.175495275109794,0.0157359240007275,0.204886875650254,0.496480175260826,0.0230638108897584,0.135091934351844,NA,-0.0131095474706528,0.538166609815478,NA,0.0475599999999996,46.97,472.55,9.35,9.15,0.2,0.00334867151666259,0.0103831575520862,0.00583627914298164,0.0113412911526931,0.0124689430972843,0.00233086946662381,0.00728516907555762,NA,0.0160112459310856,0.0097069712853317,NA,0.00329144345234702,4.3266488069856,44.2756114890271,0.957835839248822,0.923145150936173,0.104446593573419,100
"implant","B_large","ldm","single",0.0927834038758021,0.288169248470274,0.138398762171757,0.355316269450114,0.530816530710022,0.0612717901876549,0.091167299439658,NA,NA,NA,NA,41.96787,46.97,472.55,16,14.16,1.84,0.0187787592984772,0.0122348288450829,0.0203876004616869,0.0150701457977835,0.013754162172903,0.00632210476057974,0.00818958156985163,NA,NA,NA,NA,4.35110485434052,4.3266488069856,44.2756114890271,1.50842750417563,1.38620330253524,0.575022177877084,100
"implant","B_large","limma_logtss","single",0.0600442554005323,0.251515549874966,0.088986052192563,0.29302102384587,0.506676770018185,0.0600739961443283,0.120241044747075,NA,-0.0491564778878739,0.545801443672883,0.888843840570849,0.0354899999999979,46.97,472.55,13.8,11.45,2.35,0.0169786233793882,0.0138673221719369,0.0186883159607098,0.0158490527273765,0.0115016254070694,0.0078169797240507,0.00885773051226607,NA,0.0181579402894581,0.0103272788127351,0.00719345126220504,0.000469793636191361,4.3266488069856,44.2756114890271,2.02349832086549,1.12495791167061,1.43810867658066,100
"implant","B_large","linda","single",0.0598268760460089,0.305201556958737,0.10789290383795,0.363704965691129,0.553045894091984,0.0567181425602785,0.0785774499209629,NA,-0.0158684879678854,0.520152491837847,0.886352761740037,0.289199999999998,46.97,472.55,15.88,14.73,1.15,0.0128046716565239,0.0118385843191995,0.0161219952262952,0.0128603269239654,0.0115506087775753,0.00352485236451615,0.0046092667928368,NA,0.00770106813615838,0.00797094397868067,0.00369779186318198,0.0247124513661684,4.3266488069856,44.2756114890271,1.51832443532635,1.41755622695033,0.340342964277702,100
"implant","B_large","lm_logtss","single",0.0581377788339803,0.252789905779378,0.0926604738474219,0.292833055136432,0.500467879620105,0.0611831322814137,0.120011332247616,NA,-0.0491564778878739,0.545801443672883,0.888017809315144,0.0343199999999998,46.97,472.55,13.79,11.56,2.23,0.016625793094575,0.0137696866522697,0.0196509965062187,0.015262502441038,0.0118686889400685,0.0078598208591697,0.00884473188367987,NA,0.0181579402894581,0.0103272788127351,0.00726650582334913,0.000198417985499488,4.3266488069856,44.2756114890271,1.93794095666384,1.13789811547964,1.31601287949241,100
"implant","B_large","logistic_presence","single",0.068026263939239,0.308921564018976,0.127526384984869,0.369563157031082,0.53056407876599,0.0612238783973139,0.12591816693427,NA,-0.0664693115275916,1.07631564495382,NA,0.52701,46.87,471.17,16.83,15.6,1.23,0.0129454166645633,0.0132095393351305,0.0162593047569633,0.0144253901861281,0.0116122674827986,0.00406733568559223,0.00398657939916797,NA,0.0221860550720772,0.0529984647795412,NA,0.0483292171601521,4.33006065229175,44.3175958738784,1.63818420049379,1.55939641262803,0.245712733643878,100
"implant","B_large","pursue","abundance",0.0951666666666667,0.0775493301974788,0.132198412698413,0.105366334497435,0.300089829833062,0.0524222018560579,0.0603568983672554,0.0952776918127336,0.0372429773689705,0.888080618066658,0.936474585598415,18.51515,30.93,472.21,1.92,1.63,0.29,0.0239882769254921,0.00829614183085551,0.0244612717303222,0.00927096960976229,0.0121490651348182,0.00185340218962161,0.00345936532349629,0.0186391053558549,0.0123579610249574,0.0133119446930846,0.00204600472881159,1.70144328551178,2.8905717514888,44.2588604266154,0.221418749491236,0.193142539084585,0.071484970518991,100
"implant","B_large","pursue","combined",0.0530601012334758,0.147706571917535,0.0775300033411407,0.174486353879834,0.355788170003472,0.0468205348954827,0.118601586350821,NA,NA,NA,NA,18.51515,46.97,472.55,6.74,6.33,0.41,0.01145599812895,0.00824526849155398,0.0140110966353927,0.00864434722002829,0.0104677953820531,0.00207772831700999,0.00535397958904241,NA,NA,NA,NA,1.70144328551178,4.3266488069856,44.2756114890271,0.617197969320487,0.578233988498208,0.0739847104051733,100
"implant","B_large","pursue","presence",0.0240110069668893,0.15026533421093,0.0679459592694887,0.175578901963533,0.387008654656378,0.0370069651830893,0.191098253885018,0.0463658886612763,NA,NA,NA,18.51515,31.57,471.17,5.03,4.84,0.19,0.00719086237943257,0.0114127248574358,0.0145609484469333,0.0131393373545775,0.0137955073412497,0.00185281319255565,0.00785011672029398,0.00870394340452502,NA,NA,NA,1.70144328551178,2.97542985605153,44.3175958738784,0.502409346564285,0.478786344454772,0.0464823198711732,100
"implant","B_large","pursue03_epermcs1","single",0.0625983382459043,0.323130284337342,0.108882550962815,0.386989815092259,0.578715780606547,0.0518856224647519,0.0765172248579361,NA,-0.0124948085270455,0.48260330941097,NA,27.43141,46.97,472.55,17.32,16.25,1.07,0.0114788397258942,0.0121001001434026,0.016020656727468,0.0118901593468251,0.0125014829174808,0.00318912400457463,0.00433471883590927,NA,0.0051008679453051,0.00670064278377457,NA,2.05843974756674,4.3266488069856,44.2756114890271,1.70518401507067,1.61878960893002,0.225744559315626,100
"implant","B_large","wilcoxon_tss","single",0.0588624285355253,0.298116005826178,0.0962279586866572,0.35372635484204,0.554663748273048,0.0593984514555733,0.0895956142080267,NA,-0.121990423963583,1.73570343319611,NA,0.251239999999998,46.97,472.55,15.94,14.74,1.2,0.0133139463499044,0.0125741979359084,0.0162990222533038,0.0139363464521158,0.0117897143923619,0.00500866901161951,0.00613269314004968,NA,0.0645131047028735,0.0670415870198285,NA,0.0207209849225754,4.3266488069856,44.2756114890271,1.52843882851924,1.45008672676896,0.347283832917774,100
"implant","B_large","zicoseq","single",0.0626960985059725,0.244423437730305,0.102922259416117,0.306976991911159,0.537420979450686,0.0561098784883051,0.0783062666448282,NA,NA,NA,NA,116.61671,46.97,472.55,13.83,12.93,0.9,0.0133329586540807,0.0115631090028806,0.0160092188142011,0.0127120940150972,0.0134383569583597,0.00358175174875006,0.0050242990473449,NA,NA,NA,NA,11.1295889933305,4.3266488069856,44.2756114890271,1.36958704975941,1.30246502890295,0.217655088095218,100
"implant","B_n100","adapt","single",0.0426420690065951,0.270110676891946,0.0853970798565472,0.322077616665972,0.525833934705097,0.0462216825796726,0.0846914388681377,NA,0.0014261536998191,0.972091535332938,NA,0.3745625,27.2875,273.325,8.85,8.4375,0.4125,0.0122906191712074,0.0165994522977062,0.0167463922551582,0.0178528670973384,0.0166033065547512,0.00253260264886531,0.00457564249653928,NA,0.0254850269524482,0.0329690233186246,NA,0.0267430864350542,2.63395511372902,25.8647392974306,1.01384404463184,0.971075964320512,0.0883995353387181,80
"implant","B_n100","fastancom","single",0.00461019243913981,0.155450894950682,0.015165330633008,0.178634118150606,0.430080760772187,0.0295438547828457,0.145415334436462,NA,-0.0255740171837993,0.348406696084405,NA,0.0343874999999993,27.2875,273.325,5.2375,5.175,0.0625,0.00203880845651482,0.0118581699141616,0.00581090345312329,0.0132111553524984,0.0158792993569845,0.00445089489119222,0.0105207430754918,NA,0.0156488799672015,0.00912848338139298,NA,0.00134370234681452,2.63395511372902,25.8647392974306,0.672997204557175,0.663175855403281,0.0272340418956622,80
"implant","B_n100","ldm","single",0.0587567648233409,0.223080828367946,0.116223601639749,0.280869796003604,0.467140288250536,0.0550483926272076,0.0926015561848527,NA,NA,NA,NA,32.2985875,27.2875,273.325,7.7875,7.1375,0.65,0.015735616125415,0.0146167880924274,0.0213245996702783,0.0167078857281318,0.0170117775777355,0.00504349185404357,0.00649568931938241,NA,NA,NA,NA,3.75654856460788,2.63395511372902,25.8647392974306,0.91742860067788,0.873437800746082,0.262111677812282,80
"implant","B_n100","limma_logtss","single",0.0323273445834112,0.215224804600273,0.0953493183443919,0.259603113457715,0.448167160755629,0.0564795094346289,0.121551830678426,NA,-0.0281027225095394,0.34421693877132,0.899214449501038,0.0357625000000018,27.2875,273.325,6.975,6.4125,0.5625,0.0107010764037172,0.0141303932434085,0.020300517325741,0.0154663172621976,0.0164427974482174,0.00548296472472981,0.00802496760853988,NA,0.013251257430238,0.00724492581637563,0.0051983103849094,0.000479069426934076,2.63395511372902,25.8647392974306,0.880516067033304,0.731457222072158,0.291679852022641,80
"implant","B_n100","linda","single",0.0767163882999712,0.28631368959456,0.134357842949674,0.331414392966201,0.507634415707083,0.0556654532735677,0.0818583559957044,NA,0.00576683444432696,0.320766425099132,0.894174036267315,0.188762500000002,27.2875,273.325,9.0625,8.4375,0.625,0.0176412907412347,0.015701312663219,0.0225449630150216,0.0166150149400791,0.016915220818151,0.00373839190353034,0.00446597030397333,NA,0.00533489638440224,0.00672124082646453,0.0040546863928858,0.0146447947696423,2.63395511372902,25.8647392974306,0.943053173460905,0.915382563380891,0.139364516123834,80
"implant","B_n100","lm_logtss","single",0.0329481942349589,0.220355757200137,0.0929167083494727,0.260094021253081,0.448944276814956,0.057894767240069,0.120488264031751,NA,-0.0281027225095394,0.34421693877132,0.89746662135742,0.0353374999999996,27.2875,273.325,7.15,6.5375,0.6125,0.0103307831471427,0.014374263757068,0.0191100964809362,0.0158218975372749,0.0162905843971906,0.0056308360071482,0.00801472906143987,NA,0.013251257430238,0.00724492581637563,0.00532454892483487,0.000287912472415194,2.63395511372902,25.8647392974306,0.900615120313172,0.736039639738121,0.326320952321561,80
"implant","B_n100","logistic_presence","single",0.0452775778386224,0.281665254459001,0.105938029678363,0.33289099917179,0.514165507643726,0.051910522630439,0.0962621843098232,NA,-0.00751572902695123,0.588905650894207,NA,0.413637499999999,27.1125,272.25,9.0875,8.625,0.4625,0.0111195571008115,0.0157222841227233,0.0172295595650697,0.0175954137154182,0.0150242034348893,0.00269070369573081,0.00324120587112207,NA,0.0135078286777005,0.0480230660591787,NA,0.0403202301979046,2.64216022988382,25.9196512859415,1.00791075899668,0.95886519821841,0.085209626097917,80
"implant","B_n100","pursue","abundance",0.06875,0.0324766850043186,0.119434523809524,0.0500156987294216,0.221048567099734,0.0495859391150671,0.0684692714936666,0.0570868007524729,0.0013624791847842,0.561292349141618,0.941485584171472,15.0229125,17.9375,273.325,0.525,0.3625,0.1625,0.025322072711083,0.00706857916520475,0.0312145043321521,0.00933409142147583,0.0160353840426279,0.00266515146112821,0.00342881135585799,0.00990951013565401,0.0087318201475011,0.0090875679538753,0.00278005653347478,1.37053763718284,1.75936407437532,25.8647392974306,0.119300439800987,0.0759824888220631,0.0676077433584742,80
"implant","B_n100","pursue","combined",0.0459993935158409,0.128476861095244,0.0889682357760918,0.146302101654924,0.31166442285394,0.0430750004735711,0.139501762522321,NA,NA,NA,NA,15.0229125,27.2875,273.325,4.5375,4.25,0.2875,0.01593195080263,0.0108150891112715,0.0182279124154556,0.0117281126758171,0.0143706030958028,0.00225229396461434,0.00674785766250325,NA,NA,NA,NA,1.37053763718284,2.63395511372902,25.8647392974306,0.579978106854371,0.546131388651931,0.0875,80
"implant","B_n100","pursue","presence",0.0142636639676113,0.17955590744265,0.0668257181415076,0.201682410862282,0.396267662424069,0.031247567735895,0.259810974616853,0.0276026877734435,NA,NA,NA,15.0229125,18.3375,272.25,4.2375,4.075,0.1625,0.005598465777766,0.0149090927283423,0.0143256275741682,0.0159997700070786,0.0205283823533,0.00173967285668803,0.0117621125607562,0.00872110985054057,NA,NA,NA,1.37053763718284,1.81884854989863,25.9196512859415,0.568209421078647,0.53950721772251,0.0627526538850769,80
"implant","B_n100","pursue03_epermcs1","single",0.0389366624332395,0.27668904204769,0.084507665540909,0.329962244300006,0.526474505714552,0.0502119398656415,0.0837310318869708,NA,-0.00271997346162146,0.277162959989256,NA,33.144175,27.2875,273.325,8.9875,8.55,0.4375,0.0122834854513805,0.0155263279334378,0.0156813736524627,0.0175627291013714,0.0156317465031586,0.00292775355850269,0.00458032692361801,NA,0.0036652561932257,0.00600760353271445,NA,2.45400509254414,2.63395511372902,25.8647392974306,1.01203106815522,0.963396549398224,0.112288831348312,80
"implant","B_n100","wilcoxon_tss","single",0.0328480963338434,0.27582285620554,0.10995240985563,0.319686044532266,0.53136903774648,0.050414945829473,0.0838895379843341,NA,-0.0466197235881528,1.12953154364887,NA,0.204575,27.2875,273.325,9.0625,8.625,0.4375,0.00961873700389286,0.0164140469656868,0.0210046929238671,0.0172443582660665,0.0158760122137632,0.00282941611889305,0.00449522327995039,NA,0.0358564248660448,0.0326436471619893,NA,0.0165183324989026,2.63395511372902,25.8647392974306,1.03885644133162,0.986198268765696,0.107978769010218,80
"implant","B_n100","zicoseq","single",0.0751894261558557,0.202970972530212,0.123554348310954,0.254586997001383,0.454052703869344,0.0670247296438347,0.0950638167821336,NA,NA,NA,NA,86.8166875,27.2875,273.325,7.3,6.7,0.6,0.0228692858420148,0.0144827071757003,0.0251645240791961,0.0168052813740903,0.0187616981395748,0.00697425181182957,0.00844952579006969,NA,NA,NA,NA,8.68778717632252,2.63395511372902,25.8647392974306,0.901370264891393,0.857469045830205,0.182805146314285,80
"implant","B_n20","adapt","single",0.0370238095238095,0.0185423507223586,0.0797843137254902,0.0313219168372945,0.180758323858386,0.0560096706284996,0.073133658483003,NA,0.0581669178603367,2.1366464835891,NA,0.55595,51.26,515.78,0.88,0.77,0.11,0.0141395591923272,0.00326349842321594,0.0226330629579043,0.00463859773121023,0.00863072287469173,0.00267954887006711,0.00363484141659055,NA,0.045986754840305,0.0697100657002055,NA,0.0443047512672003,4.8377643221186,48.2040582138354,0.138738908920623,0.118794449416297,0.0399368187885502,100
"implant","B_n20","fastancom","single",0,0.00797197198970453,0.0075,0.0106618757153205,0.183990404270433,0.0285654300704563,0.11948872457364,NA,-0.0151876162619939,0.629579841904898,NA,0.0496300000000003,51.26,515.78,0.37,0.37,0,0,0.00235997197287287,0.00556753758384034,0.00245075087861244,0.00826733456243301,0.0036069625208078,0.00682241758371896,NA,0.0232566878809756,0.0105227464521053,NA,0.00374210697955905,4.8377643221186,48.2040582138354,0.0812217316792107,0.0812217316792107,0,100
"implant","B_n20","ldm","single",0.015,0.00891016643895481,0.045,0.0141295651146561,0.162569422086614,0.0393183123979609,0.0736358689789404,NA,NA,NA,NA,7.72827,51.26,515.78,0.29,0.27,0.02,0.0111350751676807,0.0023745529199707,0.0189296944860009,0.00277349014062381,0.00805320551973597,0.00206989439981325,0.00385042232279347,NA,NA,NA,NA,0.684904026876257,4.8377643221186,48.2040582138354,0.0686007332764061,0.0664466064983872,0.014070529413629,100
"implant","B_n20","limma_logtss","single",0.016875,0.0173924046738167,0.0715626535626536,0.0279856074569869,0.173704636808786,0.0495373429119315,0.103555315615824,NA,0.0222873692272538,0.636560280956352,0.934080578497586,0.0353200000000015,51.26,515.78,0.58,0.44,0.14,0.00976584280060152,0.00666168411878244,0.0218068043629605,0.00769066387769362,0.00869739968610495,0.00415013662969397,0.00612089505837931,NA,0.0246031423024919,0.00941179530429329,0.00401048888242709,0.000440357981096449,4.8377643221186,48.2040582138354,0.175913201737262,0.0868296835154542,0.111934324178479,100
"implant","B_n20","linda","single",0.0203571428571429,0.0200417627327504,0.0719047619047619,0.0283154088099894,0.178311899970345,0.0519700508925774,0.0712337930158618,NA,0.00869163296973294,0.576246276198593,0.914974397869181,0.30648,51.26,515.78,0.87,0.8,0.07,0.00928064852385296,0.00336590297972921,0.0221576571846879,0.00411222702900762,0.0087165087800405,0.00264684125822353,0.00374647064385131,NA,0.0100037746811938,0.00845513097000743,0.00275479268141592,0.0265699590370842,4.8377643221186,48.2040582138354,0.13973640408377,0.12552918289217,0.0325824517434794,100
"implant","B_n20","lm_logtss","single",0.0246428571428571,0.0172605724949276,0.0676106442577031,0.0309253631638885,0.175917759760952,0.0490019940070934,0.103547240300282,NA,0.0222873692272538,0.636560280956352,0.934743718316968,0.0340800000000003,51.26,515.78,0.76,0.67,0.09,0.0112903688321191,0.00347174345871485,0.020733795481394,0.00705819217773331,0.00842033077822274,0.00415905569558868,0.00617545537019384,NA,0.0246031423024919,0.00941179530429329,0.00400528694188882,0.000199332218503036,4.8377643221186,48.2040582138354,0.131901401804453,0.111965903900981,0.0533617348619284,100
"implant","B_n20","logistic_presence","single",0.0755952380952381,0.0289605469818731,0.135229464979465,0.043224654236186,0.180590707386544,0.0619972554266472,0.18487534076819,NA,0.0394933095667961,3.44910196188776,NA,0.475700000000001,51.14,513.38,1.35,1.11,0.24,0.0224678339596695,0.0047550924704031,0.0271379431924818,0.00708667718238521,0.00856430586922177,0.0025839067120614,0.00287212734111644,NA,0.0563998257394571,0.0910308920126083,NA,0.0448640876830944,4.84130001741122,48.2201952327324,0.202197523189179,0.148320564653017,0.0854223021053033,100
"implant","B_n20","pursue","abundance",0.0766666666666667,0.00892857142857143,0.156666666666667,0.0148282199420369,0.0817742584340052,0.0556095235726094,0.0888781448177005,0.0459343854610378,0.0114565518044815,1.16085730268959,0.94322595587755,15.42659,17.75,268.45,0.14,0.0306122448979592,0.11,0.0263171539607267,0.00580481039227819,0.0355192365010308,0.00673980027622308,0.00992436672809437,0.00306100155079933,0.00543445324250238,0.00875898019031491,0.0163157659357234,0.0247560130321556,0.00320777940060387,1.41714238865266,1.8213866956112,26.3776511425483,0.0471832875737016,0.0174908327565674,0.0399368187885502,100
"implant","B_n20","pursue","combined",0.0316666666666667,0.00516384086863626,0.0666666666666667,0.00738517806815013,0.118664907695996,0.0327200398946958,0.102298790524648,NA,NA,NA,NA,15.42659,51.26,515.77,0.16,0.11,0.05,0.0161875580937039,0.00202295468248738,0.0235702260395516,0.00226988410747911,0.00675820742601587,0.00143855676261369,0.00377061797960073,NA,NA,NA,NA,1.41714238865266,4.8377643221186,48.204934688088,0.0486587789373795,0.034509550720186,0.0261116483933547,100
"implant","B_n20","pursue","presence",0.005,0.00709190241699838,0.0225,0.0111075520706893,0.169416345821218,0.0265649709897049,0.119339569910316,0.0170580567285296,NA,NA,NA,15.42659,35.14,513.37,0.17,0.16,0.01,0.005,0.00249173172791183,0.0123577767605928,0.00327728356915326,0.00889858534902849,0.00142490977257059,0.00407005449507908,0.00405120540188526,NA,NA,NA,1.41714238865266,3.32119061041475,48.2210663863248,0.0513553671720273,0.0486587789373795,0.01,100
"implant","B_n20","pursue03_epermcs1","single",0.0373333333333333,0.0185991235997969,0.0850833333333333,0.0295461212161602,0.187663133407147,0.0495717698880811,0.0727954531073934,NA,0.00471971083330663,0.435627384018703,NA,9.49561,51.26,515.73,0.78,0.66,0.12,0.0146740110169851,0.00364108203980698,0.0226301867144201,0.00479730809694091,0.00936223093825212,0.00233085564944478,0.00380462989546101,NA,0.00427003592201501,0.0073363832466941,NA,0.81246872124968,4.8377643221186,48.2071096961073,0.138957154940258,0.113012022244172,0.0517960257435673,100
"implant","B_n20","wilcoxon_tss","single",0.0133333333333333,0.00897809805685915,0.0195238095238095,0.0179443101179448,0.182123130278579,0.0583659328831462,0.0994701948267518,NA,0.0445648072932749,5.20784974020571,NA,0.229530000000001,51.26,515.78,0.32,0.3,0.02,0.0105089347908202,0.00245254013802716,0.0113071755239056,0.00385784597405194,0.00889145122134575,0.00261056083617939,0.00356381274583182,NA,0.0943627431566995,0.1397735291537,NA,0.0188300826103104,4.8377643221186,48.2040582138354,0.0694567665835549,0.0659047368816108,0.014070529413629,100
"implant","B_n20","zicoseq","single",0.0495833333333333,0.0190612563640747,0.0682106227106227,0.0236840502434293,0.162414263350521,0.0483938519961215,0.0734697484608042,NA,NA,NA,NA,65.52013,51.26,515.78,0.89,0.77,0.12,0.0177637156347922,0.00352815740582202,0.0196378299936518,0.00381990725240326,0.00813037982412539,0.00221838725231045,0.00358575423343722,NA,NA,NA,NA,6.04657032992074,4.8377643221186,48.2040582138354,0.13699148392023,0.116215578155687,0.0432983541805861,100
"implant","B_null","adapt","single",0.044,NA,0.076,NA,NA,0.050267642721018,0.0742829319131473,NA,-0.00219396270456647,1.19962407505974,NA,0.51944,0,479.548,0.056,NA,0.056,0.012997373846575,NA,0.0167935730678597,NA,NA,0.00167423015478216,0.0027845036785779,NA,0.0173597706512296,0.0197445012219044,NA,0.0249887832186161,0,28.2692015772512,0.0184612913174684,NA,0.0184612913174684,250
"implant","B_null","fastancom","single",0,NA,0.008,NA,NA,0.0286921802387158,0.110561309484239,NA,-0.00490387468684897,0.375671389782406,NA,0.0478319999999986,0,479.548,0,NA,0,0,NA,0.00564548367669017,NA,NA,0.00162925737121484,0.0035264987513534,NA,0.00802025850764902,0.00447531794596137,NA,0.00189543075181864,0,28.2692015772512,0,NA,0,250
"implant","B_null","ldm","single",0.028,NA,0.064,NA,NA,0.0505470230662488,0.0749856338053503,NA,NA,NA,NA,8.358428,0,479.548,0.028,NA,0.028,0.0104547216519273,NA,0.0155105871343741,NA,NA,0.00164007080633806,0.00268472600779063,NA,NA,NA,NA,0.766181133524403,0,28.2692015772512,0.0104547216519273,NA,0.0104547216519273,250
"implant","B_null","limma_logtss","single",0.04,NA,0.064,NA,NA,0.0508598548195386,0.113227872055118,NA,0.00493829385878974,0.386336162679474,0.949140145180461,0.0378560000000004,0,479.548,0.148,NA,0.148,0.0124184084113013,NA,0.0155105871343741,NA,NA,0.00310523879638577,0.00433402612370606,NA,0.00990802261880493,0.00460837265386339,0.00310523879638577,0.000364153107832148,0,28.2692015772512,0.0640687381868209,NA,0.0640687381868209,250
"implant","B_null","linda","single",0.048,NA,0.068,NA,NA,0.0529732529263288,0.0736775411877549,NA,0.00120746570178984,0.344723260250463,0.943908304210614,0.290547999999999,0,479.548,0.072,NA,0.072,0.0135468842280857,NA,0.015953748410747,NA,NA,0.00169833080733586,0.00274912170637,NA,0.00375797844753015,0.00380202320978626,0.00174058018754234,0.014582276707011,0,28.2692015772512,0.0255710679884961,NA,0.0255710679884961,250
"implant","B_null","lm_logtss","single",0.044,NA,0.064,NA,NA,0.0515919932546549,0.11314470802694,NA,0.00493829385878974,0.386336162679474,0.948408006745345,0.0367919999999996,0,479.548,0.2,NA,0.2,0.012997373846575,NA,0.0155105871343741,NA,NA,0.00309790182059775,0.00435165162941325,NA,0.00990802261880493,0.00460837265386339,0.00309790182059775,0.000284009842015107,0,28.2692015772512,0.0805602869865632,NA,0.0805602869865632,250
"implant","B_null","logistic_presence","single",0.072,NA,0.12,NA,NA,0.0574044703985065,0.118249920278241,NA,-0.0124424957559687,0.633454217161509,NA,0.504032000000001,0,478.14,0.084,NA,0.084,0.0163810057504901,NA,0.02059360059684,NA,NA,0.00171646191282201,0.0017166309087811,NA,0.00956558341888876,0.0143677780849478,NA,0.0284227245878362,0,28.2977451242403,0.0224005163451676,NA,0.0224005163451676,250
"implant","B_null","pursue","abundance",0.084,NA,0.136,NA,NA,0.0505222144011972,0.0573628741567351,NA,-0.00428812878024711,0.836396837001745,0.949477785598803,18.8914,0,479.492,0.1,NA,0.1,0.0175787385267763,NA,0.0217233426170521,NA,NA,0.00106520947890889,0.00198666795166552,NA,0.005884677772083,0.00729013305912296,0.00106520947890889,1.07168892339621,0,28.2657169511593,0.0228492527977099,NA,0.0228492527977099,250
"implant","B_null","pursue","combined",0.068,NA,0.12,NA,NA,0.0444109308127013,0.116860394546215,NA,NA,NA,NA,18.8914,0,479.548,0.072,NA,0.072,0.015953748410747,NA,0.02059360059684,NA,NA,0.00113816582138742,0.00344802501128473,NA,NA,NA,NA,1.07168892339621,0,28.2692015772512,0.0173339511783614,NA,0.0173339511783614,250
"implant","B_null","pursue","presence",0.028,NA,0.088,NA,NA,0.0355447204782633,0.186988714754554,NA,NA,NA,NA,18.8914,0,478.14,0.028,NA,0.028,0.0104547216519273,NA,0.0179530847770529,NA,NA,0.00110190223455785,0.00511320550988059,NA,NA,NA,NA,1.07168892339621,0,28.2977451242403,0.0104547216519273,NA,0.0104547216519273,250
"implant","B_null","pursue03_epermcs1","single",0.044,NA,0.084,NA,NA,0.0513736749152804,0.074315589118798,NA,0.00225894483623861,0.24832898444769,NA,25.969112,0,479.544,0.064,NA,0.064,0.012997373846575,NA,0.0175787385267763,NA,NA,0.00165996632833725,0.00286703584469631,NA,0.00164174300888336,0.00358140770595141,NA,1.27080435374285,0,28.2693573062074,0.0223070936184616,NA,0.0223070936184616,250
"implant","B_null","wilcoxon_tss","single",0.024,NA,0.052,NA,NA,0.0510175607219246,0.075716665672023,NA,-0.0199736795107632,1.50510597312589,NA,0.259108000000002,0,479.548,0.024,NA,0.024,0.00969908702696427,NA,0.0140703910256417,NA,NA,0.00165655409467329,0.00268387031110939,NA,0.0202134062460667,0.0181444460527175,NA,0.0129926603216176,0,28.2692015772512,0.00969908702696427,NA,0.00969908702696427,250
"implant","B_null","zicoseq","single",0.048,NA,0.08,NA,NA,0.0552093644410482,0.0769374169763462,NA,NA,NA,NA,118.4257,0,479.548,0.132,NA,0.132,0.0135468842280857,NA,0.017192507941463,NA,NA,0.00229939558659835,0.00321839498091265,NA,NA,NA,NA,6.93769298539438,0,28.2692015772512,0.0514284311848665,NA,0.0514284311848665,250
"implant","B_prev","adapt","single",0.0416512599719121,0.10657180338358,0.0939164918780791,0.145248718746323,0.394385123789975,0.0496891949751006,0.0769210614270267,NA,0.00947380052816347,1.24355780623091,NA,0.57377,47.64,481.02,6.09,5.66,0.43,0.00918258545587271,0.00898351426098347,0.0166504612539686,0.0100520056145964,0.0130653118478898,0.00268878302546178,0.0041983899432133,NA,0.0327531436879317,0.0338288782112769,NA,0.0466618002982171,4.57543992475592,45.2496062374742,0.658448589834123,0.60623361167061,0.0934793230526615,100
"implant","B_prev","fastancom","single",0.00864260739260739,0.0581837955772282,0.0162362249855856,0.0743290615785783,0.340472176123512,0.0254624233058153,0.123186805062846,NA,-0.000249809233096007,0.385709773243906,NA,0.0496700000000003,47.64,481.02,3.35,3.3,0.05,0.00529378516061959,0.00605587462346194,0.0069020372292143,0.00699285970440414,0.0115475890959584,0.00195575385833695,0.00701742056637123,NA,0.0143649696366717,0.00814608954307892,NA,0.0037119804673379,4.57543992475592,45.2496062374742,0.392704942313146,0.38520622838142,0.021904291355759,100
"implant","B_prev","ldm","single",0.0633883616383616,0.0398814736800391,0.139323634698635,0.0590592678371892,0.258759430028579,0.0533122487339504,0.0793587038316034,NA,NA,NA,NA,17.40987,47.64,481.02,1.94,1.67,0.27,0.0202721244588688,0.00686972353308956,0.0255840032229421,0.00757394821383529,0.0109517281998632,0.00327067878530741,0.00589862861931332,NA,NA,NA,NA,2.06548578127703,4.57543992475592,45.2496062374742,0.289136645896019,0.245383641087036,0.0919540948275581,100
"implant","B_prev","limma_logtss","single",0.0381518759018759,0.074462101004072,0.0649338197862539,0.100997371475181,0.326103934602508,0.0458206251705295,0.104181934690853,NA,-0.00549345887122226,0.3920157155856,0.95417937482947,0.0362299999999996,47.64,481.02,3.82,3.56,0.26,0.0142440840527211,0.007682233177476,0.0147864215822524,0.009361978401227,0.0131771026648213,0.0034962756812988,0.0058318102536842,NA,0.0155055651779855,0.00715505894972804,0.0034962756812988,0.000594053869611073,4.57543992475592,45.2496062374742,0.488737809530475,0.434222863227508,0.0927906299693079,100
"implant","B_prev","linda","single",0.0710727780990939,0.100772543408268,0.112699999576161,0.139967766781703,0.37463074856144,0.0531786730772611,0.0746227264227455,NA,0.000653134828622048,0.351258745394116,0.944479552833043,0.292309999999999,47.64,481.02,5.61,5.18,0.43,0.0200998796491088,0.00861222232113041,0.020469147651298,0.0105872642471801,0.012309920390673,0.00292121783222428,0.00370211274839786,NA,0.00593469128162403,0.00622569530723854,0.0029862230743415,0.0253223049958535,4.57543992475592,45.2496062374742,0.600991604842288,0.559108236571435,0.116562724259811,100
"implant","B_prev","lm_logtss","single",0.0358510822510823,0.0808015116464142,0.057974261530296,0.107263656310147,0.326839428336716,0.046730522033853,0.103906070571474,NA,-0.00549345887122226,0.3920157155856,0.953269477966147,0.0346300000000013,47.64,481.02,4.17,3.94,0.23,0.0134278628598845,0.00814978948158313,0.0152478441182465,0.00927843609739811,0.0130579561222126,0.00340178556353461,0.00578004685829091,NA,0.0155055651779855,0.00715505894972804,0.00340178556353461,0.000224127939653884,4.57543992475592,45.2496062374742,0.490321477721659,0.450548487284043,0.077661529287757,100
"implant","B_prev","logistic_presence","single",0.0594037675790959,0.168499050918278,0.113355426540199,0.209836486464691,0.439720612010649,0.0598544630163492,0.122363212008444,NA,0.0233291124683494,0.654679945336579,NA,0.522499999999997,47.45,479.58,9.16,8.67,0.49,0.0143495966333615,0.0115838788379941,0.0172939885387058,0.0127004734798861,0.0130915006716282,0.00301649444748989,0.00313317659175489,NA,0.0166684687408742,0.0287816976216518,NA,0.0494500921754609,4.57980580506654,45.2953030766776,0.923401704065304,0.883296740236899,0.0958692291139815,100
"implant","B_prev","pursue","abundance",0.11,NA,0.18,NA,NA,0.051627685493833,0.0605708476130482,0.0571514674063779,-0.000606097020327584,0.844187335760689,0.949134425811494,18.92778,0,480.92,0.19,NA,0.19,0.031446603773522,NA,0.0386122919665369,NA,NA,0.00213114996304572,0.00333157676661147,0.00504132255828287,0.00859063773135099,0.0130379908530795,0.00227277037292949,1.75400883298169,0,45.2407134954319,0.0734365664565637,NA,0.0734365664565637,100
"implant","B_prev","pursue","combined",0.0628419913419913,0.0560696055166719,0.110523456935222,0.0803951704440197,0.253167458739699,0.0441951193566294,0.111220154171943,NA,NA,NA,NA,18.92778,47.64,481.02,3.14,2.81,0.33,0.0163139075381756,0.00616575952935293,0.0196095308325204,0.0073350753836905,0.00933256544221379,0.00194268451746123,0.00564368137484945,NA,NA,NA,NA,1.75400883298169,4.57543992475592,45.2496062374742,0.385342560443158,0.347195110052611,0.0792069275615294,100
"implant","B_prev","pursue","presence",0.0396151903651904,0.0754973125638331,0.0486478654905765,0.100622434678863,0.315125917944359,0.034665476706052,0.176026475130443,NA,NA,NA,NA,18.92778,47.45,479.58,4.03,3.77,0.26,0.00952615256447887,0.00729950832841862,0.0105365900978475,0.00854008568509031,0.0111470993307694,0.00173603003311129,0.00740750452566567,NA,NA,NA,NA,1.75400883298169,4.57980580506654,45.2953030766776,0.46066596500407,0.433416076016447,0.0524548868220603,100
"implant","B_prev","pursue03_epermcs1","single",0.0644384785779523,0.141929159455354,0.108759564865826,0.17916667733003,0.41421958241098,0.051778821420931,0.0770793827846261,NA,-0.00125420109030614,0.255095163970097,NA,27.13574,47.64,481.02,8.2,7.57,0.63,0.0147605199761918,0.0101059955389388,0.0164467733497881,0.0110384932269985,0.0131900443213693,0.00294718174990226,0.0042623298297,NA,0.00279777753146686,0.00578905239071862,NA,2.02421672880543,4.57543992475592,45.2496062374742,0.842555036718071,0.787433498875629,0.13,100
"implant","B_prev","wilcoxon_tss","single",0.0353298368298368,0.105723090823808,0.0765791414223078,0.148069995343411,0.415104519936516,0.0528015910232752,0.0818560063535765,NA,0.0543291982025863,1.54985626000949,NA,0.25481,47.64,481.02,5.57,5.37,0.2,0.012799624772528,0.00871846849785982,0.0150039002152555,0.0108021641554654,0.0129106233405797,0.00288654816098346,0.00416773478906929,NA,0.0381814787584488,0.0345621844416359,NA,0.0210198736889399,4.57543992475592,45.2496062374742,0.57,0.553894385148459,0.0492365963917331,100
"implant","B_prev","zicoseq","single",0.0758223443223443,0.0568565022828658,0.116303727685529,0.0832571461382769,0.311645088947784,0.0573966855399603,0.0790651434965891,NA,NA,NA,NA,118.84349,47.64,481.02,3.71,3.29,0.42,0.0181015030952227,0.00641345360935156,0.022168251393164,0.0082685373019184,0.0108938956110926,0.00349652863717515,0.00468091764303867,NA,NA,NA,NA,11.4193746057374,4.57543992475592,45.2496062374742,0.436768435977998,0.402591353583007,0.0996762435856886,100
"implant","B_ref","adapt","single",0.032671157059315,0.104080945831518,0.0707022673228842,0.139532252975691,0.347550870073732,0.0505873473737436,0.0754652545879684,NA,-0.0306749655776714,1.28241212875122,NA,0.57333,46.76,477.68,5.42,5.15,0.27,0.00989750536826568,0.00795763892095147,0.0118340477762645,0.00904251769552567,0.0116967035253871,0.00246523382017359,0.00369426496521788,NA,0.0298016192312098,0.030940245320848,NA,0.0456431504481043,4.45616404318759,45.0802558855545,0.56714418383029,0.54575959483415,0.0736563135464471,100
"implant","B_ref","fastancom","single",0.00660714285714286,0.0619700700178835,0.0190171674730498,0.0753558859974951,0.310187247661665,0.0256828376743569,0.118894699911977,NA,-0.000739859518252803,0.439045386780218,NA,0.0523999999999972,46.76,477.68,2.97,2.93,0.04,0.00340195862861713,0.00599615653949839,0.00591004860746362,0.00663071899737051,0.0113657635916917,0.00201300899671354,0.00686374170950213,NA,0.0170944418590863,0.00872832582600801,NA,0.00384245292026374,4.45616404318759,45.0802558855545,0.336186275926326,0.332500474671188,0.0196946385566932,100
"implant","B_ref","ldm","single",0.0643718487394958,0.0595801777684237,0.0840116094050876,0.0864372371186046,0.305790702916262,0.0512391497424245,0.0760241029227143,NA,NA,NA,NA,17.37759,46.76,477.68,3.07,2.82,0.25,0.0183994016990982,0.00666060483792717,0.016282396670343,0.00791950100194903,0.0103559965372515,0.00283781421493568,0.0044875986683412,NA,NA,NA,NA,1.98615325428682,4.45616404318759,45.0802558855545,0.368248653367627,0.346520948395285,0.0641573192719398,100
"implant","B_ref","limma_logtss","single",0.0288114664652061,0.083514379587166,0.0624332445035768,0.112951426368124,0.305451907079756,0.0556878663086934,0.1137601848177,NA,0.00207166077987387,0.440441462003689,0.912995105275165,0.0373599999999981,46.76,477.68,7.24,3.9,3.34,0.0117973038074735,0.00868627304045532,0.0156934732382627,0.0102282406515654,0.0121730786619147,0.00665073290782984,0.00773188946403577,NA,0.0174896636069841,0.00880270204078319,0.00627563450640904,0.000610599969892128,4.45616404318759,45.0802558855545,3.59913345350817,0.565774699064044,3.16898543494108,100
"implant","B_ref","linda","single",0.0261443417693418,0.101813704747023,0.0724600478615824,0.135331894466835,0.332673026635697,0.0552809869320892,0.0765419329419644,NA,-0.00700067565213907,0.401698844224006,0.902102827222605,0.300809999999998,46.76,477.68,4.89,4.66,0.23,0.00817859023377346,0.00800927504122113,0.0133187318080725,0.00964350136040719,0.0114884061179116,0.00251002699533181,0.00365981102400676,NA,0.0059268141767306,0.00700311121586158,0.00256475573731221,0.0259711560867983,4.45616404318759,45.0802558855545,0.508095075808265,0.482673530840192,0.0633333333333333,100
"implant","B_ref","lm_logtss","single",0.0325550419448725,0.0890873879771435,0.0748565342707853,0.123127175856249,0.305785746166073,0.0567285414624681,0.113148844328157,NA,0.00207166077987387,0.440441462003689,0.911618922926349,0.0354499999999991,46.76,477.68,7.41,4.12,3.29,0.0117853412436902,0.00880139947858441,0.0185294575775397,0.0106749274846344,0.0125197701557551,0.00665812787204556,0.00758777899330558,NA,0.0174896636069841,0.00880270204078319,0.00630533774877122,0.000305298330665156,4.45616404318759,45.0802558855545,3.52775703485511,0.571243548689341,3.0988200752199,100
"implant","B_ref","logistic_presence","single",0.0476485971544795,0.121306639522633,0.103330741228186,0.1440873526155,0.34390286399855,0.0576853219908596,0.120621552297578,NA,-0.00342569286919285,0.736755139210175,NA,0.53908,46.66,476.32,6.26,5.8,0.46,0.00996833862499317,0.00890204137193087,0.0145611784201183,0.00965176876533027,0.0106786077221772,0.00257396901989728,0.00267071481694021,NA,0.0151704297262454,0.0316188642479844,NA,0.0506106282605668,4.45741284748556,45.1240554449396,0.633511936538984,0.587238013797204,0.102907234876363,100
"implant","B_ref","pursue","abundance",0.048,0.00419314824844878,0.140238095238095,0.00756600626558464,0.127606123118114,0.0520746996450475,0.0643264365052566,0.0529243135178322,-0.0107198198819193,0.854057567405977,0.944016104729329,18.76211,31.43,477.64,0.18,0.09,0.09,0.0211048369198661,0.00182546877033321,0.033276415020334,0.00310975203221227,0.00837588518324446,0.00212353596835241,0.00340704033548252,0.00909225243998308,0.0112736070308374,0.0125918322389806,0.00205215502987377,1.73953292557822,3.02582337070541,45.0791392100514,0.0625711715980412,0.0320825954263824,0.0473435755030621,100
"implant","B_ref","pursue","combined",0.0590238095238095,0.0392726523334955,0.116429653679654,0.0483716887689358,0.201995309239576,0.0434823145651121,0.108859327255789,NA,NA,NA,NA,18.76211,46.76,477.68,1.88,1.66,0.22,0.0165074611084283,0.00541986816299067,0.0223226050371547,0.00582210533454087,0.00873662894580379,0.00187109918383965,0.00519527249188131,NA,NA,NA,NA,1.73953292557822,4.45616404318759,45.0802558855545,0.225755745365775,0.201619704023454,0.0612661028100805,100
"implant","B_ref","pursue","presence",0.0585,0.0724331975578923,0.0822997557997558,0.0885270573816917,0.290926298658884,0.0367681009628558,0.174629203578197,0.0340355450998856,NA,NA,NA,18.76211,30.75,476.32,2.24,2.02,0.22,0.0166643198871544,0.00894090884670029,0.0159344182871221,0.00974262316178776,0.0154695554338058,0.00163666753560961,0.00754712087146527,0.00635395188330888,NA,NA,NA,1.73953292557822,2.9939459115375,45.1240554449396,0.269350134489469,0.249840353066117,0.0542720420239974,100
"implant","B_ref","pursue03_epermcs1","single",0.0291917526917527,0.108008429625659,0.0722711366829014,0.142744327930769,0.351045249029621,0.0517272841976033,0.0735901321281059,NA,-0.00359087788479686,0.326758795307984,NA,26.96337,46.76,477.68,5.81,5.54,0.27,0.00781457249986782,0.00878351350648798,0.0128530219483878,0.0107836209413851,0.0109187318750789,0.00225999888475392,0.00357582369684015,NA,0.00310785134906659,0.00586504981011667,NA,2.11647487452031,4.45616404318759,45.0802558855545,0.616391420964296,0.585415332145572,0.0664466064983873,100
"implant","B_ref","wilcoxon_tss","single",0.0359115971747551,0.094188991324045,0.0603440723456708,0.129147009035604,0.351607835166326,0.0531559835322362,0.0810100376269931,NA,0.0173412462027569,1.52858567864201,NA,0.260520000000001,46.76,477.68,4.63,4.43,0.2,0.0120264272316479,0.00796384630245674,0.0123268881521187,0.00929652812561643,0.0115613579124308,0.00254064397912467,0.00400763495267104,NA,0.0365837834675765,0.0284075833836494,NA,0.0212605267093645,4.45616404318759,45.0802558855545,0.462897113162026,0.456436571096514,0.0603022689155527,100
"implant","B_ref","zicoseq","single",0.03861833999334,0.0682384916861993,0.0874292582285941,0.0925245668427453,0.300963889507208,0.0536841769329248,0.0767699093347751,NA,NA,NA,NA,116.97247,46.76,477.68,4.08,3.8,0.28,0.0124724257217097,0.00577752794860942,0.0162162934680761,0.00709255481623949,0.0106166475087126,0.00264173088242132,0.00425036966318402,NA,NA,NA,NA,11.2381983705148,4.45616404318759,45.0802558855545,0.494143478938838,0.45792681696639,0.0888535283202052,100
"implant","B_small","adapt","single",0.0391666666666667,0.0130500601350938,0.107323232323232,0.0290724692192756,0.171216540668014,0.053288908363807,0.0743136248394051,NA,-0.00203550911288981,1.22374877516403,NA,0.52681,48.21,480.43,0.68,0.61,0.07,0.0184049336454002,0.00291223739889778,0.026674206285431,0.00497012959058263,0.00948320495395978,0.00267507458593001,0.00405131333060105,NA,0.0291479263116384,0.031190686839657,NA,0.0415021131140244,4.55115247919567,45.2448540631078,0.130174707779409,0.125444663642435,0.0325824517434794,100
"implant","B_small","fastancom","single",0.01,0.00796300053431191,0.0183333333333333,0.011172288195308,0.164644500174273,0.0319589694855009,0.119477777206859,NA,0.00407946489668518,0.400518645864073,NA,0.0484999999999972,48.21,480.43,0.43,0.42,0.01,0.01,0.00197131690818002,0.0115797629116882,0.00254705248168575,0.00877402935529703,0.00323845371875285,0.00679672497029844,NA,0.0149109798098821,0.00720570640199735,NA,0.00345798738685872,4.55115247919567,45.2448540631078,0.0831877516236737,0.0830966335362059,0.01,100
"implant","B_small","ldm","single",0.0673809523809524,0.00627604078403976,0.106920168067227,0.0187175426603365,0.139444236311306,0.055430234202357,0.074151306425928,NA,NA,NA,NA,11.51434,48.21,480.43,0.45,0.22,0.23,0.0237132613929462,0.00199123018471014,0.0271950235159625,0.00480620537752635,0.00770122747942715,0.00279573802912113,0.00430496674796703,NA,NA,NA,NA,1.55036433595006,4.55115247919567,45.2448540631078,0.136607526006498,0.062893207547044,0.112685313142307,100
"implant","B_small","limma_logtss","single",0.0425,0.0100215155161269,0.0826666666666667,0.0126661756611761,0.160159555961589,0.0491555151975753,0.103638564102854,NA,-0.01254988415908,0.398085241873504,0.941091849658125,0.0369099999999975,48.21,480.43,0.44,0.37,0.07,0.0186337115903374,0.00257179976575011,0.0256157832237929,0.00288141741157364,0.00869330847595568,0.00370251593346964,0.00635111374478747,NA,0.0139374258688777,0.0066999316228302,0.00366767780895235,0.000675710624812579,4.55115247919567,45.2448540631078,0.0879853063949552,0.0774009631135756,0.0293188669562103,100
"implant","B_small","linda","single",0.063,0.0181993654275874,0.127071428571429,0.0264234106562582,0.168497271305387,0.0577075137374986,0.0768832300941512,NA,-0.00952346992479643,0.365612920310598,0.92087148580345,0.287580000000001,48.21,480.43,0.87,0.68,0.19,0.0219114379060597,0.00350422188741248,0.0309301110361325,0.00442475930269533,0.00924335126474727,0.00333113824572521,0.00400975244404265,NA,0.00722989429599636,0.00638833306362242,0.00350994959622146,0.0247410107336227,4.55115247919567,45.2448540631078,0.150188433830857,0.122992978365729,0.0720479638220893,100
"implant","B_small","lm_logtss","single",0.0313333333333333,0.010048375022143,0.0476666666666667,0.0160487143236532,0.162210107346366,0.0489774501395439,0.104224146422932,NA,-0.01254988415908,0.398085241873504,0.941230044183409,0.0344900000000023,48.21,480.43,0.52,0.45,0.07,0.0163698828332112,0.00253494463951053,0.0193381220123093,0.00337394271723247,0.00875143244354007,0.00382571170726089,0.0064379106349726,NA,0.0139374258688777,0.0066999316228302,0.00378927701318471,0.000226744638995313,4.55115247919567,45.2448540631078,0.105868223788259,0.0936089005523848,0.043239992711574,100
"implant","B_small","logistic_presence","single",0.0493055555555555,0.0285409429531715,0.0997156519427687,0.0369847855872623,0.187804478554011,0.058852882643405,0.116772792565052,NA,-0.0029138819436856,0.679667455162282,NA,0.507129999999999,48.07,478.99,1.34,1.16,0.18,0.0187904850365475,0.00517667571459255,0.022241212731961,0.0060152539545434,0.00974984524791802,0.00302734949973619,0.00232580995483127,NA,0.0168427526231622,0.0296250819428418,NA,0.0470030144208483,4.55066328831703,45.2938876849422,0.210923893594085,0.177934274552729,0.0687257762650399,100
"implant","B_small","pursue","abundance",0.10375,0.00324542124542125,0.182424242424242,0.00424250092835825,0.0691027376315349,0.0554556700689969,0.0602644052262738,0.0584738836770198,0.0135343988302393,0.845600092560977,0.944597039737988,18.83309,31.56,480.38,0.2,0.03,0.17,0.0300491495535047,0.00218191505064377,0.038121913350758,0.002279030414124,0.00649943598684976,0.0023444084577072,0.00331282695271286,0.0103717331350506,0.0117234218534987,0.0124639881663155,0.00235269646573529,1.74725216771791,2.98671536756831,45.2411334691756,0.0864566219253764,0.0171446607997765,0.075283974175629,100
"implant","B_small","pursue","combined",0.084,0.0075111559474838,0.1295,0.00877829133775352,0.10810186890857,0.0460080638870007,0.112938602540561,NA,NA,NA,NA,18.83309,48.21,480.43,0.27,0.16,0.11,0.0274402933105624,0.00282462605728148,0.0319808575952124,0.00290409521686713,0.00731297185797539,0.00209376979417725,0.00505119824886924,NA,NA,NA,NA,1.74725216771791,4.55115247919567,45.2448540631078,0.0708605117199426,0.0526471003163248,0.0373219679669936,100
"implant","B_small","pursue","presence",0.025,0.00827888057919137,0.045,0.0150764913018021,0.15699315471618,0.0334600846252712,0.182296499206279,0.0327226035053746,NA,NA,NA,18.83309,32.46,478.99,0.21,0.17,0.04,0.0148647097502641,0.00313517375905129,0.0189296944860009,0.00484978391634865,0.0101866081311928,0.00180549565951391,0.00744728863731563,0.0100341700678961,NA,NA,NA,1.74725216771791,3.10426295356055,45.2938876849422,0.0591095541679972,0.0472581562625261,0.0242878362539562,100
"implant","B_small","pursue03_epermcs1","single",0.0210119047619048,0.0168617331412366,0.0851190476190476,0.0266216855693353,0.180143248027322,0.0526503008512554,0.0754721896012899,NA,-0.00177186390580128,0.269881884884199,NA,26.34784,48.21,480.43,0.84,0.76,0.08,0.0116904271474271,0.00391421976247876,0.0241950361518199,0.00474489232420197,0.0100714259302988,0.00256140865740015,0.00385716048627353,NA,0.0026076045494475,0.0053010465316785,NA,2.06440481709192,4.55115247919567,45.2448540631078,0.16,0.147106777683437,0.0442216638714053,100
"implant","B_small","wilcoxon_tss","single",0.023,0.011036626974496,0.0727142857142857,0.020462536400171,0.177662392662629,0.0537162126359462,0.0778078355063996,NA,-0.00444437368888423,1.5399944030572,NA,0.255719999999999,48.21,480.43,0.56,0.47,0.09,0.0123791124173918,0.00290083625987976,0.0227932061318354,0.00398562927506927,0.00939254402067477,0.00289804295446501,0.00379425622060649,NA,0.0346531125016216,0.0342685588149549,NA,0.0213428628337296,4.55115247919567,45.2448540631078,0.142361043360417,0.111423298798552,0.049431107042371,100
"implant","B_small","zicoseq","single",0.057,0.0110096300693636,0.114929824561403,0.018004278676607,0.14661468026645,0.0566256331545643,0.0756793831410913,NA,NA,NA,NA,118.72004,48.21,480.43,0.67,0.45,0.22,0.02009681952156,0.00246335702433112,0.0275220749428005,0.00324652201858313,0.00816154443491783,0.0029581416120561,0.00437978236663314,NA,NA,NA,NA,11.4102618086707,4.55115247919567,45.2448540631078,0.142172892328782,0.0821122660899347,0.0980414260000395,100
