axis,simulator,template,regime_id,replicate,peak_rss_mb
A,msq,hmp_gingiva,R03,001,1114
A,msq,hmp_gingiva,R03,002,1114
A,msq,hmp_gingiva,R03,003,1114
A,msq,hmp_gingiva,R03,004,1114
A,msq,hmp_gingiva,R03,005,1114
A,msq,hmp_gingiva,R03,006,1114
A,msq,hmp_gingiva,R03,007,1114
A,msq,hmp_gingiva,R03,008,1114
A,msq,hmp_gingiva,R03,009,1113
A,msq,hmp_gingiva,R03,010,1114
A,msq,hmp_gingiva,R03,011,1114
A,msq,hmp_gingiva,R03,012,1114
A,msq,hmp_gingiva,R03,013,1114
A,msq,hmp_gingiva,R03,014,1114
A,msq,hmp_gingiva,R03,015,1113
A,msq,hmp_gingiva,R03,016,1113
A,msq,hmp_gingiva,R03,017,1113
A,msq,hmp_gingiva,R03,018,1113
A,msq,hmp_gingiva,R03,019,1113
A,msq,hmp_gingiva,R03,020,1114
A,msq,hmp_stool,R03,001,1122
A,msq,hmp_stool,R03,002,1120
A,msq,hmp_stool,R03,003,1122
A,msq,hmp_stool,R03,004,1121
A,msq,hmp_stool,R03,005,1122
A,msq,hmp_stool,R03,006,1123
A,msq,hmp_stool,R03,007,1121
A,msq,hmp_stool,R03,008,1122
A,msq,hmp_stool,R03,009,1121
A,msq,hmp_stool,R03,010,1121
A,msq,hmp_stool,R03,011,1121
A,msq,hmp_stool,R03,012,1122
A,msq,hmp_stool,R03,013,1122
A,msq,hmp_stool,R03,014,1123
A,msq,hmp_stool,R03,015,1122
A,msq,hmp_stool,R03,016,1123
A,msq,hmp_stool,R03,017,1122
A,msq,hmp_stool,R03,018,1122
A,msq,hmp_stool,R03,019,1122
A,msq,hmp_stool,R03,020,1122
A,msq,risk_stool,R02,001,649
A,msq,risk_stool,R02,002,648
A,msq,risk_stool,R02,003,649
A,msq,risk_stool,R02,004,649
A,msq,risk_stool,R02,005,649
A,msq,risk_stool,R02,006,649
A,msq,risk_stool,R02,007,649
A,msq,risk_stool,R02,008,648
A,msq,risk_stool,R02,009,649
A,msq,risk_stool,R02,010,649
A,msq,risk_stool,R02,011,648
A,msq,risk_stool,R02,012,648
A,msq,risk_stool,R02,013,649
A,msq,risk_stool,R02,014,649
A,msq,risk_stool,R02,015,648
A,msq,risk_stool,R02,016,649
A,msq,risk_stool,R02,017,648
A,msq,risk_stool,R02,018,649
A,msq,risk_stool,R02,019,649
A,msq,risk_stool,R02,020,649
A,msq,risk_stool,R03,001,648
A,msq,risk_stool,R03,002,649
A,msq,risk_stool,R03,003,649
A,msq,risk_stool,R03,004,649
A,msq,risk_stool,R03,005,649
A,msq,risk_stool,R03,006,648
A,msq,risk_stool,R03,007,649
A,msq,risk_stool,R03,008,649
A,msq,risk_stool,R03,009,648
A,msq,risk_stool,R03,010,649
A,msq,risk_stool,R03,011,649
A,msq,risk_stool,R03,012,649
A,msq,risk_stool,R03,013,648
A,msq,risk_stool,R03,014,649
A,msq,risk_stool,R03,015,648
A,msq,risk_stool,R03,016,649
A,msq,risk_stool,R03,017,648
A,msq,risk_stool,R03,018,648
A,msq,risk_stool,R03,019,649
A,msq,risk_stool,R03,020,648
A,sd2,risk_stool,R00,006,10318
A,sd2,risk_stool,R00,007,10306
A,sd2,risk_stool,R00,008,10732
A,sd2,risk_stool,R06,019,9340
A,sd2,risk_stool,R06,021,10105
A,sd2,risk_stool,R06,022,10441
A,sd2,risk_stool,R06,023,9030
A,sd2,risk_stool,R06,028,10120
A,sd2,risk_stool,R06,042,9357
B,implant,hmp_gingiva,B_abund,001,3165
B,implant,hmp_gingiva,B_abund,002,3098
B,implant,hmp_gingiva,B_abund,003,3045
B,implant,hmp_gingiva,B_abund,004,2832
B,implant,hmp_gingiva,B_abund,005,2775
B,implant,hmp_gingiva,B_abund,006,3015
B,implant,hmp_gingiva,B_abund,007,3000
B,implant,hmp_gingiva,B_abund,008,2647
B,implant,hmp_gingiva,B_abund,009,2862
B,implant,hmp_gingiva,B_abund,010,3066
B,implant,hmp_gingiva,B_abund,011,3109
B,implant,hmp_gingiva,B_abund,012,2705
B,implant,hmp_gingiva,B_abund,013,2773
B,implant,hmp_gingiva,B_abund,014,3014
B,implant,hmp_gingiva,B_abund,015,2902
B,implant,hmp_gingiva,B_abund,016,2743
B,implant,hmp_gingiva,B_abund,017,2533
B,implant,hmp_gingiva,B_abund,018,3086
B,implant,hmp_gingiva,B_abund,019,2685
B,implant,hmp_gingiva,B_abund,020,3031
B,implant,hmp_gingiva,B_allup,001,2937
B,implant,hmp_gingiva,B_allup,002,2994
B,implant,hmp_gingiva,B_allup,003,3087
B,implant,hmp_gingiva,B_allup,004,2963
B,implant,hmp_gingiva,B_allup,005,2998
B,implant,hmp_gingiva,B_allup,006,3139
B,implant,hmp_gingiva,B_allup,007,2864
B,implant,hmp_gingiva,B_allup,008,3075
B,implant,hmp_gingiva,B_allup,009,2962
B,implant,hmp_gingiva,B_allup,010,2962
B,implant,hmp_gingiva,B_allup,011,2716
B,implant,hmp_gingiva,B_allup,012,2953
B,implant,hmp_gingiva,B_allup,013,2660
B,implant,hmp_gingiva,B_allup,014,2844
B,implant,hmp_gingiva,B_allup,015,2823
B,implant,hmp_gingiva,B_allup,016,2708
B,implant,hmp_gingiva,B_allup,017,2893
B,implant,hmp_gingiva,B_allup,018,2837
B,implant,hmp_gingiva,B_allup,019,2987
B,implant,hmp_gingiva,B_allup,020,2671
B,implant,hmp_gingiva,B_conf04,001,2875
B,implant,hmp_gingiva,B_conf04,002,2997
B,implant,hmp_gingiva,B_conf04,003,2928
B,implant,hmp_gingiva,B_conf04,004,2910
B,implant,hmp_gingiva,B_conf04,005,2666
B,implant,hmp_gingiva,B_conf04,006,2944
B,implant,hmp_gingiva,B_conf04,007,3043
B,implant,hmp_gingiva,B_conf04,008,3025
B,implant,hmp_gingiva,B_conf04,009,2679
B,implant,hmp_gingiva,B_conf04,010,2878
B,implant,hmp_gingiva,B_conf04,011,2979
B,implant,hmp_gingiva,B_conf04,012,2828
B,implant,hmp_gingiva,B_conf04,013,2969
B,implant,hmp_gingiva,B_conf04,014,2553
B,implant,hmp_gingiva,B_conf04,015,3132
B,implant,hmp_gingiva,B_conf04,016,3021
B,implant,hmp_gingiva,B_conf04,017,2861
B,implant,hmp_gingiva,B_conf04,018,3081
B,implant,hmp_gingiva,B_conf04,019,2897
B,implant,hmp_gingiva,B_conf04,020,2723
B,implant,hmp_gingiva,B_conf07,001,2792
B,implant,hmp_gingiva,B_conf07,002,2588
B,implant,hmp_gingiva,B_conf07,003,2672
B,implant,hmp_gingiva,B_conf07,004,3078
B,implant,hmp_gingiva,B_conf07,005,2838
B,implant,hmp_gingiva,B_conf07,006,2678
B,implant,hmp_gingiva,B_conf07,007,2907
B,implant,hmp_gingiva,B_conf07,008,2894
B,implant,hmp_gingiva,B_conf07,009,3014
B,implant,hmp_gingiva,B_conf07,010,3016
B,implant,hmp_gingiva,B_conf07,011,3125
B,implant,hmp_gingiva,B_conf07,012,2686
B,implant,hmp_gingiva,B_conf07,013,2627
B,implant,hmp_gingiva,B_conf07,014,2993
B,implant,hmp_gingiva,B_conf07,015,2961
B,implant,hmp_gingiva,B_conf07,016,2986
B,implant,hmp_gingiva,B_conf07,017,2908
B,implant,hmp_gingiva,B_conf07,018,2914
B,implant,hmp_gingiva,B_conf07,019,3091
B,implant,hmp_gingiva,B_conf07,020,3075
B,implant,hmp_gingiva,B_cont,001,2915
B,implant,hmp_gingiva,B_cont,002,2895
B,implant,hmp_gingiva,B_cont,003,3026
B,implant,hmp_gingiva,B_cont,004,3070
B,implant,hmp_gingiva,B_cont,005,2850
B,implant,hmp_gingiva,B_cont,006,3016
B,implant,hmp_gingiva,B_cont,007,2886
B,implant,hmp_gingiva,B_cont,008,3020
B,implant,hmp_gingiva,B_cont,009,2998
B,implant,hmp_gingiva,B_cont,010,2810
B,implant,hmp_gingiva,B_cont,011,2997
B,implant,hmp_gingiva,B_cont,012,2560
B,implant,hmp_gingiva,B_cont,013,3015
B,implant,hmp_gingiva,B_cont,014,2609
B,implant,hmp_gingiva,B_cont,015,3183
B,implant,hmp_gingiva,B_cont,016,2863
B,implant,hmp_gingiva,B_cont,017,3078
B,implant,hmp_gingiva,B_cont,018,3000
B,implant,hmp_gingiva,B_cont,019,3029
B,implant,hmp_gingiva,B_cont,020,2765
B,implant,hmp_gingiva,B_da05,001,3025
B,implant,hmp_gingiva,B_da05,002,2800
B,implant,hmp_gingiva,B_da05,003,2861
B,implant,hmp_gingiva,B_da05,004,2906
B,implant,hmp_gingiva,B_da05,005,2916
B,implant,hmp_gingiva,B_da05,006,2792
B,implant,hmp_gingiva,B_da05,007,2837
B,implant,hmp_gingiva,B_da05,008,3103
B,implant,hmp_gingiva,B_da05,009,2754
B,implant,hmp_gingiva,B_da05,010,3012
B,implant,hmp_gingiva,B_da05,011,2989
B,implant,hmp_gingiva,B_da05,012,3117
B,implant,hmp_gingiva,B_da05,013,2894
B,implant,hmp_gingiva,B_da05,014,3043
B,implant,hmp_gingiva,B_da05,015,3077
B,implant,hmp_gingiva,B_da05,016,2494
B,implant,hmp_gingiva,B_da05,017,3072
B,implant,hmp_gingiva,B_da05,018,2599
B,implant,hmp_gingiva,B_da05,019,2998
B,implant,hmp_gingiva,B_da05,020,2737
B,implant,hmp_gingiva,B_graded,001,2994
B,implant,hmp_gingiva,B_graded,002,2677
B,implant,hmp_gingiva,B_graded,003,3044
B,implant,hmp_gingiva,B_graded,004,2761
B,implant,hmp_gingiva,B_graded,005,2716
B,implant,hmp_gingiva,B_graded,006,2899
B,implant,hmp_gingiva,B_graded,007,2949
B,implant,hmp_gingiva,B_graded,008,2905
B,implant,hmp_gingiva,B_graded,009,3044
B,implant,hmp_gingiva,B_graded,010,2654
B,implant,hmp_gingiva,B_graded,011,3030
B,implant,hmp_gingiva,B_graded,012,2996
B,implant,hmp_gingiva,B_graded,013,2672
B,implant,hmp_gingiva,B_graded,014,2710
B,implant,hmp_gingiva,B_graded,015,2979
B,implant,hmp_gingiva,B_graded,016,3002
B,implant,hmp_gingiva,B_graded,017,3006
B,implant,hmp_gingiva,B_graded,018,2953
B,implant,hmp_gingiva,B_graded,019,3006
B,implant,hmp_gingiva,B_graded,020,2796
B,implant,hmp_gingiva,B_large,001,2549
B,implant,hmp_gingiva,B_large,002,2556
B,implant,hmp_gingiva,B_large,003,2884
B,implant,hmp_gingiva,B_large,004,2875
B,implant,hmp_gingiva,B_large,005,2649
B,implant,hmp_gingiva,B_large,006,3104
B,implant,hmp_gingiva,B_large,007,2977
B,implant,hmp_gingiva,B_large,008,3069
B,implant,hmp_gingiva,B_large,009,2976
B,implant,hmp_gingiva,B_large,010,3038
B,implant,hmp_gingiva,B_large,011,2824
B,implant,hmp_gingiva,B_large,012,2799
B,implant,hmp_gingiva,B_large,013,3106
B,implant,hmp_gingiva,B_large,014,2922
B,implant,hmp_gingiva,B_large,015,2992
B,implant,hmp_gingiva,B_large,016,3013
B,implant,hmp_gingiva,B_large,017,2962
B,implant,hmp_gingiva,B_large,018,2675
B,implant,hmp_gingiva,B_large,019,3029
B,implant,hmp_gingiva,B_large,020,2448
B,implant,hmp_gingiva,B_n100,001,3058
B,implant,hmp_gingiva,B_n100,002,3077
B,implant,hmp_gingiva,B_n100,003,3046
B,implant,hmp_gingiva,B_n100,004,2987
B,implant,hmp_gingiva,B_n100,005,3057
B,implant,hmp_gingiva,B_n100,006,3038
B,implant,hmp_gingiva,B_n100,007,3029
B,implant,hmp_gingiva,B_n100,008,2919
B,implant,hmp_gingiva,B_n100,009,3116
B,implant,hmp_gingiva,B_n100,010,3056
B,implant,hmp_gingiva,B_n100,011,3038
B,implant,hmp_gingiva,B_n100,012,2617
B,implant,hmp_gingiva,B_n100,013,3087
B,implant,hmp_gingiva,B_n100,014,3010
B,implant,hmp_gingiva,B_n100,015,3048
B,implant,hmp_gingiva,B_n100,016,2951
B,implant,hmp_gingiva,B_n100,017,3096
B,implant,hmp_gingiva,B_n100,018,3033
B,implant,hmp_gingiva,B_n100,019,3094
B,implant,hmp_gingiva,B_n100,020,3085
B,implant,hmp_gingiva,B_n20,001,1613
B,implant,hmp_gingiva,B_n20,002,1726
B,implant,hmp_gingiva,B_n20,003,1624
B,implant,hmp_gingiva,B_n20,004,1711
B,implant,hmp_gingiva,B_n20,005,1775
B,implant,hmp_gingiva,B_n20,006,1632
B,implant,hmp_gingiva,B_n20,007,1705
B,implant,hmp_gingiva,B_n20,008,1528
B,implant,hmp_gingiva,B_n20,009,1683
B,implant,hmp_gingiva,B_n20,010,1702
B,implant,hmp_gingiva,B_n20,011,1559
B,implant,hmp_gingiva,B_n20,012,1614
B,implant,hmp_gingiva,B_n20,013,1697
B,implant,hmp_gingiva,B_n20,014,1645
B,implant,hmp_gingiva,B_n20,015,1738
B,implant,hmp_gingiva,B_n20,016,1757
B,implant,hmp_gingiva,B_n20,017,1624
B,implant,hmp_gingiva,B_n20,018,1660
B,implant,hmp_gingiva,B_n20,019,1564
B,implant,hmp_gingiva,B_n20,020,1900
B,implant,hmp_gingiva,B_null,001,2999
B,implant,hmp_gingiva,B_null,002,3016
B,implant,hmp_gingiva,B_null,003,2952
B,implant,hmp_gingiva,B_null,004,2888
B,implant,hmp_gingiva,B_null,005,2812
B,implant,hmp_gingiva,B_null,006,3077
B,implant,hmp_gingiva,B_null,007,3193
B,implant,hmp_gingiva,B_null,008,2777
B,implant,hmp_gingiva,B_null,009,2568
B,implant,hmp_gingiva,B_null,010,3149
B,implant,hmp_gingiva,B_null,011,2872
B,implant,hmp_gingiva,B_null,012,3069
B,implant,hmp_gingiva,B_null,013,2824
B,implant,hmp_gingiva,B_null,014,3005
B,implant,hmp_gingiva,B_null,015,2877
B,implant,hmp_gingiva,B_null,016,3020
B,implant,hmp_gingiva,B_null,017,3052
B,implant,hmp_gingiva,B_null,018,2722
B,implant,hmp_gingiva,B_null,019,3010
B,implant,hmp_gingiva,B_null,020,2837
B,implant,hmp_gingiva,B_null,021,2727
B,implant,hmp_gingiva,B_null,022,2968
B,implant,hmp_gingiva,B_null,023,3012
B,implant,hmp_gingiva,B_null,024,3008
B,implant,hmp_gingiva,B_null,025,3113
B,implant,hmp_gingiva,B_null,026,3007
B,implant,hmp_gingiva,B_null,027,3070
B,implant,hmp_gingiva,B_null,028,2693
B,implant,hmp_gingiva,B_null,029,2982
B,implant,hmp_gingiva,B_null,030,2872
B,implant,hmp_gingiva,B_null,031,2871
B,implant,hmp_gingiva,B_null,032,3053
B,implant,hmp_gingiva,B_null,033,2700
B,implant,hmp_gingiva,B_null,034,2662
B,implant,hmp_gingiva,B_null,035,2941
B,implant,hmp_gingiva,B_null,036,2937
B,implant,hmp_gingiva,B_null,037,2926
B,implant,hmp_gingiva,B_null,038,2920
B,implant,hmp_gingiva,B_null,039,3089
B,implant,hmp_gingiva,B_null,040,2943
B,implant,hmp_gingiva,B_null,041,2971
B,implant,hmp_gingiva,B_null,042,2878
B,implant,hmp_gingiva,B_null,043,2778
B,implant,hmp_gingiva,B_null,044,2631
B,implant,hmp_gingiva,B_null,045,2732
B,implant,hmp_gingiva,B_null,046,3134
B,implant,hmp_gingiva,B_null,047,2998
B,implant,hmp_gingiva,B_null,048,2513
B,implant,hmp_gingiva,B_null,049,3006
B,implant,hmp_gingiva,B_null,050,2935
B,implant,hmp_gingiva,B_prev,001,2953
B,implant,hmp_gingiva,B_prev,002,2608
B,implant,hmp_gingiva,B_prev,003,3004
B,implant,hmp_gingiva,B_prev,004,3027
B,implant,hmp_gingiva,B_prev,005,2890
B,implant,hmp_gingiva,B_prev,006,2877
B,implant,hmp_gingiva,B_prev,007,2999
B,implant,hmp_gingiva,B_prev,008,3054
B,implant,hmp_gingiva,B_prev,009,3087
B,implant,hmp_gingiva,B_prev,010,2774
B,implant,hmp_gingiva,B_prev,011,3118
B,implant,hmp_gingiva,B_prev,012,2718
B,implant,hmp_gingiva,B_prev,013,2612
B,implant,hmp_gingiva,B_prev,014,2465
B,implant,hmp_gingiva,B_prev,015,2915
B,implant,hmp_gingiva,B_prev,016,3015
B,implant,hmp_gingiva,B_prev,017,2965
B,implant,hmp_gingiva,B_prev,018,3027
B,implant,hmp_gingiva,B_prev,019,2969
B,implant,hmp_gingiva,B_prev,020,2805
B,implant,hmp_gingiva,B_ref,001,3041
B,implant,hmp_gingiva,B_ref,002,3039
B,implant,hmp_gingiva,B_ref,003,2961
B,implant,hmp_gingiva,B_ref,004,2993
B,implant,hmp_gingiva,B_ref,005,3007
B,implant,hmp_gingiva,B_ref,006,3027
B,implant,hmp_gingiva,B_ref,007,2820
B,implant,hmp_gingiva,B_ref,008,2974
B,implant,hmp_gingiva,B_ref,009,2882
B,implant,hmp_gingiva,B_ref,010,2644
B,implant,hmp_gingiva,B_ref,011,2975
B,implant,hmp_gingiva,B_ref,012,2902
B,implant,hmp_gingiva,B_ref,013,2816
B,implant,hmp_gingiva,B_ref,014,2570
B,implant,hmp_gingiva,B_ref,015,2644
B,implant,hmp_gingiva,B_ref,016,2975
B,implant,hmp_gingiva,B_ref,017,2742
B,implant,hmp_gingiva,B_ref,018,2958
B,implant,hmp_gingiva,B_ref,019,3006
B,implant,hmp_gingiva,B_ref,020,2464
B,implant,hmp_gingiva,B_small,001,2637
B,implant,hmp_gingiva,B_small,002,2958
B,implant,hmp_gingiva,B_small,003,2514
B,implant,hmp_gingiva,B_small,004,2924
B,implant,hmp_gingiva,B_small,005,2812
B,implant,hmp_gingiva,B_small,006,2973
B,implant,hmp_gingiva,B_small,007,2959
B,implant,hmp_gingiva,B_small,008,2948
B,implant,hmp_gingiva,B_small,009,3007
B,implant,hmp_gingiva,B_small,010,2869
B,implant,hmp_gingiva,B_small,011,2888
B,implant,hmp_gingiva,B_small,012,2960
B,implant,hmp_gingiva,B_small,013,2646
B,implant,hmp_gingiva,B_small,014,3059
B,implant,hmp_gingiva,B_small,015,2655
B,implant,hmp_gingiva,B_small,016,3031
B,implant,hmp_gingiva,B_small,017,3018
B,implant,hmp_gingiva,B_small,018,2954
B,implant,hmp_gingiva,B_small,019,2977
B,implant,hmp_gingiva,B_small,020,3036
B,implant,hmp_skin_ear,B_abund,001,2222
B,implant,hmp_skin_ear,B_abund,002,2207
B,implant,hmp_skin_ear,B_abund,003,2131
B,implant,hmp_skin_ear,B_abund,004,2205
B,implant,hmp_skin_ear,B_abund,005,2201
B,implant,hmp_skin_ear,B_abund,006,2323
B,implant,hmp_skin_ear,B_abund,007,2150
B,implant,hmp_skin_ear,B_abund,008,2257
B,implant,hmp_skin_ear,B_abund,009,2307
B,implant,hmp_skin_ear,B_abund,010,2200
B,implant,hmp_skin_ear,B_abund,011,2260
B,implant,hmp_skin_ear,B_abund,012,2344
B,implant,hmp_skin_ear,B_abund,013,2077
B,implant,hmp_skin_ear,B_abund,014,2158
B,implant,hmp_skin_ear,B_abund,015,2242
B,implant,hmp_skin_ear,B_abund,016,2140
B,implant,hmp_skin_ear,B_abund,017,2216
B,implant,hmp_skin_ear,B_abund,018,2224
B,implant,hmp_skin_ear,B_abund,019,2297
B,implant,hmp_skin_ear,B_abund,020,2191
B,implant,hmp_skin_ear,B_allup,001,2153
B,implant,hmp_skin_ear,B_allup,002,2153
B,implant,hmp_skin_ear,B_allup,003,2207
B,implant,hmp_skin_ear,B_allup,004,2179
B,implant,hmp_skin_ear,B_allup,005,2215
B,implant,hmp_skin_ear,B_allup,006,2259
B,implant,hmp_skin_ear,B_allup,007,2223
B,implant,hmp_skin_ear,B_allup,008,2184
B,implant,hmp_skin_ear,B_allup,009,2159
B,implant,hmp_skin_ear,B_allup,010,2064
B,implant,hmp_skin_ear,B_allup,011,2119
B,implant,hmp_skin_ear,B_allup,012,2137
B,implant,hmp_skin_ear,B_allup,013,2238
B,implant,hmp_skin_ear,B_allup,014,2218
B,implant,hmp_skin_ear,B_allup,015,2143
B,implant,hmp_skin_ear,B_allup,016,2168
B,implant,hmp_skin_ear,B_allup,017,2158
B,implant,hmp_skin_ear,B_allup,018,2042
B,implant,hmp_skin_ear,B_allup,019,2238
B,implant,hmp_skin_ear,B_allup,020,2205
B,implant,hmp_skin_ear,B_conf04,001,2142
B,implant,hmp_skin_ear,B_conf04,002,2168
B,implant,hmp_skin_ear,B_conf04,003,2198
B,implant,hmp_skin_ear,B_conf04,004,2088
B,implant,hmp_skin_ear,B_conf04,005,2164
B,implant,hmp_skin_ear,B_conf04,006,2174
B,implant,hmp_skin_ear,B_conf04,007,2167
B,implant,hmp_skin_ear,B_conf04,008,2221
B,implant,hmp_skin_ear,B_conf04,009,2173
B,implant,hmp_skin_ear,B_conf04,010,2224
B,implant,hmp_skin_ear,B_conf04,011,2225
B,implant,hmp_skin_ear,B_conf04,012,2162
B,implant,hmp_skin_ear,B_conf04,013,2075
B,implant,hmp_skin_ear,B_conf04,014,2119
B,implant,hmp_skin_ear,B_conf04,015,2264
B,implant,hmp_skin_ear,B_conf04,016,2249
B,implant,hmp_skin_ear,B_conf04,017,2055
B,implant,hmp_skin_ear,B_conf04,018,2226
B,implant,hmp_skin_ear,B_conf04,019,2181
B,implant,hmp_skin_ear,B_conf04,020,2192
B,implant,hmp_skin_ear,B_conf07,001,2232
B,implant,hmp_skin_ear,B_conf07,002,2025
B,implant,hmp_skin_ear,B_conf07,003,2181
B,implant,hmp_skin_ear,B_conf07,004,2165
B,implant,hmp_skin_ear,B_conf07,005,2349
B,implant,hmp_skin_ear,B_conf07,006,2237
B,implant,hmp_skin_ear,B_conf07,007,2150
B,implant,hmp_skin_ear,B_conf07,008,2442
B,implant,hmp_skin_ear,B_conf07,009,2583
B,implant,hmp_skin_ear,B_conf07,010,2323
B,implant,hmp_skin_ear,B_conf07,011,2183
B,implant,hmp_skin_ear,B_conf07,012,2225
B,implant,hmp_skin_ear,B_conf07,013,2240
B,implant,hmp_skin_ear,B_conf07,014,2011
B,implant,hmp_skin_ear,B_conf07,015,2316
B,implant,hmp_skin_ear,B_conf07,016,2265
B,implant,hmp_skin_ear,B_conf07,017,2152
B,implant,hmp_skin_ear,B_conf07,018,2130
B,implant,hmp_skin_ear,B_conf07,019,2154
B,implant,hmp_skin_ear,B_conf07,020,2198
B,implant,hmp_skin_ear,B_cont,001,2266
B,implant,hmp_skin_ear,B_cont,002,2250
B,implant,hmp_skin_ear,B_cont,003,2216
B,implant,hmp_skin_ear,B_cont,004,2260
B,implant,hmp_skin_ear,B_cont,005,2217
B,implant,hmp_skin_ear,B_cont,006,2131
B,implant,hmp_skin_ear,B_cont,007,2302
B,implant,hmp_skin_ear,B_cont,008,2227
B,implant,hmp_skin_ear,B_cont,009,2078
B,implant,hmp_skin_ear,B_cont,010,2140
B,implant,hmp_skin_ear,B_cont,011,2086
B,implant,hmp_skin_ear,B_cont,012,2167
B,implant,hmp_skin_ear,B_cont,013,2302
B,implant,hmp_skin_ear,B_cont,014,2271
B,implant,hmp_skin_ear,B_cont,015,2221
B,implant,hmp_skin_ear,B_cont,016,2017
B,implant,hmp_skin_ear,B_cont,017,2147
B,implant,hmp_skin_ear,B_cont,018,2171
B,implant,hmp_skin_ear,B_cont,019,2162
B,implant,hmp_skin_ear,B_cont,020,2103
B,implant,hmp_skin_ear,B_da05,001,2033
B,implant,hmp_skin_ear,B_da05,002,2261
B,implant,hmp_skin_ear,B_da05,003,2267
B,implant,hmp_skin_ear,B_da05,004,2127
B,implant,hmp_skin_ear,B_da05,005,2299
B,implant,hmp_skin_ear,B_da05,006,2181
B,implant,hmp_skin_ear,B_da05,007,2273
B,implant,hmp_skin_ear,B_da05,008,2123
B,implant,hmp_skin_ear,B_da05,009,2195
B,implant,hmp_skin_ear,B_da05,010,2260
B,implant,hmp_skin_ear,B_da05,011,2144
B,implant,hmp_skin_ear,B_da05,012,2338
B,implant,hmp_skin_ear,B_da05,013,2210
B,implant,hmp_skin_ear,B_da05,014,2205
B,implant,hmp_skin_ear,B_da05,015,2203
B,implant,hmp_skin_ear,B_da05,016,2271
B,implant,hmp_skin_ear,B_da05,017,2044
B,implant,hmp_skin_ear,B_da05,018,2140
B,implant,hmp_skin_ear,B_da05,019,2258
B,implant,hmp_skin_ear,B_da05,020,2093
B,implant,hmp_skin_ear,B_graded,001,2247
B,implant,hmp_skin_ear,B_graded,002,2256
B,implant,hmp_skin_ear,B_graded,003,2445
B,implant,hmp_skin_ear,B_graded,004,2250
B,implant,hmp_skin_ear,B_graded,005,2214
B,implant,hmp_skin_ear,B_graded,006,2140
B,implant,hmp_skin_ear,B_graded,007,2119
B,implant,hmp_skin_ear,B_graded,008,2248
B,implant,hmp_skin_ear,B_graded,009,2276
B,implant,hmp_skin_ear,B_graded,010,2222
B,implant,hmp_skin_ear,B_graded,011,2205
B,implant,hmp_skin_ear,B_graded,012,2473
B,implant,hmp_skin_ear,B_graded,013,2260
B,implant,hmp_skin_ear,B_graded,014,2200
B,implant,hmp_skin_ear,B_graded,015,2105
B,implant,hmp_skin_ear,B_graded,016,2221
B,implant,hmp_skin_ear,B_graded,017,2228
B,implant,hmp_skin_ear,B_graded,018,2178
B,implant,hmp_skin_ear,B_graded,019,2147
B,implant,hmp_skin_ear,B_graded,020,2115
B,implant,hmp_skin_ear,B_large,001,2175
B,implant,hmp_skin_ear,B_large,002,2232
B,implant,hmp_skin_ear,B_large,003,2137
B,implant,hmp_skin_ear,B_large,004,2233
B,implant,hmp_skin_ear,B_large,005,2161
B,implant,hmp_skin_ear,B_large,006,2179
B,implant,hmp_skin_ear,B_large,007,2065
B,implant,hmp_skin_ear,B_large,008,2167
B,implant,hmp_skin_ear,B_large,009,2093
B,implant,hmp_skin_ear,B_large,010,2287
B,implant,hmp_skin_ear,B_large,011,2137
B,implant,hmp_skin_ear,B_large,012,2324
B,implant,hmp_skin_ear,B_large,013,2232
B,implant,hmp_skin_ear,B_large,014,2310
B,implant,hmp_skin_ear,B_large,015,2363
B,implant,hmp_skin_ear,B_large,016,2114
B,implant,hmp_skin_ear,B_large,017,2280
B,implant,hmp_skin_ear,B_large,018,2191
B,implant,hmp_skin_ear,B_large,019,2183
B,implant,hmp_skin_ear,B_large,020,2176
B,implant,hmp_skin_ear,B_n100,001,2036
B,implant,hmp_skin_ear,B_n100,002,2177
B,implant,hmp_skin_ear,B_n100,003,2362
B,implant,hmp_skin_ear,B_n100,004,2190
B,implant,hmp_skin_ear,B_n100,005,2197
B,implant,hmp_skin_ear,B_n100,006,2173
B,implant,hmp_skin_ear,B_n100,007,2173
B,implant,hmp_skin_ear,B_n100,008,2254
B,implant,hmp_skin_ear,B_n100,009,2184
B,implant,hmp_skin_ear,B_n100,010,2361
B,implant,hmp_skin_ear,B_n100,011,2144
B,implant,hmp_skin_ear,B_n100,012,2163
B,implant,hmp_skin_ear,B_n100,013,2276
B,implant,hmp_skin_ear,B_n100,014,2059
B,implant,hmp_skin_ear,B_n100,015,2020
B,implant,hmp_skin_ear,B_n100,016,2165
B,implant,hmp_skin_ear,B_n100,017,2103
B,implant,hmp_skin_ear,B_n100,018,2002
B,implant,hmp_skin_ear,B_n100,019,2188
B,implant,hmp_skin_ear,B_n100,020,2129
B,implant,hmp_skin_ear,B_n20,001,1561
B,implant,hmp_skin_ear,B_n20,002,1584
B,implant,hmp_skin_ear,B_n20,003,1553
B,implant,hmp_skin_ear,B_n20,004,1523
B,implant,hmp_skin_ear,B_n20,005,1528
B,implant,hmp_skin_ear,B_n20,006,1482
B,implant,hmp_skin_ear,B_n20,007,1591
B,implant,hmp_skin_ear,B_n20,008,1617
B,implant,hmp_skin_ear,B_n20,009,1535
B,implant,hmp_skin_ear,B_n20,010,1589
B,implant,hmp_skin_ear,B_n20,011,1559
B,implant,hmp_skin_ear,B_n20,012,1597
B,implant,hmp_skin_ear,B_n20,013,1638
B,implant,hmp_skin_ear,B_n20,014,1533
B,implant,hmp_skin_ear,B_n20,015,1480
B,implant,hmp_skin_ear,B_n20,016,1578
B,implant,hmp_skin_ear,B_n20,017,1585
B,implant,hmp_skin_ear,B_n20,018,1534
B,implant,hmp_skin_ear,B_n20,019,1549
B,implant,hmp_skin_ear,B_n20,020,1501
B,implant,hmp_skin_ear,B_null,001,2217
B,implant,hmp_skin_ear,B_null,002,2272
B,implant,hmp_skin_ear,B_null,003,2185
B,implant,hmp_skin_ear,B_null,004,2036
B,implant,hmp_skin_ear,B_null,005,2224
B,implant,hmp_skin_ear,B_null,006,2143
B,implant,hmp_skin_ear,B_null,007,2255
B,implant,hmp_skin_ear,B_null,008,2228
B,implant,hmp_skin_ear,B_null,009,2271
B,implant,hmp_skin_ear,B_null,010,2267
B,implant,hmp_skin_ear,B_null,011,2100
B,implant,hmp_skin_ear,B_null,012,2295
B,implant,hmp_skin_ear,B_null,013,2195
B,implant,hmp_skin_ear,B_null,014,2261
B,implant,hmp_skin_ear,B_null,015,2187
B,implant,hmp_skin_ear,B_null,016,2438
B,implant,hmp_skin_ear,B_null,017,2149
B,implant,hmp_skin_ear,B_null,018,2107
B,implant,hmp_skin_ear,B_null,019,2451
B,implant,hmp_skin_ear,B_null,020,2327
B,implant,hmp_skin_ear,B_null,021,2168
B,implant,hmp_skin_ear,B_null,022,2216
B,implant,hmp_skin_ear,B_null,023,2313
B,implant,hmp_skin_ear,B_null,024,2251
B,implant,hmp_skin_ear,B_null,025,2150
B,implant,hmp_skin_ear,B_null,026,2395
B,implant,hmp_skin_ear,B_null,027,2262
B,implant,hmp_skin_ear,B_null,028,2231
B,implant,hmp_skin_ear,B_null,029,2169
B,implant,hmp_skin_ear,B_null,030,2163
B,implant,hmp_skin_ear,B_null,031,2186
B,implant,hmp_skin_ear,B_null,032,2154
B,implant,hmp_skin_ear,B_null,033,2160
B,implant,hmp_skin_ear,B_null,034,2044
B,implant,hmp_skin_ear,B_null,035,2142
B,implant,hmp_skin_ear,B_null,036,2225
B,implant,hmp_skin_ear,B_null,037,2185
B,implant,hmp_skin_ear,B_null,038,2147
B,implant,hmp_skin_ear,B_null,039,2042
B,implant,hmp_skin_ear,B_null,040,2246
B,implant,hmp_skin_ear,B_null,041,2312
B,implant,hmp_skin_ear,B_null,042,2234
B,implant,hmp_skin_ear,B_null,043,2089
B,implant,hmp_skin_ear,B_null,044,2113
B,implant,hmp_skin_ear,B_null,045,2158
B,implant,hmp_skin_ear,B_null,046,2144
B,implant,hmp_skin_ear,B_null,047,2238
B,implant,hmp_skin_ear,B_null,048,2177
B,implant,hmp_skin_ear,B_null,049,2279
B,implant,hmp_skin_ear,B_null,050,2271
B,implant,hmp_skin_ear,B_prev,001,2043
B,implant,hmp_skin_ear,B_prev,002,2149
B,implant,hmp_skin_ear,B_prev,003,2208
B,implant,hmp_skin_ear,B_prev,004,2360
B,implant,hmp_skin_ear,B_prev,005,2140
B,implant,hmp_skin_ear,B_prev,006,2334
B,implant,hmp_skin_ear,B_prev,007,2279
B,implant,hmp_skin_ear,B_prev,008,2195
B,implant,hmp_skin_ear,B_prev,009,2310
B,implant,hmp_skin_ear,B_prev,010,2261
B,implant,hmp_skin_ear,B_prev,011,2224
B,implant,hmp_skin_ear,B_prev,012,2134
B,implant,hmp_skin_ear,B_prev,013,2228
B,implant,hmp_skin_ear,B_prev,014,2236
B,implant,hmp_skin_ear,B_prev,015,2251
B,implant,hmp_skin_ear,B_prev,016,2215
B,implant,hmp_skin_ear,B_prev,017,2636
B,implant,hmp_skin_ear,B_prev,018,2200
B,implant,hmp_skin_ear,B_prev,019,2168
B,implant,hmp_skin_ear,B_prev,020,2219
B,implant,hmp_skin_ear,B_ref,001,2183
B,implant,hmp_skin_ear,B_ref,002,2277
B,implant,hmp_skin_ear,B_ref,003,2160
B,implant,hmp_skin_ear,B_ref,004,2224
B,implant,hmp_skin_ear,B_ref,005,2226
B,implant,hmp_skin_ear,B_ref,006,2236
B,implant,hmp_skin_ear,B_ref,007,2092
B,implant,hmp_skin_ear,B_ref,008,2194
B,implant,hmp_skin_ear,B_ref,009,2257
B,implant,hmp_skin_ear,B_ref,010,2220
B,implant,hmp_skin_ear,B_ref,011,1982
B,implant,hmp_skin_ear,B_ref,012,2168
B,implant,hmp_skin_ear,B_ref,013,2155
B,implant,hmp_skin_ear,B_ref,014,2128
B,implant,hmp_skin_ear,B_ref,015,2278
B,implant,hmp_skin_ear,B_ref,016,2231
B,implant,hmp_skin_ear,B_ref,017,2178
B,implant,hmp_skin_ear,B_ref,018,2167
B,implant,hmp_skin_ear,B_ref,019,2188
B,implant,hmp_skin_ear,B_ref,020,2136
B,implant,hmp_skin_ear,B_small,001,2221
B,implant,hmp_skin_ear,B_small,002,2233
B,implant,hmp_skin_ear,B_small,003,2289
B,implant,hmp_skin_ear,B_small,004,2242
B,implant,hmp_skin_ear,B_small,005,2492
B,implant,hmp_skin_ear,B_small,006,2096
B,implant,hmp_skin_ear,B_small,007,2179
B,implant,hmp_skin_ear,B_small,008,2318
B,implant,hmp_skin_ear,B_small,009,2402
B,implant,hmp_skin_ear,B_small,010,2277
B,implant,hmp_skin_ear,B_small,011,2159
B,implant,hmp_skin_ear,B_small,012,2620
B,implant,hmp_skin_ear,B_small,013,2076
B,implant,hmp_skin_ear,B_small,014,2168
B,implant,hmp_skin_ear,B_small,015,2163
B,implant,hmp_skin_ear,B_small,016,2174
B,implant,hmp_skin_ear,B_small,017,2107
B,implant,hmp_skin_ear,B_small,018,2186
B,implant,hmp_skin_ear,B_small,019,2274
B,implant,hmp_skin_ear,B_small,020,2184
B,implant,hmp_stool,B_abund,001,4713
B,implant,hmp_stool,B_abund,002,5710
B,implant,hmp_stool,B_abund,003,5744
B,implant,hmp_stool,B_abund,004,5435
B,implant,hmp_stool,B_abund,005,6070
B,implant,hmp_stool,B_abund,006,6185
B,implant,hmp_stool,B_abund,007,5871
B,implant,hmp_stool,B_abund,008,5890
B,implant,hmp_stool,B_abund,009,5983
B,implant,hmp_stool,B_abund,010,6743
B,implant,hmp_stool,B_abund,011,5868
B,implant,hmp_stool,B_abund,012,6419
B,implant,hmp_stool,B_abund,013,6029
B,implant,hmp_stool,B_abund,014,5760
B,implant,hmp_stool,B_abund,015,5438
B,implant,hmp_stool,B_abund,016,6020
B,implant,hmp_stool,B_abund,017,6346
B,implant,hmp_stool,B_abund,018,6324
B,implant,hmp_stool,B_abund,019,5710
B,implant,hmp_stool,B_abund,020,6525
B,implant,hmp_stool,B_allup,001,6333
B,implant,hmp_stool,B_allup,002,6233
B,implant,hmp_stool,B_allup,003,6739
B,implant,hmp_stool,B_allup,004,5754
B,implant,hmp_stool,B_allup,005,6176
B,implant,hmp_stool,B_allup,006,5856
B,implant,hmp_stool,B_allup,007,5927
B,implant,hmp_stool,B_allup,008,5669
B,implant,hmp_stool,B_allup,009,6436
B,implant,hmp_stool,B_allup,010,4819
B,implant,hmp_stool,B_allup,011,5126
B,implant,hmp_stool,B_allup,012,5679
B,implant,hmp_stool,B_allup,013,6128
B,implant,hmp_stool,B_allup,014,5574
B,implant,hmp_stool,B_allup,015,6035
B,implant,hmp_stool,B_allup,016,5955
B,implant,hmp_stool,B_allup,017,5921
B,implant,hmp_stool,B_allup,018,5859
B,implant,hmp_stool,B_allup,019,6248
B,implant,hmp_stool,B_allup,020,5543
B,implant,hmp_stool,B_conf04,001,4943
B,implant,hmp_stool,B_conf04,002,6462
B,implant,hmp_stool,B_conf04,003,5591
B,implant,hmp_stool,B_conf04,004,5883
B,implant,hmp_stool,B_conf04,005,5873
B,implant,hmp_stool,B_conf04,006,5860
B,implant,hmp_stool,B_conf04,007,5670
B,implant,hmp_stool,B_conf04,008,5880
B,implant,hmp_stool,B_conf04,009,5562
B,implant,hmp_stool,B_conf04,010,6254
B,implant,hmp_stool,B_conf04,011,6088
B,implant,hmp_stool,B_conf04,012,5987
B,implant,hmp_stool,B_conf04,013,5989
B,implant,hmp_stool,B_conf04,014,6021
B,implant,hmp_stool,B_conf04,015,5939
B,implant,hmp_stool,B_conf04,016,5770
B,implant,hmp_stool,B_conf04,017,5890
B,implant,hmp_stool,B_conf04,018,6108
B,implant,hmp_stool,B_conf04,019,6373
B,implant,hmp_stool,B_conf04,020,6616
B,implant,hmp_stool,B_conf07,001,6150
B,implant,hmp_stool,B_conf07,002,6071
B,implant,hmp_stool,B_conf07,003,5835
B,implant,hmp_stool,B_conf07,004,6173
B,implant,hmp_stool,B_conf07,005,6320
B,implant,hmp_stool,B_conf07,006,5984
B,implant,hmp_stool,B_conf07,007,6175
B,implant,hmp_stool,B_conf07,008,5906
B,implant,hmp_stool,B_conf07,009,5378
B,implant,hmp_stool,B_conf07,010,4863
B,implant,hmp_stool,B_conf07,011,5995
B,implant,hmp_stool,B_conf07,012,5787
B,implant,hmp_stool,B_conf07,013,5823
B,implant,hmp_stool,B_conf07,014,6075
B,implant,hmp_stool,B_conf07,015,6429
B,implant,hmp_stool,B_conf07,016,5108
B,implant,hmp_stool,B_conf07,017,6051
B,implant,hmp_stool,B_conf07,018,6316
B,implant,hmp_stool,B_conf07,019,5853
B,implant,hmp_stool,B_conf07,020,6754
B,implant,hmp_stool,B_cont,001,5718
B,implant,hmp_stool,B_cont,002,6051
B,implant,hmp_stool,B_cont,003,5756
B,implant,hmp_stool,B_cont,004,6386
B,implant,hmp_stool,B_cont,005,5857
B,implant,hmp_stool,B_cont,006,5917
B,implant,hmp_stool,B_cont,007,5353
B,implant,hmp_stool,B_cont,008,5598
B,implant,hmp_stool,B_cont,009,5890
B,implant,hmp_stool,B_cont,010,5970
B,implant,hmp_stool,B_cont,011,5951
B,implant,hmp_stool,B_cont,012,6204
B,implant,hmp_stool,B_cont,013,6213
B,implant,hmp_stool,B_cont,014,6172
B,implant,hmp_stool,B_cont,015,5154
B,implant,hmp_stool,B_cont,016,5669
B,implant,hmp_stool,B_cont,017,6181
B,implant,hmp_stool,B_cont,018,5913
B,implant,hmp_stool,B_cont,019,6341
B,implant,hmp_stool,B_cont,020,5527
B,implant,hmp_stool,B_da05,001,5517
B,implant,hmp_stool,B_da05,002,6332
B,implant,hmp_stool,B_da05,003,5898
B,implant,hmp_stool,B_da05,004,5871
B,implant,hmp_stool,B_da05,005,5604
B,implant,hmp_stool,B_da05,006,6615
B,implant,hmp_stool,B_da05,007,6558
B,implant,hmp_stool,B_da05,008,5844
B,implant,hmp_stool,B_da05,009,5924
B,implant,hmp_stool,B_da05,010,5213
B,implant,hmp_stool,B_da05,011,6004
B,implant,hmp_stool,B_da05,012,6269
B,implant,hmp_stool,B_da05,013,6022
B,implant,hmp_stool,B_da05,014,5807
B,implant,hmp_stool,B_da05,015,6514
B,implant,hmp_stool,B_da05,016,6029
B,implant,hmp_stool,B_da05,017,6317
B,implant,hmp_stool,B_da05,018,6036
B,implant,hmp_stool,B_da05,019,4891
B,implant,hmp_stool,B_da05,020,6626
B,implant,hmp_stool,B_graded,001,6203
B,implant,hmp_stool,B_graded,002,6000
B,implant,hmp_stool,B_graded,003,5912
B,implant,hmp_stool,B_graded,004,6199
B,implant,hmp_stool,B_graded,005,5972
B,implant,hmp_stool,B_graded,006,5906
B,implant,hmp_stool,B_graded,007,5981
B,implant,hmp_stool,B_graded,008,5958
B,implant,hmp_stool,B_graded,009,6638
B,implant,hmp_stool,B_graded,010,6018
B,implant,hmp_stool,B_graded,011,6478
B,implant,hmp_stool,B_graded,012,5570
B,implant,hmp_stool,B_graded,013,5772
B,implant,hmp_stool,B_graded,014,5879
B,implant,hmp_stool,B_graded,015,6256
B,implant,hmp_stool,B_graded,016,5910
B,implant,hmp_stool,B_graded,017,5976
B,implant,hmp_stool,B_graded,018,6437
B,implant,hmp_stool,B_graded,019,5613
B,implant,hmp_stool,B_graded,020,6653
B,implant,hmp_stool,B_large,001,5832
B,implant,hmp_stool,B_large,002,5880
B,implant,hmp_stool,B_large,003,5721
B,implant,hmp_stool,B_large,004,6300
B,implant,hmp_stool,B_large,005,5936
B,implant,hmp_stool,B_large,006,6522
B,implant,hmp_stool,B_large,007,5930
B,implant,hmp_stool,B_large,008,6398
B,implant,hmp_stool,B_large,009,6007
B,implant,hmp_stool,B_large,010,6230
B,implant,hmp_stool,B_large,011,5969
B,implant,hmp_stool,B_large,012,5391
B,implant,hmp_stool,B_large,013,6158
B,implant,hmp_stool,B_large,014,5663
B,implant,hmp_stool,B_large,015,6112
B,implant,hmp_stool,B_large,016,5770
B,implant,hmp_stool,B_large,017,6024
B,implant,hmp_stool,B_large,018,6330
B,implant,hmp_stool,B_large,019,6347
B,implant,hmp_stool,B_large,020,5066
B,implant,hmp_stool,B_n100,001,6058
B,implant,hmp_stool,B_n100,002,6272
B,implant,hmp_stool,B_n100,003,5237
B,implant,hmp_stool,B_n100,004,6135
B,implant,hmp_stool,B_n100,005,6197
B,implant,hmp_stool,B_n100,006,5600
B,implant,hmp_stool,B_n100,007,5853
B,implant,hmp_stool,B_n100,008,5986
B,implant,hmp_stool,B_n100,009,6300
B,implant,hmp_stool,B_n100,010,6050
B,implant,hmp_stool,B_n100,011,6661
B,implant,hmp_stool,B_n100,012,6250
B,implant,hmp_stool,B_n100,013,5447
B,implant,hmp_stool,B_n100,014,6010
B,implant,hmp_stool,B_n100,015,5468
B,implant,hmp_stool,B_n100,016,6131
B,implant,hmp_stool,B_n100,017,6173
B,implant,hmp_stool,B_n100,018,5365
B,implant,hmp_stool,B_n100,019,6161
B,implant,hmp_stool,B_n100,020,5906
B,implant,hmp_stool,B_n20,001,2416
B,implant,hmp_stool,B_n20,002,2326
B,implant,hmp_stool,B_n20,003,2292
B,implant,hmp_stool,B_n20,004,2314
B,implant,hmp_stool,B_n20,005,3026
B,implant,hmp_stool,B_n20,006,2416
B,implant,hmp_stool,B_n20,007,2540
B,implant,hmp_stool,B_n20,008,2399
B,implant,hmp_stool,B_n20,009,2407
B,implant,hmp_stool,B_n20,010,2380
B,implant,hmp_stool,B_n20,011,2366
B,implant,hmp_stool,B_n20,012,2286
B,implant,hmp_stool,B_n20,013,2347
B,implant,hmp_stool,B_n20,014,2153
B,implant,hmp_stool,B_n20,015,2536
B,implant,hmp_stool,B_n20,016,2343
B,implant,hmp_stool,B_n20,017,2356
B,implant,hmp_stool,B_n20,018,2231
B,implant,hmp_stool,B_n20,019,2283
B,implant,hmp_stool,B_n20,020,2291
B,implant,hmp_stool,B_null,001,6252
B,implant,hmp_stool,B_null,002,6391
B,implant,hmp_stool,B_null,003,6295
B,implant,hmp_stool,B_null,004,6408
B,implant,hmp_stool,B_null,005,6435
B,implant,hmp_stool,B_null,006,5984
B,implant,hmp_stool,B_null,007,5865
B,implant,hmp_stool,B_null,008,4918
B,implant,hmp_stool,B_null,009,6059
B,implant,hmp_stool,B_null,010,5932
B,implant,hmp_stool,B_null,011,6561
B,implant,hmp_stool,B_null,012,6018
B,implant,hmp_stool,B_null,013,5785
B,implant,hmp_stool,B_null,014,5826
B,implant,hmp_stool,B_null,015,6737
B,implant,hmp_stool,B_null,016,6502
B,implant,hmp_stool,B_null,017,6398
B,implant,hmp_stool,B_null,018,5537
B,implant,hmp_stool,B_null,019,6064
B,implant,hmp_stool,B_null,020,5947
B,implant,hmp_stool,B_null,021,5605
B,implant,hmp_stool,B_null,022,5841
B,implant,hmp_stool,B_null,023,6325
B,implant,hmp_stool,B_null,024,5292
B,implant,hmp_stool,B_null,025,5705
B,implant,hmp_stool,B_null,026,6265
B,implant,hmp_stool,B_null,027,5486
B,implant,hmp_stool,B_null,028,6222
B,implant,hmp_stool,B_null,029,5704
B,implant,hmp_stool,B_null,030,6117
B,implant,hmp_stool,B_null,031,6808
B,implant,hmp_stool,B_null,032,5842
B,implant,hmp_stool,B_null,033,6515
B,implant,hmp_stool,B_null,034,6325
B,implant,hmp_stool,B_null,035,6002
B,implant,hmp_stool,B_null,036,5608
B,implant,hmp_stool,B_null,037,5679
B,implant,hmp_stool,B_null,038,5900
B,implant,hmp_stool,B_null,039,5930
B,implant,hmp_stool,B_null,040,6808
B,implant,hmp_stool,B_null,041,5668
B,implant,hmp_stool,B_null,042,6465
B,implant,hmp_stool,B_null,043,5863
B,implant,hmp_stool,B_null,044,6027
B,implant,hmp_stool,B_null,045,6679
B,implant,hmp_stool,B_null,046,6182
B,implant,hmp_stool,B_null,047,6191
B,implant,hmp_stool,B_null,048,5405
B,implant,hmp_stool,B_null,049,5946
B,implant,hmp_stool,B_null,050,5939
B,implant,hmp_stool,B_prev,001,6087
B,implant,hmp_stool,B_prev,002,5710
B,implant,hmp_stool,B_prev,003,5836
B,implant,hmp_stool,B_prev,004,6430
B,implant,hmp_stool,B_prev,005,6559
B,implant,hmp_stool,B_prev,006,6034
B,implant,hmp_stool,B_prev,007,6556
B,implant,hmp_stool,B_prev,008,6121
B,implant,hmp_stool,B_prev,009,5661
B,implant,hmp_stool,B_prev,010,6642
B,implant,hmp_stool,B_prev,011,6059
B,implant,hmp_stool,B_prev,012,6286
B,implant,hmp_stool,B_prev,013,6021
B,implant,hmp_stool,B_prev,014,5897
B,implant,hmp_stool,B_prev,015,5928
B,implant,hmp_stool,B_prev,016,5658
B,implant,hmp_stool,B_prev,017,5954
B,implant,hmp_stool,B_prev,018,6287
B,implant,hmp_stool,B_prev,019,6419
B,implant,hmp_stool,B_prev,020,5427
B,implant,hmp_stool,B_ref,001,5910
B,implant,hmp_stool,B_ref,002,6361
B,implant,hmp_stool,B_ref,003,5667
B,implant,hmp_stool,B_ref,004,6598
B,implant,hmp_stool,B_ref,005,6149
B,implant,hmp_stool,B_ref,006,6041
B,implant,hmp_stool,B_ref,007,6051
B,implant,hmp_stool,B_ref,008,5835
B,implant,hmp_stool,B_ref,009,5133
B,implant,hmp_stool,B_ref,010,6276
B,implant,hmp_stool,B_ref,011,5766
B,implant,hmp_stool,B_ref,012,6208
B,implant,hmp_stool,B_ref,013,4805
B,implant,hmp_stool,B_ref,014,5456
B,implant,hmp_stool,B_ref,015,6197
B,implant,hmp_stool,B_ref,016,6183
B,implant,hmp_stool,B_ref,017,6211
B,implant,hmp_stool,B_ref,018,6765
B,implant,hmp_stool,B_ref,019,5905
B,implant,hmp_stool,B_ref,020,5397
B,implant,hmp_stool,B_small,001,7025
B,implant,hmp_stool,B_small,002,6077
B,implant,hmp_stool,B_small,003,6457
B,implant,hmp_stool,B_small,004,6409
B,implant,hmp_stool,B_small,005,6006
B,implant,hmp_stool,B_small,006,4879
B,implant,hmp_stool,B_small,007,6077
B,implant,hmp_stool,B_small,008,5956
B,implant,hmp_stool,B_small,009,4714
B,implant,hmp_stool,B_small,010,5383
B,implant,hmp_stool,B_small,011,5546
B,implant,hmp_stool,B_small,012,6413
B,implant,hmp_stool,B_small,013,5984
B,implant,hmp_stool,B_small,014,5874
B,implant,hmp_stool,B_small,015,6411
B,implant,hmp_stool,B_small,016,6429
B,implant,hmp_stool,B_small,017,5989
B,implant,hmp_stool,B_small,018,4813
B,implant,hmp_stool,B_small,019,5320
B,implant,hmp_stool,B_small,020,5889
B,implant,hmp_vagina,B_abund,001,2010
B,implant,hmp_vagina,B_abund,002,2134
B,implant,hmp_vagina,B_abund,003,1928
B,implant,hmp_vagina,B_abund,004,1952
B,implant,hmp_vagina,B_abund,005,2030
B,implant,hmp_vagina,B_abund,006,1988
B,implant,hmp_vagina,B_abund,007,1978
B,implant,hmp_vagina,B_abund,008,1977
B,implant,hmp_vagina,B_abund,009,2067
B,implant,hmp_vagina,B_abund,010,1928
B,implant,hmp_vagina,B_abund,011,1901
B,implant,hmp_vagina,B_abund,012,1941
B,implant,hmp_vagina,B_abund,013,1934
B,implant,hmp_vagina,B_abund,014,1995
B,implant,hmp_vagina,B_abund,015,1906
B,implant,hmp_vagina,B_abund,016,1963
B,implant,hmp_vagina,B_abund,017,1971
B,implant,hmp_vagina,B_abund,018,1907
B,implant,hmp_vagina,B_abund,019,1959
B,implant,hmp_vagina,B_abund,020,1879
B,implant,hmp_vagina,B_allup,001,1954
B,implant,hmp_vagina,B_allup,002,1953
B,implant,hmp_vagina,B_allup,003,1950
B,implant,hmp_vagina,B_allup,004,1989
B,implant,hmp_vagina,B_allup,005,1843
B,implant,hmp_vagina,B_allup,006,1994
B,implant,hmp_vagina,B_allup,007,1966
B,implant,hmp_vagina,B_allup,008,1934
B,implant,hmp_vagina,B_allup,009,2031
B,implant,hmp_vagina,B_allup,010,1924
B,implant,hmp_vagina,B_allup,011,1929
B,implant,hmp_vagina,B_allup,012,1993
B,implant,hmp_vagina,B_allup,013,1834
B,implant,hmp_vagina,B_allup,014,1974
B,implant,hmp_vagina,B_allup,015,1968
B,implant,hmp_vagina,B_allup,016,2007
B,implant,hmp_vagina,B_allup,017,1915
B,implant,hmp_vagina,B_allup,018,1980
B,implant,hmp_vagina,B_allup,019,1846
B,implant,hmp_vagina,B_allup,020,1941
B,implant,hmp_vagina,B_conf04,001,1909
B,implant,hmp_vagina,B_conf04,002,1929
B,implant,hmp_vagina,B_conf04,003,1921
B,implant,hmp_vagina,B_conf04,004,2033
B,implant,hmp_vagina,B_conf04,005,1870
B,implant,hmp_vagina,B_conf04,006,1925
B,implant,hmp_vagina,B_conf04,007,1967
B,implant,hmp_vagina,B_conf04,008,1957
B,implant,hmp_vagina,B_conf04,009,1994
B,implant,hmp_vagina,B_conf04,010,1995
B,implant,hmp_vagina,B_conf04,011,1897
B,implant,hmp_vagina,B_conf04,012,2055
B,implant,hmp_vagina,B_conf04,013,1950
B,implant,hmp_vagina,B_conf04,014,1953
B,implant,hmp_vagina,B_conf04,015,1964
B,implant,hmp_vagina,B_conf04,016,1948
B,implant,hmp_vagina,B_conf04,017,1896
B,implant,hmp_vagina,B_conf04,018,1967
B,implant,hmp_vagina,B_conf04,019,2004
B,implant,hmp_vagina,B_conf04,020,1980
B,implant,hmp_vagina,B_conf07,001,2070
B,implant,hmp_vagina,B_conf07,002,2019
B,implant,hmp_vagina,B_conf07,003,1992
B,implant,hmp_vagina,B_conf07,004,1931
B,implant,hmp_vagina,B_conf07,005,1939
B,implant,hmp_vagina,B_conf07,006,1906
B,implant,hmp_vagina,B_conf07,007,2051
B,implant,hmp_vagina,B_conf07,008,1877
B,implant,hmp_vagina,B_conf07,009,1998
B,implant,hmp_vagina,B_conf07,010,2113
B,implant,hmp_vagina,B_conf07,011,1975
B,implant,hmp_vagina,B_conf07,012,1919
B,implant,hmp_vagina,B_conf07,013,1982
B,implant,hmp_vagina,B_conf07,014,1993
B,implant,hmp_vagina,B_conf07,015,1967
B,implant,hmp_vagina,B_conf07,016,2001
B,implant,hmp_vagina,B_conf07,017,1892
B,implant,hmp_vagina,B_conf07,018,2018
B,implant,hmp_vagina,B_conf07,019,2020
B,implant,hmp_vagina,B_conf07,020,2022
B,implant,hmp_vagina,B_cont,001,1871
B,implant,hmp_vagina,B_cont,002,1908
B,implant,hmp_vagina,B_cont,003,1959
B,implant,hmp_vagina,B_cont,004,1935
B,implant,hmp_vagina,B_cont,005,1874
B,implant,hmp_vagina,B_cont,006,1929
B,implant,hmp_vagina,B_cont,007,1955
B,implant,hmp_vagina,B_cont,008,1984
B,implant,hmp_vagina,B_cont,009,2041
B,implant,hmp_vagina,B_cont,010,1895
B,implant,hmp_vagina,B_cont,011,2046
B,implant,hmp_vagina,B_cont,012,2057
B,implant,hmp_vagina,B_cont,013,1975
B,implant,hmp_vagina,B_cont,014,1951
B,implant,hmp_vagina,B_cont,015,1998
B,implant,hmp_vagina,B_cont,016,2058
B,implant,hmp_vagina,B_cont,017,1959
B,implant,hmp_vagina,B_cont,018,1937
B,implant,hmp_vagina,B_cont,019,1872
B,implant,hmp_vagina,B_cont,020,1966
B,implant,hmp_vagina,B_da05,001,2060
B,implant,hmp_vagina,B_da05,002,1880
B,implant,hmp_vagina,B_da05,003,1984
B,implant,hmp_vagina,B_da05,004,2000
B,implant,hmp_vagina,B_da05,005,1950
B,implant,hmp_vagina,B_da05,006,2033
B,implant,hmp_vagina,B_da05,007,1952
B,implant,hmp_vagina,B_da05,008,1998
B,implant,hmp_vagina,B_da05,009,2054
B,implant,hmp_vagina,B_da05,010,2074
B,implant,hmp_vagina,B_da05,011,1954
B,implant,hmp_vagina,B_da05,012,1903
B,implant,hmp_vagina,B_da05,013,2029
B,implant,hmp_vagina,B_da05,014,1823
B,implant,hmp_vagina,B_da05,015,1754
B,implant,hmp_vagina,B_da05,016,1925
B,implant,hmp_vagina,B_da05,017,1987
B,implant,hmp_vagina,B_da05,018,1988
B,implant,hmp_vagina,B_da05,019,2021
B,implant,hmp_vagina,B_da05,020,1978
B,implant,hmp_vagina,B_graded,001,1975
B,implant,hmp_vagina,B_graded,002,1875
B,implant,hmp_vagina,B_graded,003,1956
B,implant,hmp_vagina,B_graded,004,1975
B,implant,hmp_vagina,B_graded,005,1968
B,implant,hmp_vagina,B_graded,006,1775
B,implant,hmp_vagina,B_graded,007,1929
B,implant,hmp_vagina,B_graded,008,1985
B,implant,hmp_vagina,B_graded,009,2030
B,implant,hmp_vagina,B_graded,010,1759
B,implant,hmp_vagina,B_graded,011,1959
B,implant,hmp_vagina,B_graded,012,1990
B,implant,hmp_vagina,B_graded,013,1974
B,implant,hmp_vagina,B_graded,014,1974
B,implant,hmp_vagina,B_graded,015,1938
B,implant,hmp_vagina,B_graded,016,2001
B,implant,hmp_vagina,B_graded,017,2019
B,implant,hmp_vagina,B_graded,018,1952
B,implant,hmp_vagina,B_graded,019,1947
B,implant,hmp_vagina,B_graded,020,1994
B,implant,hmp_vagina,B_large,001,1950
B,implant,hmp_vagina,B_large,002,1978
B,implant,hmp_vagina,B_large,003,2097
B,implant,hmp_vagina,B_large,004,2069
B,implant,hmp_vagina,B_large,005,1972
B,implant,hmp_vagina,B_large,006,2031
B,implant,hmp_vagina,B_large,007,1994
B,implant,hmp_vagina,B_large,008,1990
B,implant,hmp_vagina,B_large,009,1997
B,implant,hmp_vagina,B_large,010,1978
B,implant,hmp_vagina,B_large,011,2001
B,implant,hmp_vagina,B_large,012,1990
B,implant,hmp_vagina,B_large,013,1951
B,implant,hmp_vagina,B_large,014,1814
B,implant,hmp_vagina,B_large,015,2065
B,implant,hmp_vagina,B_large,016,1844
B,implant,hmp_vagina,B_large,017,1950
B,implant,hmp_vagina,B_large,018,2049
B,implant,hmp_vagina,B_large,019,2020
B,implant,hmp_vagina,B_large,020,1881
B,implant,hmp_vagina,B_n100,001,1966
B,implant,hmp_vagina,B_n100,002,1912
B,implant,hmp_vagina,B_n100,003,1782
B,implant,hmp_vagina,B_n100,004,1959
B,implant,hmp_vagina,B_n100,005,1832
B,implant,hmp_vagina,B_n100,006,2014
B,implant,hmp_vagina,B_n100,007,1883
B,implant,hmp_vagina,B_n100,008,1846
B,implant,hmp_vagina,B_n100,009,1835
B,implant,hmp_vagina,B_n100,010,1931
B,implant,hmp_vagina,B_n100,011,1900
B,implant,hmp_vagina,B_n100,012,1990
B,implant,hmp_vagina,B_n100,013,1804
B,implant,hmp_vagina,B_n100,014,1903
B,implant,hmp_vagina,B_n100,015,1864
B,implant,hmp_vagina,B_n100,016,2054
B,implant,hmp_vagina,B_n100,017,1972
B,implant,hmp_vagina,B_n100,018,1972
B,implant,hmp_vagina,B_n100,019,1977
B,implant,hmp_vagina,B_n100,020,2029
B,implant,hmp_vagina,B_n20,001,1529
B,implant,hmp_vagina,B_n20,002,1525
B,implant,hmp_vagina,B_n20,003,1529
B,implant,hmp_vagina,B_n20,004,1470
B,implant,hmp_vagina,B_n20,005,1463
B,implant,hmp_vagina,B_n20,006,1534
B,implant,hmp_vagina,B_n20,007,1484
B,implant,hmp_vagina,B_n20,008,1528
B,implant,hmp_vagina,B_n20,009,1482
B,implant,hmp_vagina,B_n20,010,1480
B,implant,hmp_vagina,B_n20,011,1530
B,implant,hmp_vagina,B_n20,012,1486
B,implant,hmp_vagina,B_n20,013,1470
B,implant,hmp_vagina,B_n20,014,1543
B,implant,hmp_vagina,B_n20,015,1512
B,implant,hmp_vagina,B_n20,016,1533
B,implant,hmp_vagina,B_n20,017,1534
B,implant,hmp_vagina,B_n20,018,1513
B,implant,hmp_vagina,B_n20,019,1514
B,implant,hmp_vagina,B_n20,020,1488
B,implant,hmp_vagina,B_null,001,1913
B,implant,hmp_vagina,B_null,002,1992
B,implant,hmp_vagina,B_null,003,1991
B,implant,hmp_vagina,B_null,004,1978
B,implant,hmp_vagina,B_null,005,1996
B,implant,hmp_vagina,B_null,006,1999
B,implant,hmp_vagina,B_null,007,1812
B,implant,hmp_vagina,B_null,008,1956
B,implant,hmp_vagina,B_null,009,2124
B,implant,hmp_vagina,B_null,010,1982
B,implant,hmp_vagina,B_null,011,1980
B,implant,hmp_vagina,B_null,012,1987
B,implant,hmp_vagina,B_null,013,1990
B,implant,hmp_vagina,B_null,014,1864
B,implant,hmp_vagina,B_null,015,1923
B,implant,hmp_vagina,B_null,016,1880
B,implant,hmp_vagina,B_null,017,1887
B,implant,hmp_vagina,B_null,018,2111
B,implant,hmp_vagina,B_null,019,1930
B,implant,hmp_vagina,B_null,020,1977
B,implant,hmp_vagina,B_null,021,1996
B,implant,hmp_vagina,B_null,022,2040
B,implant,hmp_vagina,B_null,023,1957
B,implant,hmp_vagina,B_null,024,2065
B,implant,hmp_vagina,B_null,025,1905
B,implant,hmp_vagina,B_null,026,1989
B,implant,hmp_vagina,B_null,027,2110
B,implant,hmp_vagina,B_null,028,1947
B,implant,hmp_vagina,B_null,029,1975
B,implant,hmp_vagina,B_null,030,2010
B,implant,hmp_vagina,B_null,031,1860
B,implant,hmp_vagina,B_null,032,2057
B,implant,hmp_vagina,B_null,033,1975
B,implant,hmp_vagina,B_null,034,2030
B,implant,hmp_vagina,B_null,035,1950
B,implant,hmp_vagina,B_null,036,1879
B,implant,hmp_vagina,B_null,037,2035
B,implant,hmp_vagina,B_null,038,1938
B,implant,hmp_vagina,B_null,039,2006
B,implant,hmp_vagina,B_null,040,1936
B,implant,hmp_vagina,B_null,041,1982
B,implant,hmp_vagina,B_null,042,1979
B,implant,hmp_vagina,B_null,043,1851
B,implant,hmp_vagina,B_null,044,1998
B,implant,hmp_vagina,B_null,045,2000
B,implant,hmp_vagina,B_null,046,1834
B,implant,hmp_vagina,B_null,047,1882
B,implant,hmp_vagina,B_null,048,1935
B,implant,hmp_vagina,B_null,049,1891
B,implant,hmp_vagina,B_null,050,2020
B,implant,hmp_vagina,B_prev,001,1970
B,implant,hmp_vagina,B_prev,002,2031
B,implant,hmp_vagina,B_prev,003,1990
B,implant,hmp_vagina,B_prev,004,2004
B,implant,hmp_vagina,B_prev,005,1957
B,implant,hmp_vagina,B_prev,006,1985
B,implant,hmp_vagina,B_prev,007,1991
B,implant,hmp_vagina,B_prev,008,1941
B,implant,hmp_vagina,B_prev,009,2017
B,implant,hmp_vagina,B_prev,010,2047
B,implant,hmp_vagina,B_prev,011,1786
B,implant,hmp_vagina,B_prev,012,1908
B,implant,hmp_vagina,B_prev,013,1947
B,implant,hmp_vagina,B_prev,014,1989
B,implant,hmp_vagina,B_prev,015,1987
B,implant,hmp_vagina,B_prev,016,2035
B,implant,hmp_vagina,B_prev,017,1958
B,implant,hmp_vagina,B_prev,018,2005
B,implant,hmp_vagina,B_prev,019,2051
B,implant,hmp_vagina,B_prev,020,1970
B,implant,hmp_vagina,B_ref,001,1835
B,implant,hmp_vagina,B_ref,002,1982
B,implant,hmp_vagina,B_ref,003,1978
B,implant,hmp_vagina,B_ref,004,1886
B,implant,hmp_vagina,B_ref,005,1991
B,implant,hmp_vagina,B_ref,006,1981
B,implant,hmp_vagina,B_ref,007,1989
B,implant,hmp_vagina,B_ref,008,1854
B,implant,hmp_vagina,B_ref,009,2010
B,implant,hmp_vagina,B_ref,010,1981
B,implant,hmp_vagina,B_ref,011,1984
B,implant,hmp_vagina,B_ref,012,1969
B,implant,hmp_vagina,B_ref,013,1986
B,implant,hmp_vagina,B_ref,014,1990
B,implant,hmp_vagina,B_ref,015,1897
B,implant,hmp_vagina,B_ref,016,1998
B,implant,hmp_vagina,B_ref,017,1940
B,implant,hmp_vagina,B_ref,018,1991
B,implant,hmp_vagina,B_ref,019,1960
B,implant,hmp_vagina,B_ref,020,1884
B,implant,hmp_vagina,B_small,001,1892
B,implant,hmp_vagina,B_small,002,1944
B,implant,hmp_vagina,B_small,003,1974
B,implant,hmp_vagina,B_small,004,1925
B,implant,hmp_vagina,B_small,005,1986
B,implant,hmp_vagina,B_small,006,2011
B,implant,hmp_vagina,B_small,007,1997
B,implant,hmp_vagina,B_small,008,1830
B,implant,hmp_vagina,B_small,009,2004
B,implant,hmp_vagina,B_small,010,2025
B,implant,hmp_vagina,B_small,011,1979
B,implant,hmp_vagina,B_small,012,1978
B,implant,hmp_vagina,B_small,013,1931
B,implant,hmp_vagina,B_small,014,1997
B,implant,hmp_vagina,B_small,015,1915
B,implant,hmp_vagina,B_small,016,1845
B,implant,hmp_vagina,B_small,017,1906
B,implant,hmp_vagina,B_small,018,1946
B,implant,hmp_vagina,B_small,019,1987
B,implant,hmp_vagina,B_small,020,1789
B,implant,risk_stool,B_abund,001,10653
B,implant,risk_stool,B_abund,002,10810
B,implant,risk_stool,B_abund,003,11083
B,implant,risk_stool,B_abund,004,9444
B,implant,risk_stool,B_abund,005,10776
B,implant,risk_stool,B_abund,006,9836
B,implant,risk_stool,B_abund,007,10876
B,implant,risk_stool,B_abund,008,10798
B,implant,risk_stool,B_abund,009,10505
B,implant,risk_stool,B_abund,010,10646
B,implant,risk_stool,B_abund,011,10041
B,implant,risk_stool,B_abund,012,9253
B,implant,risk_stool,B_abund,013,10685
B,implant,risk_stool,B_abund,014,11069
B,implant,risk_stool,B_abund,015,10961
B,implant,risk_stool,B_abund,016,9514
B,implant,risk_stool,B_abund,017,11302
B,implant,risk_stool,B_abund,018,11027
B,implant,risk_stool,B_abund,019,11061
B,implant,risk_stool,B_abund,020,10616
B,implant,risk_stool,B_allup,001,11008
B,implant,risk_stool,B_allup,002,10550
B,implant,risk_stool,B_allup,003,10271
B,implant,risk_stool,B_allup,004,9960
B,implant,risk_stool,B_allup,005,9980
B,implant,risk_stool,B_allup,006,11223
B,implant,risk_stool,B_allup,007,9985
B,implant,risk_stool,B_allup,008,9773
B,implant,risk_stool,B_allup,009,10275
B,implant,risk_stool,B_allup,010,10111
B,implant,risk_stool,B_allup,011,11107
B,implant,risk_stool,B_allup,012,10314
B,implant,risk_stool,B_allup,013,10625
B,implant,risk_stool,B_allup,014,9728
B,implant,risk_stool,B_allup,015,10893
B,implant,risk_stool,B_allup,016,10355
B,implant,risk_stool,B_allup,017,11078
B,implant,risk_stool,B_allup,018,10333
B,implant,risk_stool,B_allup,019,10861
B,implant,risk_stool,B_allup,020,10557
B,implant,risk_stool,B_conf04,001,10796
B,implant,risk_stool,B_conf04,002,9456
B,implant,risk_stool,B_conf04,003,9900
B,implant,risk_stool,B_conf04,004,8849
B,implant,risk_stool,B_conf04,005,10770
B,implant,risk_stool,B_conf04,006,10916
B,implant,risk_stool,B_conf04,007,10817
B,implant,risk_stool,B_conf04,008,10961
B,implant,risk_stool,B_conf04,009,10613
B,implant,risk_stool,B_conf04,010,10672
B,implant,risk_stool,B_conf04,011,10360
B,implant,risk_stool,B_conf04,012,10884
B,implant,risk_stool,B_conf04,013,10003
B,implant,risk_stool,B_conf04,014,10253
B,implant,risk_stool,B_conf04,015,9638
B,implant,risk_stool,B_conf04,016,10453
B,implant,risk_stool,B_conf04,017,9223
B,implant,risk_stool,B_conf04,018,10804
B,implant,risk_stool,B_conf04,019,11030
B,implant,risk_stool,B_conf04,020,9005
B,implant,risk_stool,B_conf07,001,10530
B,implant,risk_stool,B_conf07,002,10603
B,implant,risk_stool,B_conf07,003,10716
B,implant,risk_stool,B_conf07,004,11082
B,implant,risk_stool,B_conf07,005,10687
B,implant,risk_stool,B_conf07,006,10577
B,implant,risk_stool,B_conf07,007,9581
B,implant,risk_stool,B_conf07,008,9230
B,implant,risk_stool,B_conf07,009,10077
B,implant,risk_stool,B_conf07,010,10617
B,implant,risk_stool,B_conf07,011,10114
B,implant,risk_stool,B_conf07,012,10629
B,implant,risk_stool,B_conf07,013,10690
B,implant,risk_stool,B_conf07,014,10203
B,implant,risk_stool,B_conf07,015,9908
B,implant,risk_stool,B_conf07,016,9617
B,implant,risk_stool,B_conf07,017,10920
B,implant,risk_stool,B_conf07,018,10674
B,implant,risk_stool,B_conf07,019,10613
B,implant,risk_stool,B_conf07,020,10324
B,implant,risk_stool,B_cont,001,10052
B,implant,risk_stool,B_cont,002,9956
B,implant,risk_stool,B_cont,003,10399
B,implant,risk_stool,B_cont,004,10538
B,implant,risk_stool,B_cont,005,9498
B,implant,risk_stool,B_cont,006,10438
B,implant,risk_stool,B_cont,007,9919
B,implant,risk_stool,B_cont,008,9457
B,implant,risk_stool,B_cont,009,10374
B,implant,risk_stool,B_cont,010,10677
B,implant,risk_stool,B_cont,011,10400
B,implant,risk_stool,B_cont,012,9671
B,implant,risk_stool,B_cont,013,10648
B,implant,risk_stool,B_cont,014,9896
B,implant,risk_stool,B_cont,015,9586
B,implant,risk_stool,B_cont,016,10688
B,implant,risk_stool,B_cont,017,10859
B,implant,risk_stool,B_cont,018,11153
B,implant,risk_stool,B_cont,019,10678
B,implant,risk_stool,B_cont,020,10805
B,implant,risk_stool,B_da05,001,9057
B,implant,risk_stool,B_da05,002,11221
B,implant,risk_stool,B_da05,003,9960
B,implant,risk_stool,B_da05,004,9236
B,implant,risk_stool,B_da05,005,10584
B,implant,risk_stool,B_da05,006,10694
B,implant,risk_stool,B_da05,007,10601
B,implant,risk_stool,B_da05,008,10999
B,implant,risk_stool,B_da05,009,10595
B,implant,risk_stool,B_da05,010,9938
B,implant,risk_stool,B_da05,011,10762
B,implant,risk_stool,B_da05,012,10935
B,implant,risk_stool,B_da05,013,10536
B,implant,risk_stool,B_da05,014,10484
B,implant,risk_stool,B_da05,015,10355
B,implant,risk_stool,B_da05,016,9906
B,implant,risk_stool,B_da05,017,11026
B,implant,risk_stool,B_da05,018,10785
B,implant,risk_stool,B_da05,019,9260
B,implant,risk_stool,B_da05,020,10529
B,implant,risk_stool,B_graded,001,10786
B,implant,risk_stool,B_graded,002,9461
B,implant,risk_stool,B_graded,003,10524
B,implant,risk_stool,B_graded,004,11110
B,implant,risk_stool,B_graded,005,11030
B,implant,risk_stool,B_graded,006,10657
B,implant,risk_stool,B_graded,007,10027
B,implant,risk_stool,B_graded,008,9550
B,implant,risk_stool,B_graded,009,10640
B,implant,risk_stool,B_graded,010,9237
B,implant,risk_stool,B_graded,011,10719
B,implant,risk_stool,B_graded,012,10524
B,implant,risk_stool,B_graded,013,10337
B,implant,risk_stool,B_graded,014,11041
B,implant,risk_stool,B_graded,015,10654
B,implant,risk_stool,B_graded,016,10513
B,implant,risk_stool,B_graded,017,11020
B,implant,risk_stool,B_graded,018,10487
B,implant,risk_stool,B_graded,019,10897
B,implant,risk_stool,B_graded,020,10527
B,implant,risk_stool,B_large,001,10598
B,implant,risk_stool,B_large,002,10676
B,implant,risk_stool,B_large,003,11099
B,implant,risk_stool,B_large,004,10432
B,implant,risk_stool,B_large,005,10651
B,implant,risk_stool,B_large,006,9972
B,implant,risk_stool,B_large,007,9218
B,implant,risk_stool,B_large,008,11113
B,implant,risk_stool,B_large,009,9962
B,implant,risk_stool,B_large,010,9650
B,implant,risk_stool,B_large,011,10650
B,implant,risk_stool,B_large,012,10658
B,implant,risk_stool,B_large,013,10009
B,implant,risk_stool,B_large,014,10436
B,implant,risk_stool,B_large,015,10640
B,implant,risk_stool,B_large,016,11165
B,implant,risk_stool,B_large,017,10405
B,implant,risk_stool,B_large,018,10266
B,implant,risk_stool,B_large,019,11064
B,implant,risk_stool,B_large,020,9904
B,implant,risk_stool,B_n100,001,623
B,implant,risk_stool,B_n100,002,623
B,implant,risk_stool,B_n100,003,623
B,implant,risk_stool,B_n100,004,623
B,implant,risk_stool,B_n100,005,623
B,implant,risk_stool,B_n100,006,623
B,implant,risk_stool,B_n100,007,623
B,implant,risk_stool,B_n100,008,623
B,implant,risk_stool,B_n100,009,623
B,implant,risk_stool,B_n100,010,623
B,implant,risk_stool,B_n100,011,623
B,implant,risk_stool,B_n100,012,623
B,implant,risk_stool,B_n100,013,623
B,implant,risk_stool,B_n100,014,623
B,implant,risk_stool,B_n100,015,623
B,implant,risk_stool,B_n100,016,623
B,implant,risk_stool,B_n100,017,622
B,implant,risk_stool,B_n100,018,623
B,implant,risk_stool,B_n100,019,623
B,implant,risk_stool,B_n100,020,622
B,implant,risk_stool,B_n20,001,2912
B,implant,risk_stool,B_n20,002,3053
B,implant,risk_stool,B_n20,003,3100
B,implant,risk_stool,B_n20,004,2798
B,implant,risk_stool,B_n20,005,2978
B,implant,risk_stool,B_n20,006,3118
B,implant,risk_stool,B_n20,007,3041
B,implant,risk_stool,B_n20,008,2941
B,implant,risk_stool,B_n20,009,3008
B,implant,risk_stool,B_n20,010,3030
B,implant,risk_stool,B_n20,011,3012
B,implant,risk_stool,B_n20,012,2943
B,implant,risk_stool,B_n20,013,2872
B,implant,risk_stool,B_n20,014,3087
B,implant,risk_stool,B_n20,015,2906
B,implant,risk_stool,B_n20,016,2764
B,implant,risk_stool,B_n20,017,2966
B,implant,risk_stool,B_n20,018,3114
B,implant,risk_stool,B_n20,019,3206
B,implant,risk_stool,B_n20,020,3135
B,implant,risk_stool,B_null,001,9193
B,implant,risk_stool,B_null,002,11146
B,implant,risk_stool,B_null,003,9446
B,implant,risk_stool,B_null,004,10454
B,implant,risk_stool,B_null,005,11031
B,implant,risk_stool,B_null,006,10386
B,implant,risk_stool,B_null,007,8637
B,implant,risk_stool,B_null,008,10781
B,implant,risk_stool,B_null,009,10076
B,implant,risk_stool,B_null,010,9143
B,implant,risk_stool,B_null,011,10934
B,implant,risk_stool,B_null,012,11191
B,implant,risk_stool,B_null,013,9964
B,implant,risk_stool,B_null,014,10487
B,implant,risk_stool,B_null,015,10502
B,implant,risk_stool,B_null,016,9004
B,implant,risk_stool,B_null,017,10674
B,implant,risk_stool,B_null,018,10023
B,implant,risk_stool,B_null,019,11073
B,implant,risk_stool,B_null,020,10498
B,implant,risk_stool,B_null,021,10953
B,implant,risk_stool,B_null,022,8886
B,implant,risk_stool,B_null,023,9044
B,implant,risk_stool,B_null,024,11117
B,implant,risk_stool,B_null,025,10459
B,implant,risk_stool,B_null,026,9145
B,implant,risk_stool,B_null,027,10688
B,implant,risk_stool,B_null,028,10478
B,implant,risk_stool,B_null,029,10478
B,implant,risk_stool,B_null,030,10954
B,implant,risk_stool,B_null,031,10459
B,implant,risk_stool,B_null,032,10299
B,implant,risk_stool,B_null,033,10143
B,implant,risk_stool,B_null,034,9516
B,implant,risk_stool,B_null,035,9244
B,implant,risk_stool,B_null,036,9437
B,implant,risk_stool,B_null,037,8999
B,implant,risk_stool,B_null,038,10997
B,implant,risk_stool,B_null,039,11088
B,implant,risk_stool,B_null,040,8889
B,implant,risk_stool,B_null,041,10917
B,implant,risk_stool,B_null,042,9861
B,implant,risk_stool,B_null,043,9456
B,implant,risk_stool,B_null,044,10552
B,implant,risk_stool,B_null,045,10616
B,implant,risk_stool,B_null,046,10291
B,implant,risk_stool,B_null,047,9476
B,implant,risk_stool,B_null,048,9225
B,implant,risk_stool,B_null,049,10482
B,implant,risk_stool,B_null,050,10547
B,implant,risk_stool,B_prev,001,8638
B,implant,risk_stool,B_prev,002,9894
B,implant,risk_stool,B_prev,003,9266
B,implant,risk_stool,B_prev,004,9179
B,implant,risk_stool,B_prev,005,10115
B,implant,risk_stool,B_prev,006,10763
B,implant,risk_stool,B_prev,007,9899
B,implant,risk_stool,B_prev,008,10535
B,implant,risk_stool,B_prev,009,10639
B,implant,risk_stool,B_prev,010,10534
B,implant,risk_stool,B_prev,011,9887
B,implant,risk_stool,B_prev,012,10624
B,implant,risk_stool,B_prev,013,9899
B,implant,risk_stool,B_prev,014,10626
B,implant,risk_stool,B_prev,015,10579
B,implant,risk_stool,B_prev,016,10654
B,implant,risk_stool,B_prev,017,10960
B,implant,risk_stool,B_prev,018,10293
B,implant,risk_stool,B_prev,019,10796
B,implant,risk_stool,B_prev,020,10482
B,implant,risk_stool,B_ref,001,9000
B,implant,risk_stool,B_ref,002,10383
B,implant,risk_stool,B_ref,003,10642
B,implant,risk_stool,B_ref,004,10597
B,implant,risk_stool,B_ref,005,10635
B,implant,risk_stool,B_ref,006,9203
B,implant,risk_stool,B_ref,007,9120
B,implant,risk_stool,B_ref,008,10671
B,implant,risk_stool,B_ref,009,9299
B,implant,risk_stool,B_ref,010,9415
B,implant,risk_stool,B_ref,011,10603
B,implant,risk_stool,B_ref,012,10901
B,implant,risk_stool,B_ref,013,10960
B,implant,risk_stool,B_ref,014,9214
B,implant,risk_stool,B_ref,015,10578
B,implant,risk_stool,B_ref,016,10252
B,implant,risk_stool,B_ref,017,10805
B,implant,risk_stool,B_ref,018,9716
B,implant,risk_stool,B_ref,019,9276
B,implant,risk_stool,B_ref,020,10780
B,implant,risk_stool,B_small,001,10551
B,implant,risk_stool,B_small,002,9719
B,implant,risk_stool,B_small,003,10676
B,implant,risk_stool,B_small,004,10572
B,implant,risk_stool,B_small,005,10825
B,implant,risk_stool,B_small,006,10581
B,implant,risk_stool,B_small,007,10565
B,implant,risk_stool,B_small,008,9233
B,implant,risk_stool,B_small,009,10614
B,implant,risk_stool,B_small,010,10737
B,implant,risk_stool,B_small,011,11092
B,implant,risk_stool,B_small,012,10992
B,implant,risk_stool,B_small,013,10228
B,implant,risk_stool,B_small,014,10384
B,implant,risk_stool,B_small,015,9500
B,implant,risk_stool,B_small,016,10530
B,implant,risk_stool,B_small,017,11148
B,implant,risk_stool,B_small,018,9057
B,implant,risk_stool,B_small,019,10672
B,implant,risk_stool,B_small,020,10592
