"simulator","regime_id","method","arm","fdr_05","tpr_05","fdr_10","tpr_10","pauc10","fpr05","ks_null","shadow","est_bias","est_rmse","ci_cover","runtime_s","fdr_05_se","tpr_05_se","fdr_10_se","tpr_10_se","pauc10_se","fpr05_se","ks_null_se","shadow_se","est_bias_se","est_rmse_se","ci_cover_se","runtime_s_se","n_cells"
"house","R00","adapt","single",0.041766081871345,0.241461915967229,0.106951589734804,0.324040723736354,0.50745161673186,0.0512675325234717,0.0623830542548562,NA,-0.0278609219549528,1.68688545021408,NA,0.415359999999999,0.0159321707796654,0.0272225822861523,0.0229069445602506,0.0254214901206472,0.0191153844069064,0.00339116804361909,0.00431199231250688,NA,0.0485460387699815,0.110180987825099,NA,0.0218999147639129,25
"house","R00","aldex2","single",0,0.0267916235672403,0,0.0326518780081399,0.421247513468778,0.00683388449530424,0.259264934321745,NA,-0.00564609333859689,0.825171462414103,NA,11.5144,0,0.00647941714056364,0,0.0077835527011174,0.0224631008336448,0.00131302245387855,0.00805278476173353,NA,0.00640679371507468,0.0239077112744697,NA,0.83919927708898,25
"house","R00","ancombc2","single",0,0.0388078968259234,0,0.0388078968259234,0.150716880892753,0.454433374523741,0.444411446123384,NA,0.0155351146209939,0.811380395477198,0.516640248509743,68.70276,0,0.00947865724684774,0,0.00947865724684774,0.0139008710981909,0.00931850544068756,0.00931932773902615,NA,0.0365808768340208,0.0210573279032387,0.00947065312796029,5.51102945412803,25
"house","R00","corncob","single",0.2,0.0105385964912281,0.296333333333333,0.0332072511595731,0.180130848645193,0.0687136066134643,0.0910279250494151,NA,NA,NA,NA,10.58676,0.0816496580927726,0.00441216844985273,0.0832556304402291,0.00957769869282883,0.0162387314120951,0.00565178473204211,0.00994873875213883,NA,NA,NA,NA,0.785510787704408,25
"house","R00","fastancom","single",0.018,0.0676430085937676,0.0581601731601731,0.110410774624911,0.413718131665837,0.0447162079327041,0.119465952482532,NA,-0.093195306153053,0.495092756520871,NA,0.033319999999992,0.0125432584814845,0.0129571769398183,0.0236296399054488,0.0184041519328648,0.0231874808192439,0.00795405353944249,0.0141164880530749,NA,0.0361297675927027,0.0236369598813835,NA,0.00153049011757697,25
"house","R00","fastemu","single",0.142,0.0173375733585411,0.192,0.0250293296309425,0.322538203073116,0.045776856719014,0.1152259292689,NA,-0.0311491526893148,1.54023292484296,0.842952815760685,726.35428,0.0551271258093509,0.00595957863264237,0.0657444547725003,0.00761179476231286,0.0210217342494964,0.00420647210909061,0.0087789666291221,NA,0.0168441661500837,0.0554039088817245,0.0090678639095476,53.7680214310055,25
"house","R00","ldm","single",0.0313203463203464,0.188119307131831,0.146414428708546,0.248770680254641,0.451809614297647,0.046754050617616,0.0628925064462049,NA,NA,NA,NA,4.54788,0.0118034982173391,0.0233860389083926,0.04453695074457,0.0228733744783233,0.021898772258913,0.00285856454650496,0.0062212272035633,NA,NA,NA,NA,0.389291310460431,25
"house","R00","limma_logtss","single",0.0344444444444444,0.152691926479593,0.0415108669108669,0.222677145150864,0.472198911322812,0.0476489448860432,0.0741013063764626,NA,0.0124326704958238,0.474927686663478,0.926586451401095,0.0470399999999998,0.0160246723353955,0.0220912986514272,0.0142935298651881,0.0270876586739385,0.0200740494983034,0.00512663579345397,0.00700406880178216,NA,0.0266415969276029,0.020559494033811,0.00538347000354303,0.0012034395151676,25
"house","R00","linda","single",0.0364393939393939,0.238145958711329,0.0835124320124321,0.310539619615047,0.490884599105148,0.0607988462087514,0.0648513228781196,NA,-0.00229799008699036,0.45024280001192,0.905532731241098,0.32996,0.0117765064199376,0.0284061455729051,0.0232556790580458,0.0296994122712044,0.0231224003052172,0.00372248059144255,0.00687392136614655,NA,0.0137992980996623,0.0191005843662817,0.00529375011747399,0.0821720852844809,25
"house","R00","lm_logtss","single",0.0203809523809524,0.149101866213062,0.0671371961371962,0.228785616597192,0.47623483795527,0.0474974050467207,0.0744761003358067,NA,0.0124326704958238,0.474927686663478,0.927508375268355,0.0524400000000001,0.00981507009180422,0.0233984692868356,0.0201603772257333,0.0275802754797645,0.0197761154136815,0.00502185325188523,0.00759692353137435,NA,0.0266415969276029,0.020559494033811,0.00483257301356492,0.001342981757136,25
"house","R00","locom","single",0.0357142857142857,0.177375966863785,0.0601587301587302,0.238646108755814,0.415030470346588,0.046087668285256,0.0996292458864353,NA,-0.0462994935182854,0.812084720664665,NA,55.4772,0.0177908823583015,0.0417483014254531,0.0227632551457926,0.0408735107737285,0.033561697981841,0.00462632303257382,0.00798825524153468,NA,0.0157948267156735,0.0264965951200871,NA,6.16978958150114,25
"house","R00","locom2","single",0.0837142857142857,0.0954724788072985,0.172761904761905,0.12123581726096,0.36157715110814,0.0368895185133667,0.0764881637526555,NA,NA,NA,NA,25.6094,0.0446785952190565,0.0166303038100058,0.0577417491889128,0.0184178008742814,0.0204901028320293,0.00319672892446526,0.00522861333916452,NA,NA,NA,NA,2.32915778197471,25
"house","R00","logistic_presence","single",0.0853427128427128,0.236270713979253,0.128028053645701,0.32298691794296,0.492227270940782,0.0576209708522105,0.118038306912237,NA,0.000397514994005138,0.902102785417095,NA,0.33228,0.0255739098541104,0.0243394719526596,0.0212743253757185,0.0251906331565219,0.0179039549821852,0.00352622938196201,0.00548317789703518,NA,0.0211841429090703,0.108184973143335,NA,0.0238253730296087,25
"house","R00","maaslin3","abundance",0.04,0.004,0.08,0.00812698412698413,0.169902775544947,0.0407003705438966,0.0658474865114509,0.00574358974358974,-0.0470946030736617,0.890922012898822,NA,10.60768,0.04,0.00276887462097269,0.0553774924194538,0.00380849853928142,0.0187659948640829,0.00293406974910343,0.00641709591188628,0.00398682907191319,0.0305614002836164,0.0302569182805261,NA,0.894516775918708,25
"house","R00","maaslin3","combined",0.0344444444444444,0.0641736410437549,0.0504102564102564,0.136266846646923,0.423660375834113,0.0494313358523135,0.0829787434399313,NA,NA,NA,NA,10.60768,0.0221805164196413,0.0109725508447147,0.0204531343193299,0.019900619839547,0.0215289091815448,0.00351199046676499,0.00493032244574523,NA,NA,NA,NA,0.894516775918708,25
"house","R00","maaslin3","presence",0.0186363636363636,0.15869546975362,0.0554251304251304,0.253369580597633,0.648903170655167,0.0435857234651322,0.0657406916892041,0.0762360972360973,NA,NA,NA,10.60768,0.0113802908259739,0.0200688280469035,0.0237165197773711,0.0289563384832693,0.0256528894359392,0.00308556964372148,0.00598057769496754,0.0233352692754695,NA,NA,NA,0.894516775918708,25
"house","R00","pursue","abundance",0.04,0.004,0.06,0.00812698412698413,0.176625139670308,0.042134563370395,0.0662876509212636,0.0159340659340659,0.00680239078047788,0.869792903382279,0.953919410585073,10.5128,0.04,0.00276887462097269,0.0439696865275764,0.00380849853928142,0.0174588933577528,0.00389944723325324,0.00665623278707886,0.00659048911168587,0.0139311246822307,0.0287265520244658,0.00372859843938422,0.784647836081045,25
"house","R00","pursue","combined",0.0444444444444444,0.0571384505753576,0.0515044955044955,0.0948946505739674,0.331237325234904,0.0425565294945042,0.0920186597194482,NA,NA,NA,NA,10.5128,0.0400616808384888,0.0149026559023463,0.0201347817189304,0.0199945998809576,0.0302645876686167,0.00408474074817683,0.0121672815091829,NA,NA,NA,NA,0.784647836081045,25
"house","R00","pursue","presence",0.0375757575757576,0.108807446852863,0.0586829836829837,0.146162210556826,0.446171867980299,0.0430244835479197,0.117999375663592,0.06400999000999,NA,NA,NA,10.5128,0.0211057941204435,0.0241151468975296,0.0276563198166097,0.0277370838555019,0.036704780137567,0.0034865187862562,0.0162382568349854,0.0239029781948011,NA,NA,NA,0.784647836081045,25
"house","R00","wilcoxon_tss","single",0.0400714285714286,0.224185090010138,0.0850465954753881,0.29914584843289,0.518222497739036,0.0507405137459023,0.0664175058784282,NA,-0.0638808075033946,1.78283700229371,NA,0.15568,0.0210118406851849,0.0249862690680021,0.0216968772078293,0.0260575252083879,0.0176070375025742,0.00385054712169859,0.0075179422155363,NA,0.038641607803764,0.155939797673712,NA,0.00834340458086505,25
"house","R00","zicoseq","single",0.0153030303030303,0.11677639027639,0.131554141764668,0.232440184437997,0.470374472953491,0.0495099276403317,0.064271219098342,NA,NA,NA,NA,37.11568,0.00873810354866438,0.0280037495799364,0.0410921532154047,0.0299384666902565,0.0213493774092032,0.00363019857422785,0.00665813124039641,NA,NA,NA,NA,2.61423011593598,25
"house","R06","adapt","single",0,NA,0.04,NA,NA,0.0524589901001486,0.0557630142226818,NA,-0.0134868117573759,1.48573459370944,NA,0.384719999999996,0,NA,0.04,NA,NA,0.00302784175756141,0.00333822114924416,NA,0.041735544507588,0.0725654390151743,NA,0.0162971899418273,25
"house","R06","aldex2","single",0,NA,0,NA,NA,0.00601294774337401,0.25503347197385,NA,-0.000401446363124279,0.516487977760665,NA,12.34616,0,NA,0,NA,NA,0.00115012447747137,0.00741375958651742,NA,0.00238357830893583,0.0140098333636301,NA,0.95828320219025,25
"house","R06","ancombc2","single",0,NA,0,NA,NA,0.457797257525402,0.438598805128856,NA,-0.062089056161931,0.811020115489007,0.517036143657498,43.87456,0,NA,0,NA,NA,0.0105419537043822,0.00930931884761361,NA,0.0325392361764484,0.0232931917106063,0.0105466982430143,2.73493953990455,25
"house","R06","corncob","single",0.2,NA,0.32,NA,NA,0.0612185328206153,0.0882302777675066,NA,NA,NA,NA,10.99664,0.0816496580927726,NA,0.0952190457139047,NA,NA,0.00504227960794128,0.0077359743930834,NA,NA,NA,NA,0.885501774664135,25
"house","R06","fastancom","single",0,NA,0.04,NA,NA,0.0378507696491311,0.0848024083051468,NA,-0.0216909532049093,0.43767482716547,NA,0.0337599999999998,0,NA,0.04,NA,NA,0.00542249069162549,0.00786041478774533,NA,0.0292180396027571,0.0180910026012438,NA,0.00109129892024697,25
"house","R06","fastemu","single",0.2,NA,0.32,NA,NA,0.048491032722145,0.12665671288124,NA,-0.00557767581019541,1.47657455553986,0.850147144754437,610.03984,0.0816496580927726,NA,0.0952190457139047,NA,NA,0.00323996610873893,0.00576156506958977,NA,0.0181833518876752,0.043921129667554,0.00639889650594352,35.7855837774878,25
"house","R06","ldm","single",0,NA,0.12,NA,NA,0.0511204375375435,0.0565228918674071,NA,NA,NA,NA,3.47632,0,NA,0.066332495807108,NA,NA,0.00289392401426219,0.00285828010583819,NA,NA,NA,NA,0.302610749533677,25
"house","R06","limma_logtss","single",0,NA,0.04,NA,NA,0.0433660317632648,0.0712962328777366,NA,-0.00816096192087868,0.432681108834977,0.956633968236735,0.0483600000000003,0,NA,0.04,NA,NA,0.0036775312615739,0.00449359494479746,NA,0.0256810232483709,0.0172445015965893,0.0036775312615739,0.00201649861558761,25
"house","R06","linda","single",0,NA,0.04,NA,NA,0.0604296082419388,0.0584238896101804,NA,0.0284907772167575,0.407678254212418,0.936922104303514,0.336559999999999,0,NA,0.04,NA,NA,0.00419469176994086,0.00387389041544303,NA,0.0149111775189916,0.0150564984615483,0.00430443226769911,0.0516179258268544,25
"house","R06","lm_logtss","single",0,NA,0.04,NA,NA,0.0422069031599564,0.0699424358843604,NA,-0.00816096192087868,0.432681108834977,0.957793096840044,0.0529600000000004,0,NA,0.04,NA,NA,0.00400368812243601,0.00466116434583238,NA,0.0256810232483709,0.0172445015965893,0.00400368812243601,0.00237660822742559,25
"house","R06","locom","single",0.08,NA,0.12,NA,NA,0.0464562355771662,0.0783587509241219,NA,-0.0142524179728221,0.783782478823977,NA,47.67464,0.0553774924194538,NA,0.066332495807108,NA,NA,0.00455091905322315,0.00562574463516448,NA,0.0112950467752259,0.0255080695437662,NA,6.0162119903585,25
"house","R06","locom2","single",0.12,NA,0.16,NA,NA,0.0459490426075865,0.0661539050651103,NA,NA,NA,NA,26.90812,0.066332495807108,NA,0.0748331477354788,NA,NA,0.00299692487454274,0.00465282664592562,NA,NA,NA,NA,2.47039356805078,25
"house","R06","logistic_presence","single",0.12,NA,0.12,NA,NA,0.0548758499628845,0.117372773805963,NA,0.00427922213387074,0.594019990208598,NA,0.33872,0.066332495807108,NA,0.066332495807108,NA,NA,0.00310092438601042,0.00339000350330584,NA,0.015166211271835,0.0286875943427573,NA,0.022356171407466,25
"house","R06","maaslin3","abundance",0.08,NA,0.12,NA,NA,0.0459698010558289,0.0600954933244464,NA,0.00400467960620774,0.896629835720407,NA,10.80832,0.0553774924194538,NA,0.066332495807108,NA,NA,0.00314688762790578,0.00521974740780276,NA,0.0353942453109054,0.0329035467312447,NA,0.825446593709531,25
"house","R06","maaslin3","combined",0.08,NA,0.12,NA,NA,0.0495447566577247,0.0917344234267941,NA,NA,NA,NA,10.80832,0.0553774924194538,NA,0.066332495807108,NA,NA,0.00337102641429675,0.00569447301943947,NA,NA,NA,NA,0.825446593709531,25
"house","R06","maaslin3","presence",0,NA,0.04,NA,NA,0.0417257707785484,0.0706350923381733,NA,NA,NA,NA,10.80832,0,NA,0.04,NA,NA,0.00273719105423858,0.00427053607490431,NA,NA,NA,NA,0.825446593709531,25
"house","R06","pursue","abundance",0.12,NA,0.16,NA,NA,0.0493474324185073,0.0615098097541498,NA,0.00736217040127185,0.872781892492295,0.950652567581493,10.59996,0.066332495807108,NA,0.0748331477354788,NA,NA,0.00276605766490575,0.00528224945326374,NA,0.00935215154510667,0.0307825239789588,0.00276605766490574,0.725832693026889,25
"house","R06","pursue","combined",0.08,NA,0.2,NA,NA,0.0444947005004516,0.0817201376375146,NA,NA,NA,NA,10.59996,0.0553774924194538,NA,0.0816496580927726,NA,NA,0.0031813647485237,0.00928018629674608,NA,NA,NA,NA,0.725832693026889,25
"house","R06","pursue","presence",0.08,NA,0.08,NA,NA,0.0428472977976998,0.102375616649968,NA,NA,NA,NA,10.59996,0.0553774924194538,NA,0.0553774924194538,NA,NA,0.00306081939563802,0.012110514720116,NA,NA,NA,NA,0.725832693026889,25
"house","R06","wilcoxon_tss","single",0,NA,0.04,NA,NA,0.0510051628600502,0.0612443375895806,NA,0.00455845014529682,1.43344690122232,NA,0.1586,0,NA,0.04,NA,NA,0.00306579834121645,0.00408383660060666,NA,0.0368344476910023,0.0546964048672942,NA,0.00909450383473448,25
"house","R06","zicoseq","single",0,NA,0,NA,NA,0.0528616432101181,0.0610985394672947,NA,NA,NA,NA,37.26468,0,NA,0,NA,NA,0.00304258488612758,0.00452617779511739,NA,NA,NA,NA,2.08864279355439,25
"house","R16","adapt","single",0.052015873015873,0.183431735743368,0.147505231610495,0.269920539212335,0.560161980220538,0.0517108732214749,0.0605045770764258,NA,-0.00652322945192372,1.48279388964638,NA,0.431879999999995,0.0167703990321836,0.0278980208599011,0.0430497109743993,0.0315058333343661,0.0229804437348767,0.00314384544039843,0.00346489377275332,NA,0.0395674233263095,0.0732310980514781,NA,0.0228461754640317,25
"house","R16","aldex2","single",0,0.00474357015533486,0,0.0119586667202766,0.418605495471793,0.0063537759136362,0.251229514563798,NA,0.0568956084153699,0.519795548837827,NA,11.71172,0,0.00282605041546423,0,0.00462337948134385,0.0250703024849964,0.00107665328036385,0.00688581833969451,NA,0.0072367089244569,0.0135845026676812,NA,0.85135895978136,25
"house","R16","ancombc2","single",0,0.00582981517966038,0,0.00582981517966038,0.0748585004478914,0.458949903886992,0.44807578064909,NA,-0.00683529588031772,0.803722594071984,0.512832613337719,67.68928,0,0.00292677497524943,0,0.00292677497524943,0.0107813510373752,0.00926398225205743,0.00924750723810372,NA,0.0321438557125961,0.0224217824272279,0.00991411441725921,5.40752181333865,25
"house","R16","corncob","single",0.24,0.00530993042378242,0.36,0.00753215264600464,0.105066868891859,0.0606978187315617,0.0901884484985208,NA,NA,NA,NA,10.00276,0.0871779788708135,0.00303645007156365,0.0941236381535439,0.00362973555416763,0.0102245826809441,0.0057928902780713,0.00708224750685791,NA,NA,NA,NA,0.765620180594355,25
"house","R16","fastancom","single",0.01,0.0312623715340399,0.0216666666666667,0.0590257537671579,0.444959399335499,0.0318897652511318,0.100065447314189,NA,-0.072634223985431,0.436103470676515,NA,0.0341199999999924,0.01,0.00767636999133698,0.0125277469819774,0.0136950719820678,0.0258730547018163,0.00381615072530626,0.0109915358792056,NA,0.025314997036659,0.0158678154827794,NA,0.00123466594672423,25
"house","R16","fastemu","single",0.144,0.0134376124211786,0.171666666666667,0.022210557822031,0.247593746680505,0.0521142660014716,0.132033704506194,NA,-0.0729628902989107,1.43413297744246,0.861012207892146,725.782,0.0568858506133116,0.00507963485045334,0.054343727703763,0.00738008395910748,0.0179231294678189,0.00489878206916944,0.00787808103706703,NA,0.0241643662369477,0.0406169930681161,0.00815228152140085,88.4699393214629,25
"house","R16","ldm","single",0.0566666666666666,0.0744375885104635,0.101606060606061,0.129074432103414,0.43287051564999,0.0455689371448828,0.0702665558137002,NA,NA,NA,NA,4.21911999999999,0.0275210357255574,0.0149119930237514,0.0432162790015253,0.0185713204378374,0.0167997999849161,0.00285030950084848,0.00566475127675726,NA,NA,NA,NA,0.373297327073205,25
"house","R16","limma_logtss","single",0.0168888888888889,0.0703998753760993,0.0874761904761905,0.121884820959717,0.451945032505982,0.0466341197372431,0.0824918375763655,NA,-0.00168481597611065,0.435723019921003,0.953365880262757,0.0480000000000005,0.0117083909976173,0.0150136315849912,0.0415059768675578,0.0235939930522843,0.029585776914023,0.00467085679969037,0.0059656901576649,NA,0.0295945212761267,0.016759792591389,0.00467085679969034,0.00187349939951947,25
"house","R16","linda","single",0.0406060606060606,0.119373636486057,0.0840066208301503,0.228477304700549,0.506948231880023,0.0572888770598823,0.0604193550620949,NA,-0.0203393376990625,0.405120695837087,0.938695587416134,0.39108,0.0182651708918197,0.0190183903002759,0.0206692907017573,0.0248404839725376,0.024298922009545,0.00387327091420639,0.00446670816531148,NA,0.0152857284313945,0.0154316435045431,0.00411194202511843,0.105348831982134,25
"house","R16","lm_logtss","single",0,0.0700539700972586,0.093026862026862,0.137633247098311,0.460274449389545,0.0459569117087308,0.0801354129428221,NA,-0.00168481597611065,0.435723019921003,0.954043088291269,0.0498799999999999,0,0.0142539241413998,0.0420202737707785,0.0257949479607893,0.0308649458358055,0.00497411257268038,0.00590757263007237,NA,0.0295945212761267,0.016759792591389,0.00497411257268038,0.00169638832032443,25
"house","R16","locom","single",0.02,0.0305994911521227,0.113333333333333,0.0481384281876273,0.223432019158486,0.0496783733442216,0.0837097664394226,NA,-0.0251043822376452,0.784628877984298,NA,58.94176,0.02,0.00946089672750168,0.0506622805119022,0.0126361685606239,0.0236341248087356,0.00435297246038994,0.00623081426835353,NA,0.0162546785168199,0.0240930173780534,NA,6.67871275753045,25
"house","R16","locom2","single",0.0833333333333333,0.052099257056609,0.109809523809524,0.0671685463724243,0.275579438799102,0.0404861873688053,0.0794439369282081,NA,NA,NA,NA,26.0934,0.0322748612183951,0.0127411578676967,0.0352831972197371,0.0137133058243775,0.0158177257917838,0.00274666653955555,0.00712834996450968,NA,NA,NA,NA,1.93172882413656,25
"house","R16","logistic_presence","single",0.053496092143151,0.225613897381141,0.133201995630788,0.339696240203421,0.606750435696803,0.0578084151923118,0.11388347016804,NA,-0.0218995960741297,0.691052581954745,NA,0.35316,0.0173268054964008,0.0241834238450113,0.0411011977870152,0.0331268993002496,0.019121039659709,0.00347003490460099,0.00455702364170966,NA,0.01324831017925,0.07233053684126,NA,0.0268789062277468,25
"house","R16","maaslin3","abundance",0.08,NA,0.08,NA,NA,0.0481047689201086,0.0586282709646812,0.0460391831383991,0.015556625141531,0.895642239091079,NA,10.72508,0.0553774924194538,NA,0.0553774924194538,NA,NA,0.00209296886486481,0.00474416540151543,0.00802622611596641,0.0292099411527877,0.0311533200357609,NA,0.87526659161652,25
"house","R16","maaslin3","combined",0.00666666666666668,0.0299193798422801,0.0533333333333334,0.0632830299765516,0.42521138563459,0.0515902741088278,0.0892709091916392,NA,NA,NA,NA,10.72508,0.00666666666666668,0.00898234436664827,0.0405060580745737,0.014569409733884,0.0205109637867796,0.00207702334825337,0.00574661193026926,NA,NA,NA,NA,0.87526659161652,25
"house","R16","maaslin3","presence",0,0.063946476031302,0.0288674985145573,0.14226952529622,0.599701134587292,0.0429438999404007,0.0684840414680929,NA,NA,NA,NA,10.72508,0,0.0147837379125066,0.0122988297513753,0.0254452126452002,0.0179940817502036,0.00317589276785795,0.0053685046858255,NA,NA,NA,NA,0.87526659161652,25
"house","R16","pursue","abundance",0.08,NA,0.16,NA,NA,0.0495455529067425,0.0623768050258152,0.053891996991213,-0.00263450961099989,0.875345916352362,0.950982623489524,10.84544,0.0553774924194538,NA,0.0748331477354788,NA,NA,0.00259588221185823,0.0048380755083063,0.00688814020552307,0.0107612203476997,0.030146628893309,0.00312984061298057,0.777525135885222,25
"house","R16","pursue","combined",0,0.04530365153173,0.0933333333333333,0.0896627278704242,0.350587624913811,0.0482597105640417,0.0731807435002892,NA,NA,NA,NA,10.84544,0,0.0110278286172667,0.0450731002055541,0.0184250362381957,0.0285890016130733,0.0027691660616141,0.00661777518062018,NA,NA,NA,NA,0.777525135885222,25
"house","R16","pursue","presence",0.0294444444444444,0.0829626696440501,0.052012432012432,0.137964733403076,0.434523868842001,0.0430309636497246,0.105059168629551,NA,NA,NA,NA,10.84544,0.0206678613752647,0.0180318952913439,0.0204040274589548,0.024681608063065,0.0286673997354858,0.00337812325987699,0.0135868005843617,NA,NA,NA,NA,0.777525135885222,25
"house","R16","wilcoxon_tss","single",0.0601587301587302,0.131745522219574,0.0605336330336331,0.251821546259508,0.574267909023838,0.0516119833146497,0.0574105101009716,NA,0.000401182833825142,1.4155870639035,NA,0.1546,0.0409222234228111,0.0210778496470971,0.0148729982770635,0.0289050390225271,0.0221204420951943,0.00331461237505889,0.00457055339073001,NA,0.0331489220558226,0.0683398929823139,NA,0.00963327566303382,25
"house","R16","zicoseq","single",0.01,0.0203078220535526,0.0542857142857143,0.125475874289017,0.448992319650918,0.0504113705386769,0.062001592475699,NA,NA,NA,NA,39.85756,0.01,0.011790771677874,0.01914481374963,0.0223445848740686,0.0176291989248341,0.00292534792952169,0.00390555071014878,NA,NA,NA,NA,2.38347982725538,25
"house","R19","adapt","single",0.164934953934954,0.124739843443623,0.284601929660753,0.189761903565171,0.291372109452412,0.104179916424259,0.124732287892078,NA,-1.09744881106577,2.48824442493236,NA,0.442039999999996,0.0387957543386904,0.0180174557610817,0.0441776355616189,0.0231577905196855,0.0172693390726131,0.00615673603406315,0.00725366599314316,NA,0.0602614311700244,0.10658453833735,NA,0.018722400131037,25
"house","R19","aldex2","single",0.436260504201681,0.107317966900305,0.481550670794634,0.129097818812157,0.206517309852238,0.0760592933546389,0.196064112231672,NA,0.147760596353992,1.21097549699452,NA,11.882,0.0733878904906525,0.010155482546425,0.0696237191343874,0.00979787158581346,0.0228456641105913,0.00924987577319252,0.0061376044379867,NA,0.0176588584033572,0.0212909467052345,NA,0.670319717249413,25
"house","R19","ancombc2","single",0.21589010989011,0.0872075496467459,0.21589010989011,0.0872075496467459,0.160414164377832,0.467621362450876,0.45487780060161,NA,-0.0697485761025298,0.849842941105026,0.503137725697752,94.58732,0.0551065476546382,0.0127255514249632,0.0551065476546382,0.0127255514249632,0.0152922322955493,0.008753093355711,0.00882113719055182,NA,0.0210583542569546,0.0229579638705977,0.0086899384748109,6.23296254219452,25
"house","R19","corncob","single",0.133333333333333,0.0110649701176017,0.190666666666667,0.0130906111432427,0.169014564072905,0.0442960670998057,0.0863252034138696,NA,NA,NA,NA,10.71932,0.0666666666666667,0.00408418816189609,0.0664028111854712,0.00435554798366984,0.0157204365677285,0.00343925100290608,0.00962539538897278,NA,NA,NA,NA,0.702889644538885,25
"house","R19","fastancom","single",0.551664462235425,0.265497114905214,0.615422997128405,0.328134614043407,0.222028703450927,0.230980002425075,0.284223446985618,NA,-0.193257787816962,0.874354631203552,NA,0.0341600000000051,0.0627150532353189,0.0233761552416527,0.0549495486603616,0.0241645881749912,0.0197709316801153,0.0221470404633027,0.0218197825098438,NA,0.0289412664971701,0.0138879917026525,NA,0.00116000000000106,25
"house","R19","fastemu","single",0.236190476190476,0.0191816381816382,0.206190476190476,0.0277893637893638,0.284634855252363,0.037469011304141,0.115898161700714,NA,-0.039427087607552,1.52874638757132,0.846572112292409,1363.42892,0.0718627018792835,0.00664340958841909,0.0644571494239931,0.00793056218068057,0.0185779243740754,0.0034117973146543,0.00714510933109791,NA,0.0160939137866998,0.0461328403654663,0.0058064322605961,113.367190886472,25
"house","R19","ldm","single",0.0558787878787879,0.153102599954,0.109046685340803,0.220534823665283,0.429545588506862,0.0484757312256878,0.0571226086008346,NA,NA,NA,NA,4.1156,0.0230841210627626,0.0205222731202727,0.024531700609738,0.0244957468126067,0.0193510699633152,0.00260800407148935,0.00402745693622154,NA,NA,NA,NA,0.298732940935546,25
"house","R19","limma_logtss","single",0.897708308586312,0.759927027466836,0.89738289071982,0.78638885261457,0.07627691900314,0.872442803637579,0.830999578621428,NA,-2.31131863071665,2.46168685905289,0.131685555946481,0.0444799999999998,0.00389346531120141,0.0193886984107682,0.0041932501708225,0.0194217537421555,0.0107650996482909,0.00913523771867191,0.0093577252043359,NA,0.0343988663908583,0.0305263159725546,0.00919579542923209,0.00116921626171834,25
"house","R19","linda","single",0.479508344978506,0.32334956613452,0.56269060506625,0.411834660263139,0.289189044104457,0.17645975808146,0.17650044961786,NA,0.371734037745571,0.917326252385809,0.794143613960596,0.72688,0.0571853196618412,0.0226522579520522,0.049135146594585,0.0199422091996233,0.0242806321928501,0.0133621492209808,0.0124658072373677,NA,0.0268050337423855,0.020231482166108,0.0123713074213528,0.167244534738807,25
"house","R19","lm_logtss","single",0.896910471914163,0.765119761421879,0.897316257267234,0.785660212833298,0.0756433433993661,0.869794090751001,0.830695938359083,NA,-2.31131863071665,2.46168685905289,0.132432725844087,0.0488399999999999,0.0042060909737043,0.0212694781675517,0.00420155580609071,0.0194046248502923,0.0110817131087673,0.00894324664442343,0.00914709672987902,NA,0.0343988663908583,0.0305263159725546,0.0092180799522177,0.00133251641640917,25
"house","R19","locom","single",0.198,0.108496791067325,0.205952380952381,0.15102569891633,0.28909064282745,0.0635416763461663,0.138624297989969,NA,-0.0173491570720119,0.814600312606838,NA,61.38728,0.0606318581458809,0.0264615171447791,0.0587730431161067,0.0268937219748852,0.0226441256622019,0.00495506088442348,0.00814509585190028,NA,0.011831946390593,0.0284541332177089,NA,6.34009254178518,25
"house","R19","locom2","single",0.0627777777777778,0.0904584594988793,0.0960932400932401,0.118124795526318,0.337547964955565,0.0424921410964905,0.0748972477623326,NA,NA,NA,NA,29.29716,0.0267533313951878,0.0120367391077344,0.0273113342518316,0.0156409232009677,0.0166319931822068,0.00273950640920878,0.0053842514235862,NA,NA,NA,NA,2.18601475039244,25
"house","R19","logistic_presence","single",0.16021504377975,0.331749182030533,0.223768327049153,0.414467845411767,0.482405200742424,0.0896988140406808,0.139748938691141,NA,0.29262726012367,1.04009816577557,NA,0.37004,0.0284622567865116,0.0209224015373008,0.0341609040390567,0.0215620233929721,0.0169620236928021,0.0096265579426888,0.0097038886351645,NA,0.0395098254639071,0.0928906463535308,NA,0.0243354665731588,25
"house","R19","maaslin3","abundance",0,0.00266666666666667,0.08,0.00766666666666667,0.0907293718466785,0.0444352248438846,0.0623045632204181,0.0519692072633249,0.060162838079733,2.35211808094223,NA,10.39392,0,0.00266666666666667,0.0553774924194538,0.00556776436283002,0.0118465376704058,0.00462784248404305,0.00524355531527771,0.0139757744678203,0.0815157295747519,0.167219535361976,NA,0.692443208068358,25
"house","R19","maaslin3","combined",0,0.00114285714285714,0.04,0.00114285714285714,0.151152746903538,0.0494699119543892,0.0820798195942737,NA,NA,NA,NA,10.39392,0,0.00114285714285714,0.04,0.00114285714285714,0.0155121878881057,0.00488201574027128,0.00651213015494303,NA,NA,NA,NA,0.692443208068358,25
"house","R19","maaslin3","presence",0,0,0,0,0.229362717181802,0.0429926351670068,0.0585211344845976,0.0282386045327222,NA,NA,NA,10.39392,0,0,0,0,0.019564123618315,0.00245710590613256,0.00530723457863576,0.0100500874412754,NA,NA,NA,0.692443208068358,25
"house","R19","pursue","abundance",0.08,0.00266666666666667,0.08,0.00266666666666667,0.104005400124102,0.0485392172221934,0.0621333751268993,0.0523360463066346,-0.0214975830786495,2.30008034443695,0.950872786329408,11.81356,0.0553774924194538,0.00266666666666667,0.0553774924194538,0.00266666666666667,0.0140144633835727,0.00388628484671386,0.00472200468462249,0.0126975521170566,0.0514231424968732,0.167439871105758,0.00381533228408631,0.791181730240699,25
"house","R19","pursue","combined",0.099047619047619,0.0583590936138124,0.097992673992674,0.10166165078494,0.316393761574296,0.045598550625514,0.0610954121290963,NA,NA,NA,NA,11.81356,0.0480669412278571,0.011533448669006,0.0267396914870813,0.0173408250549802,0.0192238763882215,0.00314970034667904,0.00500688378210847,NA,NA,NA,NA,0.791181730240699,25
"house","R19","pursue","presence",0.0463030303030303,0.133608917230222,0.0746967418546366,0.165332562899603,0.490091034540638,0.0454592708353318,0.0650606463998862,0.0493399541634836,NA,NA,NA,11.81356,0.0236955487961718,0.0226772360334604,0.026675829921685,0.0270192520583116,0.0279127301919953,0.00267135922897101,0.00549979821635638,0.0164897761601617,NA,NA,NA,0.791181730240699,25
"house","R19","wilcoxon_tss","single",0.0798129191070368,0.253037942682462,0.124804359039653,0.347768058503626,0.505734336333042,0.0610287444637923,0.0757065371770549,NA,-0.0697970004833701,1.70732704829782,NA,0.17316,0.0207573384633893,0.0218930317664564,0.0238300072916779,0.0185823292081908,0.015378458718956,0.00435499438530066,0.00725925179248024,NA,0.0549552053910734,0.0857182649336686,NA,0.0103441899956771,25
"house","R19","zicoseq","single",0.00666666666666668,0.0379306184012066,0.0654102564102564,0.144946224401377,0.434376095996975,0.0496109215725888,0.0623034229516354,NA,NA,NA,NA,42.4092,0.00666666666666668,0.0155119023830968,0.0265316602210046,0.0230286570596373,0.0196522548514878,0.00299589887782113,0.00436217100650128,NA,NA,NA,NA,2.33518755706403,25
"mid","R00","adapt","single",0.0533333333333333,0.0151382351095906,0.0466666666666666,0.0244476980251916,0.228905257620829,0.0491307871398461,0.0633678494883104,NA,-0.0161386596251909,1.08058132976245,NA,0.41768,0.03,0.00533175498437061,0.0263874268600843,0.0078663510002376,0.0218056084894636,0.00382230659950832,0.00548936896907681,NA,0.0424574972733127,0.0570976981273528,NA,0.0280848547560193,25
"mid","R00","aldex2","single",0,0.00222222222222222,0.04,0.00457516339869281,0.205790991775483,0.00708931335239731,0.241432408977413,NA,-0.0129736714341344,0.709572981786751,NA,12.51252,0,0.00222222222222222,0.04,0.00316841820746165,0.0176814915773844,0.00115106141952978,0.0100004260101618,NA,0.00366619132895618,0.0164894806928229,NA,1.43685557047325,25
"mid","R00","ancombc2","single",0,0,0,0,0.118533739523771,0.390087936625789,0.392016004766112,NA,-0.0199081431187605,0.75998486104108,0.572589348766075,64.92552,0,0,0,0,0.0116516922935899,0.0161650249271856,0.0160185956508098,NA,0.0264457934179558,0.0312040485991706,0.0163209305180332,9.15504791233048,25
"mid","R00","corncob","single",0.39047619047619,0.025957697204756,0.530178266178266,0.0416198090059982,0.162883012080798,0.0916812939461231,0.0991856910722525,NA,NA,NA,NA,11.78224,0.0860361022150222,0.00766060330398118,0.0845793834616708,0.0113562827393929,0.0197802228706208,0.00420438308652503,0.00724448809850293,NA,NA,NA,NA,1.41278292302816,25
"mid","R00","fastancom","single",0.02,0.00635381952517502,0.0133333333333333,0.0117896185088001,0.220090113253042,0.0241707309987624,0.106519536737875,NA,-0.0331659679890145,0.451331510863655,NA,0.0344800000000015,0.02,0.00329809806789234,0.0133333333333333,0.00456987699287682,0.0226196847713584,0.003385112142461,0.0123321155926538,NA,0.0198409476933904,0.0122799500413799,NA,0.00149121874094148,25
"mid","R00","fastemu","single",0.106666666666667,0.0032,0.104,0.0056,0.217142065092926,0.0436008874805849,0.103695508630592,NA,-0.00892148792320924,1.28107930290563,0.860697952545465,629.76836,0.0525991127935317,0.00189032625050104,0.0514716750585536,0.00337045990927054,0.0163938822637091,0.00321037923745408,0.00578358504690711,NA,0.016335637390501,0.0577341752288878,0.00809979801921174,56.0617822760414,25
"mid","R00","ldm","single",0.02,0.013668954063839,0.0645714285714286,0.0280379487520152,0.229804176027392,0.0542559419745189,0.0676143629931405,NA,NA,NA,NA,4.12056,0.02,0.00640428453434987,0.0308509694000881,0.00903932849411363,0.0235602355333928,0.00384511063683027,0.00467702536228004,NA,NA,NA,NA,0.508680266572235,25
"mid","R00","limma_logtss","single",0.03,0.0129945077372187,0.0633333333333333,0.0152926443831815,0.22322300401793,0.0459308277421501,0.0801356185931324,NA,-0.041110010989639,0.460103671165334,0.919066451064522,0.0428400000000002,0.0219848432637882,0.00564206808039642,0.0422952584681651,0.00579767847103687,0.0212165067833337,0.00526573251141792,0.00827511089141854,NA,0.0266244973614719,0.0125478150606706,0.00687884903134299,0.000546747961434993,25
"mid","R00","linda","single",0.0213333333333333,0.0209916512586589,0.0413333333333333,0.0292718607337533,0.2320353331324,0.0475848442865432,0.0650016856981062,NA,0.0152864537915126,0.435671231086902,0.906018364249378,0.20508,0.0152606975230128,0.00735617741009404,0.0244404037064311,0.00938838127996949,0.0209761794122202,0.00425552609359485,0.00545117170496955,NA,0.0130476895080141,0.0113450987750514,0.00537576104477472,0.0200783399048163,25
"mid","R00","lm_logtss","single",0.04,0.0143682746352823,0.07,0.0235328100146514,0.223796585616508,0.0463859445105203,0.0813823677700947,NA,-0.041110010989639,0.460103671165334,0.917746982361787,0.0458400000000001,0.0293131243517176,0.00488180201921351,0.0352504268427007,0.00672070088156405,0.021330281557591,0.00568829359170904,0.00849930254116518,NA,0.0266244973614719,0.0125478150606706,0.00705051290917176,0.000734120789334686,25
"mid","R00","locom","single",0.113333333333333,0.0266800149443007,0.109333333333333,0.0585892092526546,0.247054929596173,0.0456579197851054,0.0775372700174645,NA,-0.00144570055706414,0.716712777602586,NA,91.50244,0.0506622805119022,0.00924460910803749,0.0375780668889595,0.0151384040139193,0.0234905844815039,0.00365510566109724,0.00949562273752785,NA,0.0113153977592595,0.0206384918363464,NA,15.7270164353234,25
"mid","R00","locom2","single",0.0433333333333333,0.0128369615039692,0.129333333333333,0.0145065267213605,0.210689385961522,0.0474618632674739,0.0771992757579636,NA,NA,NA,NA,23.09976,0.0250554939639548,0.00468365646752039,0.0592021020647822,0.00491482097231237,0.0191783149410805,0.00269983972464735,0.00686721231564909,NA,NA,NA,NA,2.95747369234848,25
"mid","R00","logistic_presence","single",0.0533333333333333,0.00421818181818182,0.06,0.00773596837944664,0.161806042888261,0.0536032268581286,0.107470860708757,NA,-0.00954619137192585,0.691617114239579,NA,0.3462,0.0416333199893227,0.00216844385685463,0.0439696865275764,0.00378724576482875,0.0173840094318916,0.00395829412481603,0.00392845911590376,NA,0.0389158485033792,0.0620617780309219,NA,0.0422112544234355,25
"mid","R00","maaslin3","abundance",0.04,0.000909090909090908,0.12,0.00170909090909091,0.128098918310643,0.0498814965972032,0.0685556249186809,NA,-0.0732579027679265,0.802946444197378,NA,10.3492,0.04,0.000909090909090908,0.066332495807108,0.00118568133171847,0.0129794981438219,0.00366442961151428,0.00661616510805021,NA,0.0323336754762837,0.0364421117261269,NA,1.25084529552352,25
"mid","R00","maaslin3","combined",0.06,0.00170909090909091,0.0971428571428572,0.00657865612648221,0.182361765292353,0.0526818816805009,0.0867361163197448,NA,NA,NA,NA,10.3492,0.0439696865275764,0.00118568133171847,0.0491215346876299,0.00344169309277614,0.0176847849489665,0.00419043433270045,0.00739095273937421,NA,NA,NA,NA,1.25084529552352,25
"mid","R00","maaslin3","presence",0.08,NA,0.2,NA,NA,0.0502027529316658,0.0680420922963873,0.157712118060967,NA,NA,NA,10.3492,0.0553774924194538,NA,0.0816496580927726,NA,NA,0.00367386506848476,0.00627061584624541,0.0182246407677582,NA,NA,NA,1.25084529552352,25
"mid","R00","pursue","abundance",0.12,0.00170909090909091,0.192,0.0102918963389551,0.127989635022057,0.0544279199402048,0.0642234962254875,NA,-0.0237186930002941,0.778728748942757,0.936337307286664,13.19768,0.066332495807108,0.00118568133171847,0.0787231435686694,0.00554172669879244,0.0126475604542406,0.00329176517987853,0.00543968510849716,NA,0.0168244747057598,0.0352081639515398,0.00423167023498051,1.71327602438525,25
"mid","R00","pursue","combined",0.08,0.00177865612648221,0.12,0.00257865612648221,0.131070730684878,0.045707040358246,0.0947234128506992,NA,NA,NA,NA,13.19768,0.0553774924194538,0.00123154934755204,0.066332495807108,0.0014276332583535,0.0134968224837576,0.00409132252810287,0.00865999832014888,NA,NA,NA,NA,1.71327602438525,25
"mid","R00","pursue","presence",0.04,NA,0.08,NA,NA,0.0415636528229291,0.117597023952684,0.0766724819369321,NA,NA,NA,13.19768,0.04,NA,0.0553774924194538,NA,NA,0.0040975986869351,0.00952976061059406,0.0140197681430885,NA,NA,NA,1.71327602438525,25
"mid","R00","wilcoxon_tss","single",0.028,0.0106810922524478,0.088,0.0165387953336802,0.214731697656034,0.0498903864201506,0.066319974694664,NA,-0.0583489869703085,1.25641710756068,NA,0.17984,0.0212289111041209,0.00469601545193521,0.047370877129308,0.00625747322857533,0.0214075434518393,0.00350306140094214,0.00630284551901118,NA,0.0385247439920508,0.055658538785593,NA,0.0189700360217546,25
"mid","R00","zicoseq","single",0,0,0.0866666666666667,0.0120405085110967,0.211523458936954,0.0585159335582045,0.0693984880761122,NA,NA,NA,NA,44.14756,0,0,0.0501109879279097,0.00771386801388951,0.0191315339164585,0.00613974972843875,0.0081395094568069,NA,NA,NA,NA,4.56081271744412,25
"mid","R06","adapt","single",0,NA,0.04,NA,NA,0.0478238453702413,0.0692763982141218,NA,0.0202885629554358,1.08489327021296,NA,0.385639999999999,0,NA,0.04,NA,NA,0.00342221290018725,0.00709723378098361,NA,0.039271514754436,0.0560378058446607,NA,0.0230201274250736,25
"mid","R06","aldex2","single",0,NA,0,NA,NA,0.0068898617414772,0.235617568441839,NA,-0.00152118195742196,0.501968093951403,NA,12.64008,0,NA,0,NA,NA,0.00132195148017078,0.0112182944846981,NA,0.00195216452640323,0.0177207374876316,NA,1.39855849230556,25
"mid","R06","ancombc2","single",0,NA,0,NA,NA,0.408273761094287,0.397629667134887,NA,-0.0664590172722797,0.737411806077449,0.570125659116825,50.92148,0,NA,0,NA,NA,0.0158147947242048,0.0145762121588563,NA,0.0319527630744225,0.031721843968751,0.0158452487818332,6.37682514712977,25
"mid","R06","corncob","single",0.44,NA,0.52,NA,NA,0.0866467239608928,0.104151972791922,NA,NA,NA,NA,11.54684,0.101324561023804,NA,0.101980390271856,NA,NA,0.00376199697598411,0.00931238084117317,NA,NA,NA,NA,1.35456904915672,25
"mid","R06","fastancom","single",0,NA,0,NA,NA,0.0340372571970115,0.108594428732737,NA,-0.0127295858156667,0.422432617186722,NA,0.0348399999999975,0,NA,0,NA,NA,0.0051318527103256,0.010545771878099,NA,0.0321432985340782,0.0156830158557106,NA,0.00147159777113095,25
"mid","R06","fastemu","single",0.08,NA,0.16,NA,NA,0.0402078523991553,0.110084329730396,NA,0.00433494242973641,1.28163050041777,0.859220805237566,606.4328,0.0553774924194538,NA,0.0748331477354788,NA,NA,0.00497934711505375,0.00750342423076369,NA,0.022646309546459,0.0617107121215905,0.00706527421979769,50.0892427092218,25
"mid","R06","ldm","single",0.04,NA,0.04,NA,NA,0.0495104241436086,0.0641242368452732,NA,NA,NA,NA,3.04444,0.04,NA,0.04,NA,NA,0.00342811960108043,0.00772586911059692,NA,NA,NA,NA,0.203068568715101,25
"mid","R06","limma_logtss","single",0,NA,0,NA,NA,0.0471783514222093,0.0813574932912896,NA,-0.00966205206399266,0.407236730930792,0.952821648577791,0.0420000000000003,0,NA,0,NA,NA,0.00519449119308523,0.00846257414505123,NA,0.0222017408143167,0.0151041623951951,0.00519449119308523,0.000503322295684733,25
"mid","R06","linda","single",0,NA,0.04,NA,NA,0.0525115413341539,0.0630957677430601,NA,0.00527634868431198,0.38387024462929,0.946071258349365,0.202880000000001,0,NA,0.04,NA,NA,0.00346156721039342,0.00639111837397504,NA,0.0134949469393207,0.0148353756327367,0.00339674095919396,0.0191682306608269,25
"mid","R06","lm_logtss","single",0,NA,0,NA,NA,0.0465120199509462,0.0803427493444336,NA,-0.00966205206399266,0.407236730930792,0.953487980049054,0.0462799999999997,0,NA,0,NA,NA,0.00519330554011584,0.00852031474509534,NA,0.0222017408143167,0.0151041623951951,0.00519330554011584,0.000935449980847018,25
"mid","R06","locom","single",0,NA,0,NA,NA,0.0460224447475781,0.0849458302007234,NA,0.00070720253465943,0.706567918740843,NA,90.0084,0,NA,0,NA,NA,0.00508174609503926,0.00987021367849742,NA,0.0112698541505908,0.0255341758237299,NA,16.2916531395681,25
"mid","R06","locom2","single",0.04,NA,0.08,NA,NA,0.0468857395240982,0.0903407192793041,NA,NA,NA,NA,22.56564,0.04,NA,0.0553774924194538,NA,NA,0.00327632372467069,0.00792344718244026,NA,NA,NA,NA,2.73829351475209,25
"mid","R06","logistic_presence","single",0.04,NA,0.04,NA,NA,0.0528817077556583,0.104968507229464,NA,0.0389426363162392,0.666596204673949,NA,0.3454,0.04,NA,0.04,NA,NA,0.00457543177909093,0.00419065272763325,NA,0.0314570134992371,0.0675421633919444,NA,0.0417294060984976,25
"mid","R06","maaslin3","abundance",0.08,NA,0.12,NA,NA,0.0501500326292485,0.0657793345530957,NA,0.00929336639739263,0.773113668327684,NA,10.76412,0.0553774924194538,NA,0.066332495807108,NA,NA,0.00282554775279831,0.00602428019974762,NA,0.0313988327925436,0.0345250528778053,NA,1.23306871168371,25
"mid","R06","maaslin3","combined",0.08,NA,0.08,NA,NA,0.0517092262445765,0.0840902264160796,NA,NA,NA,NA,10.76412,0.0553774924194538,NA,0.0553774924194538,NA,NA,0.00316239173823754,0.00692711365187057,NA,NA,NA,NA,1.23306871168371,25
"mid","R06","maaslin3","presence",0,NA,0,NA,NA,0.0364773761678188,0.0709782268527327,NA,NA,NA,NA,10.76412,0,NA,0,NA,NA,0.0045493047417134,0.00547273261875443,NA,NA,NA,NA,1.23306871168371,25
"mid","R06","pursue","abundance",0.12,NA,0.12,NA,NA,0.0493153987894913,0.0657417010092327,NA,-0.0224219580332728,0.746861412988441,0.950684601210509,13.001,0.066332495807108,NA,0.066332495807108,NA,NA,0.0037094015564214,0.0058253674941106,NA,0.00802582360514446,0.0344623655847643,0.00370940155642139,1.68936429759836,25
"mid","R06","pursue","combined",0.04,NA,0.12,NA,NA,0.046426042174879,0.0779625677599943,NA,NA,NA,NA,13.001,0.04,NA,0.066332495807108,NA,NA,0.00302477189709191,0.00633708563744815,NA,NA,NA,NA,1.68936429759836,25
"mid","R06","pursue","presence",0,NA,0,NA,NA,0.0403388979883487,0.0990724928143767,NA,NA,NA,NA,13.001,0,NA,0,NA,NA,0.00360155964658272,0.00687680363022838,NA,NA,NA,NA,1.68936429759836,25
"mid","R06","wilcoxon_tss","single",0,NA,0,NA,NA,0.0446046519847689,0.0704604065706098,NA,0.0485415309481824,1.24904222259856,NA,0.17976,0,NA,0,NA,NA,0.00351228511278174,0.006456877846794,NA,0.0421913779577774,0.0619935662017599,NA,0.0185392628404332,25
"mid","R06","zicoseq","single",0,NA,0.04,NA,NA,0.0555219456898827,0.0671111395094406,NA,NA,NA,NA,44.3076,0,NA,0.04,NA,NA,0.00466347537757425,0.00630403494196887,NA,NA,NA,NA,4.7597233340465,25
"mid","R19","adapt","single",0.113333333333333,0.0134241758241758,0.18,0.0209582417582418,0.189727179678288,0.05613866096272,0.0607524148398242,NA,-0.175652842832799,1.35981423099363,NA,0.428559999999999,0.058309518948453,0.00413352725632659,0.0653834841531101,0.00520317590400176,0.0168986181270216,0.00427511364762518,0.00544455432054479,NA,0.0535434035396929,0.080301519006726,NA,0.0204612707327774,25
"mid","R19","aldex2","single",0.563327762364914,0.0613366719487409,0.650013690643722,0.0766896586172448,0.103550062961628,0.119863842610971,0.209821958154388,NA,0.0532851861867375,1.12351932191564,NA,14.8246,0.0796431912028897,0.0116534346401743,0.066663581211896,0.0122504037153919,0.0116033658845316,0.0105413810396256,0.014598569445609,NA,0.00671261363992533,0.0139113710055439,NA,1.05782390153875,25
"mid","R19","ancombc2","single",0.520009438857265,0.0547562627028144,0.520009438857265,0.0547562627028144,0.0974945595513325,0.406252603686952,0.406440355667317,NA,-0.00671732780418459,0.933083071980264,0.557888878032371,117.40352,0.0849313238664034,0.0119623381970495,0.0849313238664034,0.0119623381970495,0.0112791503783915,0.025965782289415,0.0247317269814633,NA,0.0287174061282652,0.0388898786737549,0.0284322522056608,8.24278032404115,25
"mid","R19","corncob","single",0.450923520923521,0.0456073386383731,0.57396256306473,0.0714859100669445,0.175187960941745,0.0987062198331808,0.118177962924291,NA,NA,NA,NA,14.00924,0.0735289077425763,0.0094688234293636,0.0625547754184031,0.0112656826530488,0.0112079211024476,0.00379374568926269,0.00585039952619898,NA,NA,NA,NA,1.21766280674632,25
"mid","R19","fastancom","single",0.685661147713118,0.174462733817906,0.812230142952597,0.231005108110281,0.116693064757475,0.270520424422387,0.300601463806523,NA,-0.0353514652473301,0.850282363167213,NA,0.0369200000000001,0.067218727584745,0.0238407933931275,0.0318038117259471,0.0295428695663666,0.0111218210813307,0.0231774606089812,0.0227800560353905,NA,0.0246445787398219,0.0150433973781733,NA,0.0015852654877548,25
"mid","R19","fastemu","single",0.113333333333333,0.0064,0.173333333333333,0.0064,0.178402017973409,0.0493712210905287,0.108079467517395,NA,0.037734283739541,1.39129253285556,0.845849045477457,1616.73944,0.058309518948453,0.00427707064862545,0.0690410505906933,0.00427707064862545,0.0120584910825815,0.00364129619590936,0.00692018760485585,NA,0.0166533662047672,0.0834941017687444,0.00731224684993375,110.531860668423,25
"mid","R19","ldm","single",0.728736699190119,0.143498115103288,0.779156000887307,0.214893655195379,0.114541849575234,0.165803621587455,0.190591039665606,NA,NA,NA,NA,5.66632,0.0501534888011086,0.0188641360308691,0.0370716123265443,0.0257272630408525,0.0111632349374621,0.0114999701598897,0.0109437345036535,NA,NA,NA,NA,0.569275811067594,25
"mid","R19","limma_logtss","single",0.893001661905904,0.735454031026445,0.896445275726852,0.771826108948523,0.0888920679326048,0.738868835843842,0.713770374338947,NA,-1.69997938885565,1.90946479576869,0.262711698679812,0.04324,0.00458663685723704,0.0384709003581536,0.00344615037799187,0.0335074389196608,0.00944338017002389,0.0342588413240402,0.031151724082917,NA,0.0987079573609866,0.0890452863779578,0.0343454457045798,0.000746726188103861,25
"mid","R19","linda","single",0.846372031755998,0.22818396086672,0.866464380997898,0.28893673740053,0.0915086512676597,0.317834407313871,0.308807510630915,NA,0.380197220545233,0.950060709100507,0.652464566665992,0.22948,0.0206689276157857,0.0197252803873968,0.0135844104224835,0.0214458641840325,0.0115182769917401,0.0239481582879363,0.0211533174817477,NA,0.0580494675245457,0.033050961533765,0.0236150889499089,0.0172411445869078,25
"mid","R19","lm_logtss","single",0.892570911962214,0.733977107949522,0.89663544239893,0.771597537519951,0.0893360771995629,0.739860978825742,0.714553132989833,NA,-1.69997938885565,1.90946479576869,0.26187565166513,0.0453599999999999,0.0053495066317535,0.0379349440510726,0.00342139145796598,0.0334220401799757,0.00950101459583381,0.034319176417956,0.0310902145373787,NA,0.0987079573609866,0.0890452863779578,0.0344019478430546,0.000538144961882898,25
"mid","R19","locom","single",0.513353535353535,0.0446615382912058,0.588531024531025,0.066899671172817,0.162132769615336,0.0748926309946128,0.123278676806439,NA,-0.000595534285083966,0.785485603650563,NA,112.02196,0.0800251108432404,0.0108219150772558,0.0670560104560292,0.014379000914067,0.0204510575606809,0.00475398787754342,0.00814605539530064,NA,0.0124966869797392,0.0272718574362775,NA,12.4163751177601,25
"mid","R19","locom2","single",0.202857142857143,0.0277277056277056,0.311047619047619,0.0369777056277056,0.183342595416548,0.0606559806856803,0.102535059301333,NA,NA,NA,NA,21.59912,0.0632598929730119,0.0065005989549511,0.0766543271150252,0.0080905663389585,0.0122124959524388,0.00296319248573613,0.00698760958784129,NA,NA,NA,NA,1.64703293867083,25
"mid","R19","logistic_presence","single",0.903494091677896,0.519202145317688,0.900812158572612,0.629699286870093,0.0630169585557088,0.615637824223739,0.609828904159551,NA,1.61799772416035,3.01785169319669,NA,0.4092,0.00363983512224394,0.0300716056404705,0.00336313756635105,0.0269233028135298,0.00952414103611515,0.0200059996959848,0.0169965407894627,NA,0.0703227421248706,0.159905145267411,NA,0.0368880739535151,25
"mid","R19","maaslin3","abundance",0.08,0,0.16,0,0.0608126115437493,0.046557203749112,0.0573054570628565,NA,-1.21038737072066,2.46151603276378,NA,11.54852,0.0553774924194538,0,0.0748331477354788,0,0.0078331251786296,0.00192084065207509,0.00506053721570418,NA,0.09923808728233,0.18391055448167,NA,1.03745942269244,25
"mid","R19","maaslin3","combined",0.08,0,0.08,0,0.0759874219589106,0.0515470666570979,0.0728165052585464,NA,NA,NA,NA,11.54852,0.0553774924194538,0,0.0553774924194538,0,0.0107023474365431,0.00306963632820891,0.00600525133008457,NA,NA,NA,NA,1.03745942269244,25
"mid","R19","maaslin3","presence",0,NA,0,NA,NA,0.0444249134589641,0.0695749876230551,0.0556993220935145,NA,NA,NA,11.54852,0,NA,0,NA,NA,0.00459032584144361,0.00660685135071118,0.0113924968581606,NA,NA,NA,1.03745942269244,25
"mid","R19","pursue","abundance",0,0,0.04,0,0.06287025929843,0.054262093123435,0.0606671282149783,NA,-0.157955045804403,2.12110022933358,0.945748248646929,16.46048,0,0,0.04,0,0.00786323739730685,0.00310900013339885,0.00576815123349774,NA,0.0658457986655177,0.165618986828287,0.00286718354384893,1.59463910036096,25
"mid","R19","pursue","combined",0.735679653679654,0.00662931034482759,0.845296165778139,0.0166150246305419,0.0473607436006684,0.113922844839908,0.110996276337378,NA,NA,NA,NA,16.46048,0.0792721681786173,0.00253867723131943,0.0562244242817509,0.00468115870194248,0.00794187075901392,0.00712815378480741,0.00929856539730213,NA,NA,NA,NA,1.59463910036096,25
"mid","R19","pursue","presence",0.92,NA,0.96,NA,NA,0.128969760329329,0.135664399466187,0.136137133671215,NA,NA,NA,16.46048,0.0553774924194538,NA,0.04,NA,NA,0.00897559337087733,0.00973796494813755,0.0141327084427787,NA,NA,NA,1.59463910036096,25
"mid","R19","wilcoxon_tss","single",0.881351581882566,0.303071775351086,0.889261293064775,0.405067692078037,0.0804707209425555,0.403409225012381,0.429489544181419,NA,0.345870671629595,2.27527805804397,NA,0.2112,0.00997272888150547,0.0287536164306354,0.00364248317080522,0.0299092792943579,0.0093963727839471,0.0186319178723812,0.0174718983734407,NA,0.0754812191510544,0.266342173703501,NA,0.0159383186064277,25
"mid","R19","zicoseq","single",0.159584540478051,0.0319842140618003,0.212953663157774,0.0622031347962382,0.145503487913354,0.112611889196228,0.128187481342939,NA,NA,NA,NA,52.01148,0.0658055085200665,0.0151470021960827,0.0682512444277501,0.0216257122494225,0.0149008991514985,0.0153102979594698,0.0202908938656322,NA,NA,NA,NA,4.04737551347372,25
