"setting","rep","variant","tested","n_pos","rej","tp","fp","fpr"
"R00    (no confound)",1,"logistic",480,48,0,0,0,0.0532407407407407
"R00    (no confound)",1,"logistic_depth",480,48,0,0,0,0.0648148148148148
"R00    (no confound)",1,"cloglog_offset",480,48,0,0,0,0.0694444444444444
"R00    (no confound)",1,"cloglog_depth",480,48,0,0,0,0.0578703703703704
"R00    (no confound)",1,"pursue_presence",480,48,0,0,0,0.0439814814814815
"R00    (no confound)",1,"pursue_combined",480,48,0,0,0,0.0486111111111111
"R00    (no confound)",2,"logistic",482,49,0,0,0,0.0300230946882217
"R00    (no confound)",2,"logistic_depth",482,49,0,0,0,0.0392609699769053
"R00    (no confound)",2,"cloglog_offset",482,49,0,0,0,0.0600461893764434
"R00    (no confound)",2,"cloglog_depth",482,49,1,1,0,0.0415704387990762
"R00    (no confound)",2,"pursue_presence",482,49,0,0,0,0.0323325635103926
"R00    (no confound)",2,"pursue_combined",482,49,0,0,0,0.0508083140877598
"R00    (no confound)",3,"logistic",480,47,0,0,0,0.0415704387990762
"R00    (no confound)",3,"logistic_depth",480,47,0,0,0,0.046189376443418
"R00    (no confound)",3,"cloglog_offset",480,47,2,1,1,0.0531177829099307
"R00    (no confound)",3,"cloglog_depth",480,47,0,0,0,0.0531177829099307
"R00    (no confound)",3,"pursue_presence",480,47,1,0,1,0.0392609699769053
"R00    (no confound)",3,"pursue_combined",480,47,0,0,0,0.0508083140877598
"R00    (no confound)",4,"logistic",469,46,0,0,0,0.0732860520094563
"R00    (no confound)",4,"logistic_depth",469,46,0,0,0,0.0969267139479905
"R00    (no confound)",4,"cloglog_offset",469,46,0,0,0,0.111111111111111
"R00    (no confound)",4,"cloglog_depth",469,46,0,0,0,0.0969267139479905
"R00    (no confound)",4,"pursue_presence",469,46,0,0,0,0.0803782505910166
"R00    (no confound)",4,"pursue_combined",469,46,0,0,0,0.08274231678487
"R00    (no confound)",5,"logistic",461,45,0,0,0,0.0600961538461538
"R00    (no confound)",5,"logistic_depth",461,45,0,0,0,0.0336538461538462
"R00    (no confound)",5,"cloglog_offset",461,45,0,0,0,0.0745192307692308
"R00    (no confound)",5,"cloglog_depth",461,45,0,0,0,0.0360576923076923
"R00    (no confound)",5,"pursue_presence",461,45,0,0,0,0.0360576923076923
"R00    (no confound)",5,"pursue_combined",461,45,0,0,0,0.0552884615384615
"R00    (no confound)",6,"logistic",471,48,0,0,0,0.0449172576832151
"R00    (no confound)",6,"logistic_depth",471,48,0,0,0,0.0543735224586288
"R00    (no confound)",6,"cloglog_offset",471,48,0,0,0,0.0567375886524823
"R00    (no confound)",6,"cloglog_depth",471,48,0,0,0,0.0543735224586288
"R00    (no confound)",6,"pursue_presence",471,48,0,0,0,0.0472813238770686
"R00    (no confound)",6,"pursue_combined",471,48,1,1,0,0.066193853427896
"R00    (no confound)",7,"logistic",466,48,0,0,0,0.0478468899521531
"R00    (no confound)",7,"logistic_depth",466,48,0,0,0,0.0287081339712919
"R00    (no confound)",7,"cloglog_offset",466,48,0,0,0,0.0406698564593301
"R00    (no confound)",7,"cloglog_depth",466,48,0,0,0,0.0334928229665072
"R00    (no confound)",7,"pursue_presence",466,48,0,0,0,0.0358851674641148
"R00    (no confound)",7,"pursue_combined",466,48,0,0,0,0.0454545454545455
"R00    (no confound)",8,"logistic",491,50,0,0,0,0.0453514739229025
"R00    (no confound)",8,"logistic_depth",491,50,0,0,0,0.036281179138322
"R00    (no confound)",8,"cloglog_offset",491,50,0,0,0,0.0294784580498866
"R00    (no confound)",8,"cloglog_depth",491,50,0,0,0,0.0340136054421769
"R00    (no confound)",8,"pursue_presence",491,50,0,0,0,0.0317460317460317
"R00    (no confound)",8,"pursue_combined",491,50,0,0,0,0.0408163265306122
"R00    (no confound)",9,"logistic",464,43,0,0,0,0.0522565320665083
"R00    (no confound)",9,"logistic_depth",464,43,0,0,0,0.0570071258907363
"R00    (no confound)",9,"cloglog_offset",464,43,0,0,0,0.0712589073634204
"R00    (no confound)",9,"cloglog_depth",460,42,0,0,0,0.0502392344497608
"R00    (no confound)",9,"pursue_presence",464,43,0,0,0,0.0475059382422803
"R00    (no confound)",9,"pursue_combined",464,43,0,0,0,0.0593824228028504
"R00    (no confound)",10,"logistic",485,47,0,0,0,0.0593607305936073
"R00    (no confound)",10,"logistic_depth",485,47,0,0,0,0.0776255707762557
"R00    (no confound)",10,"cloglog_offset",485,47,0,0,0,0.107305936073059
"R00    (no confound)",10,"cloglog_depth",485,47,1,1,0,0.0821917808219178
"R00    (no confound)",10,"pursue_presence",485,47,0,0,0,0.0525114155251142
"R00    (no confound)",10,"pursue_combined",485,47,0,0,0,0.0410958904109589
"R17    (depth x2)",1,"logistic",483,49,0,0,0,0.138248847926267
"R17    (depth x2)",1,"logistic_depth",483,49,0,0,0,0.0737327188940092
"R17    (depth x2)",1,"cloglog_offset",483,49,24,5,19,0.19815668202765
"R17    (depth x2)",1,"cloglog_depth",483,49,0,0,0,0.0875576036866359
"R17    (depth x2)",1,"pursue_presence",483,49,0,0,0,0.043778801843318
"R17    (depth x2)",1,"pursue_combined",483,49,0,0,0,0.032258064516129
"R17    (depth x2)",2,"logistic",495,50,15,6,9,0.186516853932584
"R17    (depth x2)",2,"logistic_depth",495,50,1,1,0,0.0449438202247191
"R17    (depth x2)",2,"cloglog_offset",495,50,36,7,29,0.231460674157303
"R17    (depth x2)",2,"cloglog_depth",495,50,1,1,0,0.0359550561797753
"R17    (depth x2)",2,"pursue_presence",495,50,0,0,0,0.0584269662921348
"R17    (depth x2)",2,"pursue_combined",495,50,0,0,0,0.0539325842696629
"R17    (depth x2)",3,"logistic",475,46,14,3,11,0.20979020979021
"R17    (depth x2)",3,"logistic_depth",475,46,0,0,0,0.048951048951049
"R17    (depth x2)",3,"cloglog_offset",475,46,2,0,2,0.132867132867133
"R17    (depth x2)",3,"cloglog_depth",475,46,0,0,0,0.0466200466200466
"R17    (depth x2)",3,"pursue_presence",475,46,1,0,1,0.0909090909090909
"R17    (depth x2)",3,"pursue_combined",475,46,1,0,1,0.1002331002331
"R17    (depth x2)",4,"logistic",489,46,17,10,7,0.18510158013544
"R17    (depth x2)",4,"logistic_depth",489,46,0,0,0,0.054176072234763
"R17    (depth x2)",4,"cloglog_offset",489,46,11,1,10,0.135440180586907
"R17    (depth x2)",4,"cloglog_depth",489,46,0,0,0,0.054176072234763
"R17    (depth x2)",4,"pursue_presence",489,46,0,0,0,0.0654627539503386
"R17    (depth x2)",4,"pursue_combined",489,46,0,0,0,0.0609480812641084
"R17    (depth x2)",5,"logistic",489,49,19,4,15,0.234090909090909
"R17    (depth x2)",5,"logistic_depth",489,49,1,1,0,0.0568181818181818
"R17    (depth x2)",5,"cloglog_offset",489,49,90,13,77,0.343181818181818
"R17    (depth x2)",5,"cloglog_depth",488,49,1,1,0,0.0592255125284738
"R17    (depth x2)",5,"pursue_presence",489,49,0,0,0,0.0681818181818182
"R17    (depth x2)",5,"pursue_combined",489,49,0,0,0,0.0727272727272727
"R17    (depth x2)",6,"logistic",494,49,2,2,0,0.110112359550562
"R17    (depth x2)",6,"logistic_depth",494,49,0,0,0,0.0449438202247191
"R17    (depth x2)",6,"cloglog_offset",494,49,53,9,44,0.253932584269663
"R17    (depth x2)",6,"cloglog_depth",493,49,0,0,0,0.036036036036036
"R17    (depth x2)",6,"pursue_presence",494,49,0,0,0,0.0426966292134831
"R17    (depth x2)",6,"pursue_combined",494,49,0,0,0,0.051685393258427
"R17    (depth x2)",7,"logistic",490,49,63,12,51,0.344671201814059
"R17    (depth x2)",7,"logistic_depth",490,49,0,0,0,0.0566893424036281
"R17    (depth x2)",7,"cloglog_offset",490,49,26,6,20,0.174603174603175
"R17    (depth x2)",7,"cloglog_depth",490,49,0,0,0,0.0566893424036281
"R17    (depth x2)",7,"pursue_presence",490,49,0,0,0,0.104308390022676
"R17    (depth x2)",7,"pursue_combined",490,49,0,0,0,0.0839002267573696
"R17    (depth x2)",8,"logistic",498,50,5,4,1,0.0803571428571429
"R17    (depth x2)",8,"logistic_depth",498,50,0,0,0,0.0513392857142857
"R17    (depth x2)",8,"cloglog_offset",498,50,9,3,6,0.118303571428571
"R17    (depth x2)",8,"cloglog_depth",498,50,0,0,0,0.0491071428571429
"R17    (depth x2)",8,"pursue_presence",498,50,0,0,0,0.0223214285714286
"R17    (depth x2)",8,"pursue_combined",498,50,0,0,0,0.0513392857142857
"R17    (depth x2)",9,"logistic",493,47,2,1,1,0.15695067264574
"R17    (depth x2)",9,"logistic_depth",493,47,0,0,0,0.0515695067264574
"R17    (depth x2)",9,"cloglog_offset",493,47,70,7,63,0.320627802690583
"R17    (depth x2)",9,"cloglog_depth",493,47,0,0,0,0.0538116591928251
"R17    (depth x2)",9,"pursue_presence",493,47,0,0,0,0.0246636771300448
"R17    (depth x2)",9,"pursue_combined",493,47,0,0,0,0.0426008968609865
"R17    (depth x2)",10,"logistic",492,49,52,5,47,0.248306997742664
"R17    (depth x2)",10,"logistic_depth",492,49,0,0,0,0.0925507900677201
"R17    (depth x2)",10,"cloglog_offset",492,49,155,22,133,0.399548532731377
"R17    (depth x2)",10,"cloglog_depth",492,49,0,0,0,0.0970654627539503
"R17    (depth x2)",10,"pursue_presence",492,49,3,0,3,0.106094808126411
"R17    (depth x2)",10,"pursue_combined",492,49,1,0,1,0.0790067720090293
"R18    (depth x4)",1,"logistic",498,48,219,17,202,0.542222222222222
"R18    (depth x4)",1,"logistic_depth",498,48,2,1,1,0.0711111111111111
"R18    (depth x4)",1,"cloglog_offset",498,48,148,21,127,0.395555555555556
"R18    (depth x4)",1,"cloglog_depth",498,48,2,1,1,0.0733333333333333
"R18    (depth x4)",1,"pursue_presence",498,48,21,3,18,0.131111111111111
"R18    (depth x4)",1,"pursue_combined",498,48,18,3,15,0.115555555555556
"R18    (depth x4)",2,"logistic",496,50,129,20,109,0.381165919282511
"R18    (depth x4)",2,"logistic_depth",496,50,0,0,0,0.0560538116591928
"R18    (depth x4)",2,"cloglog_offset",496,50,174,18,156,0.452914798206278
"R18    (depth x4)",2,"cloglog_depth",496,50,0,0,0,0.062780269058296
"R18    (depth x4)",2,"pursue_presence",496,50,1,1,0,0.114349775784753
"R18    (depth x4)",2,"pursue_combined",496,50,0,0,0,0.0852017937219731
"R18    (depth x4)",3,"logistic",496,50,122,8,114,0.405829596412556
"R18    (depth x4)",3,"logistic_depth",496,50,0,0,0,0.0426008968609865
"R18    (depth x4)",3,"cloglog_offset",496,50,253,30,223,0.567264573991031
"R18    (depth x4)",3,"cloglog_depth",496,50,0,0,0,0.0426008968609865
"R18    (depth x4)",3,"pursue_presence",496,50,0,0,0,0.103139013452915
"R18    (depth x4)",3,"pursue_combined",496,50,0,0,0,0.0896860986547085
"R18    (depth x4)",4,"logistic",493,50,184,19,165,0.483069977426637
"R18    (depth x4)",4,"logistic_depth",493,50,0,0,0,0.0451467268623025
"R18    (depth x4)",4,"cloglog_offset",493,50,225,27,198,0.530474040632054
"R18    (depth x4)",4,"cloglog_depth",491,50,0,0,0,0.0476190476190476
"R18    (depth x4)",4,"pursue_presence",493,50,13,2,11,0.155756207674944
"R18    (depth x4)",4,"pursue_combined",494,50,5,1,4,0.121621621621622
"R18    (depth x4)",5,"logistic",497,50,146,17,129,0.447427293064877
"R18    (depth x4)",5,"logistic_depth",497,50,0,0,0,0.0536912751677852
"R18    (depth x4)",5,"cloglog_offset",497,50,196,24,172,0.501118568232662
"R18    (depth x4)",5,"cloglog_depth",497,50,3,1,2,0.0671140939597315
"R18    (depth x4)",5,"pursue_presence",497,50,0,0,0,0.105145413870246
"R18    (depth x4)",5,"pursue_combined",497,50,0,0,0,0.0850111856823266
"R18    (depth x4)",6,"logistic",497,49,126,12,114,0.401785714285714
"R18    (depth x4)",6,"logistic_depth",497,49,0,0,0,0.0535714285714286
"R18    (depth x4)",6,"cloglog_offset",497,49,267,32,235,0.584821428571429
"R18    (depth x4)",6,"cloglog_depth",497,49,0,0,0,0.0558035714285714
"R18    (depth x4)",6,"pursue_presence",497,49,5,1,4,0.0736607142857143
"R18    (depth x4)",6,"pursue_combined",497,49,0,0,0,0.0669642857142857
"R18    (depth x4)",7,"logistic",498,48,97,9,88,0.355555555555556
"R18    (depth x4)",7,"logistic_depth",498,48,0,0,0,0.108888888888889
"R18    (depth x4)",7,"cloglog_offset",498,48,283,33,250,0.622222222222222
"R18    (depth x4)",7,"cloglog_depth",498,48,0,0,0,0.0911111111111111
"R18    (depth x4)",7,"pursue_presence",498,48,2,0,2,0.0555555555555556
"R18    (depth x4)",7,"pursue_combined",498,48,2,0,2,0.0622222222222222
"R18    (depth x4)",8,"logistic",498,50,95,9,86,0.345982142857143
"R18    (depth x4)",8,"logistic_depth",498,50,0,0,0,0.0580357142857143
"R18    (depth x4)",8,"cloglog_offset",498,50,250,26,224,0.575892857142857
"R18    (depth x4)",8,"cloglog_depth",498,50,0,0,0,0.0558035714285714
"R18    (depth x4)",8,"pursue_presence",498,50,0,0,0,0.0580357142857143
"R18    (depth x4)",8,"pursue_combined",498,50,0,0,0,0.0491071428571429
"R18    (depth x4)",9,"logistic",499,50,172,15,157,0.472160356347439
"R18    (depth x4)",9,"logistic_depth",499,50,0,0,0,0.0712694877505568
"R18    (depth x4)",9,"cloglog_offset",499,50,283,31,252,0.612472160356347
"R18    (depth x4)",9,"cloglog_depth",499,50,0,0,0,0.0690423162583519
"R18    (depth x4)",9,"pursue_presence",499,50,2,0,2,0.0868596881959911
"R18    (depth x4)",9,"pursue_combined",500,50,2,0,2,0.0888888888888889
"R18    (depth x4)",10,"logistic",498,50,140,10,130,0.417410714285714
"R18    (depth x4)",10,"logistic_depth",498,50,0,0,0,0.0647321428571429
"R18    (depth x4)",10,"cloglog_offset",498,50,242,30,212,0.537946428571429
"R18    (depth x4)",10,"cloglog_depth",498,50,0,0,0,0.0602678571428571
"R18    (depth x4)",10,"pursue_presence",498,50,13,0,13,0.111607142857143
"R18    (depth x4)",10,"pursue_combined",498,50,12,0,12,0.102678571428571
"R19    (depth x9)",1,"logistic",496,49,306,31,275,0.675615212527964
"R19    (depth x9)",1,"logistic_depth",496,49,0,0,0,0.0671140939597315
"R19    (depth x9)",1,"cloglog_offset",496,49,331,34,297,0.702460850111857
"R19    (depth x9)",1,"cloglog_depth",496,49,0,0,0,0.0715883668903803
"R19    (depth x9)",1,"pursue_presence",496,49,14,0,14,0.16331096196868
"R19    (depth x9)",1,"pursue_combined",498,49,10,1,9,0.138084632516704
"R19    (depth x9)",2,"logistic",498,50,331,35,296,0.700892857142857
"R19    (depth x9)",2,"logistic_depth",498,50,0,0,0,0.0446428571428571
"R19    (depth x9)",2,"cloglog_offset",498,50,329,29,300,0.716517857142857
"R19    (depth x9)",2,"cloglog_depth",498,50,0,0,0,0.0513392857142857
"R19    (depth x9)",2,"pursue_presence",498,50,5,1,4,0.109375
"R19    (depth x9)",2,"pursue_combined",498,50,5,2,3,0.09375
"R19    (depth x9)",3,"logistic",499,50,319,34,285,0.66815144766147
"R19    (depth x9)",3,"logistic_depth",499,50,0,0,0,0.0311804008908686
"R19    (depth x9)",3,"cloglog_offset",499,50,369,36,333,0.770601336302895
"R19    (depth x9)",3,"cloglog_depth",499,50,0,0,0,0.0334075723830735
"R19    (depth x9)",3,"pursue_presence",499,50,0,0,0,0.133630289532294
"R19    (depth x9)",3,"pursue_combined",499,50,0,0,0,0.106904231625835
"R19    (depth x9)",4,"logistic",499,50,279,36,243,0.599109131403118
"R19    (depth x9)",4,"logistic_depth",499,50,0,0,0,0.0423162583518931
"R19    (depth x9)",4,"cloglog_offset",499,50,367,34,333,0.755011135857461
"R19    (depth x9)",4,"cloglog_depth",498,50,0,0,0,0.0424107142857143
"R19    (depth x9)",4,"pursue_presence",499,50,6,1,5,0.0957683741648107
"R19    (depth x9)",4,"pursue_combined",499,50,0,0,0,0.089086859688196
"R19    (depth x9)",5,"logistic",500,50,401,44,357,0.813333333333333
"R19    (depth x9)",5,"logistic_depth",500,50,1,0,1,0.06
"R19    (depth x9)",5,"cloglog_offset",494,49,330,31,299,0.70561797752809
"R19    (depth x9)",5,"cloglog_depth",500,50,1,0,1,0.0622222222222222
"R19    (depth x9)",5,"pursue_presence",500,50,18,0,18,0.186666666666667
"R19    (depth x9)",5,"pursue_combined",500,50,3,0,3,0.124444444444444
"R19    (depth x9)",6,"logistic",500,50,251,27,224,0.58
"R19    (depth x9)",6,"logistic_depth",500,50,0,0,0,0.04
"R19    (depth x9)",6,"cloglog_offset",500,50,353,33,320,0.737777777777778
"R19    (depth x9)",6,"cloglog_depth",500,50,0,0,0,0.0466666666666667
"R19    (depth x9)",6,"pursue_presence",500,50,2,0,2,0.0755555555555556
"R19    (depth x9)",6,"pursue_combined",500,50,1,0,1,0.0888888888888889
"R19    (depth x9)",7,"logistic",499,50,311,32,279,0.67260579064588
"R19    (depth x9)",7,"logistic_depth",499,50,0,0,0,0.0423162583518931
"R19    (depth x9)",7,"cloglog_offset",498,50,335,34,301,0.725446428571429
"R19    (depth x9)",7,"cloglog_depth",499,50,0,0,0,0.0489977728285078
"R19    (depth x9)",7,"pursue_presence",499,50,31,3,28,0.191536748329621
"R19    (depth x9)",7,"pursue_combined",499,50,27,5,22,0.171492204899777
"R19    (depth x9)",8,"logistic",499,49,325,22,303,0.715555555555556
"R19    (depth x9)",8,"logistic_depth",499,49,0,0,0,0.0355555555555556
"R19    (depth x9)",8,"cloglog_offset",499,49,389,39,350,0.791111111111111
"R19    (depth x9)",8,"cloglog_depth",499,49,0,0,0,0.0377777777777778
"R19    (depth x9)",8,"pursue_presence",499,49,3,0,3,0.122222222222222
"R19    (depth x9)",8,"pursue_combined",499,49,3,0,3,0.0977777777777778
"R19    (depth x9)",9,"logistic",499,50,375,33,342,0.788418708240535
"R19    (depth x9)",9,"logistic_depth",499,50,0,0,0,0.0712694877505568
"R19    (depth x9)",9,"cloglog_offset",498,50,307,32,275,0.654017857142857
"R19    (depth x9)",9,"cloglog_depth",498,50,0,0,0,0.0758928571428571
"R19    (depth x9)",9,"pursue_presence",499,50,8,1,7,0.189309576837416
"R19    (depth x9)",9,"pursue_combined",499,50,8,1,7,0.142538975501114
"R19    (depth x9)",10,"logistic",498,50,339,34,305,0.729910714285714
"R19    (depth x9)",10,"logistic_depth",498,50,0,0,0,0.0535714285714286
"R19    (depth x9)",10,"cloglog_offset",498,50,363,39,324,0.745535714285714
"R19    (depth x9)",10,"cloglog_depth",498,50,0,0,0,0.0580357142857143
"R19    (depth x9)",10,"pursue_presence",498,50,5,0,5,0.138392857142857
"R19    (depth x9)",10,"pursue_combined",499,50,5,0,5,0.126948775055679
"R06    (global null)",1,"logistic",480,0,0,0,0,0.0479166666666667
"R06    (global null)",1,"logistic_depth",480,0,1,0,1,0.04375
"R06    (global null)",1,"cloglog_offset",480,0,4,0,4,0.0645833333333333
"R06    (global null)",1,"cloglog_depth",477,0,1,0,1,0.050314465408805
"R06    (global null)",1,"pursue_presence",480,0,0,0,0,0.0395833333333333
"R06    (global null)",1,"pursue_combined",480,0,0,0,0,0.0458333333333333
"R06    (global null)",2,"logistic",463,0,0,0,0,0.0367170626349892
"R06    (global null)",2,"logistic_depth",463,0,0,0,0,0.0345572354211663
"R06    (global null)",2,"cloglog_offset",463,0,0,0,0,0.0302375809935205
"R06    (global null)",2,"cloglog_depth",461,0,0,0,0,0.0281995661605206
"R06    (global null)",2,"pursue_presence",463,0,0,0,0,0.0453563714902808
"R06    (global null)",2,"pursue_combined",463,0,0,0,0,0.0518358531317495
"R06    (global null)",3,"logistic",485,0,0,0,0,0.0536082474226804
"R06    (global null)",3,"logistic_depth",485,0,0,0,0,0.0639175257731959
"R06    (global null)",3,"cloglog_offset",485,0,1,0,1,0.0845360824742268
"R06    (global null)",3,"cloglog_depth",485,0,0,0,0,0.065979381443299
"R06    (global null)",3,"pursue_presence",485,0,0,0,0,0.0474226804123711
"R06    (global null)",3,"pursue_combined",485,0,0,0,0,0.0536082474226804
"R06    (global null)",4,"logistic",484,0,0,0,0,0.0289256198347107
"R06    (global null)",4,"logistic_depth",484,0,0,0,0,0.0330578512396694
"R06    (global null)",4,"cloglog_offset",484,0,0,0,0,0.0557851239669422
"R06    (global null)",4,"cloglog_depth",484,0,0,0,0,0.0330578512396694
"R06    (global null)",4,"pursue_presence",484,0,0,0,0,0.0330578512396694
"R06    (global null)",4,"pursue_combined",484,0,0,0,0,0.0537190082644628
"R06    (global null)",5,"logistic",488,0,0,0,0,0.122950819672131
"R06    (global null)",5,"logistic_depth",488,0,0,0,0,0.0963114754098361
"R06    (global null)",5,"cloglog_offset",488,0,0,0,0,0.0983606557377049
"R06    (global null)",5,"cloglog_depth",488,0,0,0,0,0.0942622950819672
"R06    (global null)",5,"pursue_presence",488,0,0,0,0,0.104508196721311
"R06    (global null)",5,"pursue_combined",488,0,0,0,0,0.0737704918032787
"R06    (global null)",6,"logistic",473,0,0,0,0,0.0338266384778013
"R06    (global null)",6,"logistic_depth",473,0,0,0,0,0.0507399577167019
"R06    (global null)",6,"cloglog_offset",473,0,0,0,0,0.0634249471458774
"R06    (global null)",6,"cloglog_depth",473,0,0,0,0,0.0465116279069767
"R06    (global null)",6,"pursue_presence",473,0,0,0,0,0.0317124735729387
"R06    (global null)",6,"pursue_combined",473,0,0,0,0,0.0359408033826638
"R06    (global null)",7,"logistic",481,0,0,0,0,0.0623700623700624
"R06    (global null)",7,"logistic_depth",481,0,0,0,0,0.0623700623700624
"R06    (global null)",7,"cloglog_offset",481,0,0,0,0,0.0727650727650728
"R06    (global null)",7,"cloglog_depth",481,0,0,0,0,0.0665280665280665
"R06    (global null)",7,"pursue_presence",481,0,0,0,0,0.0582120582120582
"R06    (global null)",7,"pursue_combined",481,0,0,0,0,0.0602910602910603
"R06    (global null)",8,"logistic",486,0,0,0,0,0.0411522633744856
"R06    (global null)",8,"logistic_depth",486,0,0,0,0,0.0555555555555556
"R06    (global null)",8,"cloglog_offset",486,0,0,0,0,0.0699588477366255
"R06    (global null)",8,"cloglog_depth",486,0,0,0,0,0.0534979423868313
"R06    (global null)",8,"pursue_presence",486,0,0,0,0,0.0329218106995885
"R06    (global null)",8,"pursue_combined",486,0,0,0,0,0.0473251028806584
"R06    (global null)",9,"logistic",470,0,0,0,0,0.0680851063829787
"R06    (global null)",9,"logistic_depth",470,0,0,0,0,0.0574468085106383
"R06    (global null)",9,"cloglog_offset",470,0,0,0,0,0.051063829787234
"R06    (global null)",9,"cloglog_depth",469,0,0,0,0,0.0575692963752665
"R06    (global null)",9,"pursue_presence",470,0,0,0,0,0.0617021276595745
"R06    (global null)",9,"pursue_combined",470,0,0,0,0,0.0702127659574468
"R06    (global null)",10,"logistic",490,0,0,0,0,0.0755102040816327
"R06    (global null)",10,"logistic_depth",490,0,0,0,0,0.0510204081632653
"R06    (global null)",10,"cloglog_offset",490,0,0,0,0,0.0653061224489796
"R06    (global null)",10,"cloglog_depth",490,0,0,0,0,0.0530612244897959
"R06    (global null)",10,"pursue_presence",490,0,1,0,1,0.0489795918367347
"R06    (global null)",10,"pursue_combined",490,0,0,0,0,0.0591836734693878
