"method","m","n","seconds","usable"
"wilcoxon_tss",24,30,0.0299999999999994,TRUE
"lm_logtss",24,30,0.0350000000000001,TRUE
"limma_logtss",24,30,0.0310000000000006,TRUE
"logistic_presence",24,30,0.0410000000000004,TRUE
"pursue",24,30,0.632999999999999,TRUE
"linda",24,30,0.0440000000000005,TRUE
"ancombc2",24,30,3.379,TRUE
"maaslin3",24,30,1.505,TRUE
"aldex2",24,30,0.634999999999998,TRUE
"corncob",24,30,0.573,TRUE
"ldm",24,30,1.07299999999999,TRUE
"locom",24,30,0.891000000000005,TRUE
"locom2",24,30,1.017,TRUE
"zicoseq",24,30,1.427,TRUE
"fastancom",24,30,0.0210000000000008,TRUE
"adapt",24,30,0.130000000000003,TRUE
"fastemu",24,30,56.369,TRUE
"wilcoxon_tss",50,30,0.0229999999999961,TRUE
"lm_logtss",50,30,0.00300000000000011,TRUE
"limma_logtss",50,30,0.00800000000000978,TRUE
"logistic_presence",50,30,0.0390000000000015,TRUE
"pursue",50,30,1.25099999999999,TRUE
"linda",50,30,0.0400000000000063,TRUE
"ancombc2",50,30,8.37400000000001,TRUE
"maaslin3",50,30,1.51900000000001,TRUE
"aldex2",50,30,0.786999999999978,TRUE
"corncob",50,30,0.859000000000009,TRUE
"ldm",50,30,1.09300000000002,TRUE
"locom",50,30,1.59100000000001,TRUE
"locom2",50,30,3.13299999999998,TRUE
"zicoseq",50,30,2.40600000000001,TRUE
"fastancom",50,30,0.00600000000000023,TRUE
"adapt",50,30,0.0589999999999975,TRUE
"fastemu",50,30,96.009,TRUE
"wilcoxon_tss",70,30,0.0299999999999727,TRUE
"lm_logtss",70,30,0.0029999999999859,TRUE
"limma_logtss",70,30,0.00799999999998136,TRUE
"logistic_presence",70,30,0.0509999999999877,TRUE
"pursue",70,30,1.596,TRUE
"linda",70,30,0.049000000000035,TRUE
"ancombc2",70,30,13.746,TRUE
"maaslin3",70,30,1.82099999999997,TRUE
"aldex2",70,30,1.01000000000005,TRUE
"corncob",70,30,1.21899999999999,TRUE
"ldm",70,30,1.16400000000004,TRUE
"locom",70,30,8.96899999999999,TRUE
"locom2",70,30,4.77799999999996,TRUE
"zicoseq",70,30,3.20400000000001,TRUE
"fastancom",70,30,0.007000000000005,TRUE
"adapt",70,30,0.0660000000000309,TRUE
"fastemu",70,30,245.306,TRUE
"wilcoxon_tss",94,30,0.0389999999999873,TRUE
"lm_logtss",94,30,0.00300000000004275,TRUE
"limma_logtss",94,30,0.00799999999992451,TRUE
"logistic_presence",94,30,0.0679999999999836,TRUE
"pursue",94,30,2.25299999999993,TRUE
"linda",94,30,0.05499999999995,TRUE
"ancombc2",94,30,16.063,TRUE
"maaslin3",94,30,2.25600000000009,TRUE
"aldex2",94,30,1.27999999999997,TRUE
"corncob",94,30,1.678,TRUE
"ldm",94,30,1.17200000000003,TRUE
"locom",94,30,4.505,TRUE
"locom2",94,30,3.10899999999992,TRUE
"zicoseq",94,30,4.178,TRUE
"fastancom",94,30,0.00600000000008549,TRUE
"adapt",94,30,0.11099999999999,TRUE
"fastemu",94,30,327.258,TRUE
"wilcoxon_tss",23,60,0.0149999999999864,TRUE
"lm_logtss",23,60,0.00199999999995271,TRUE
"limma_logtss",23,60,0.00700000000006185,TRUE
"logistic_presence",23,60,0.0230000000000246,TRUE
"pursue",23,60,0.644000000000005,TRUE
"linda",23,60,0.0249999999999773,TRUE
"ancombc2",23,60,4.1690000000001,TRUE
"maaslin3",23,60,1.04200000000003,TRUE
"aldex2",23,60,2.05399999999997,TRUE
"corncob",23,60,0.442999999999984,TRUE
"ldm",23,60,1.28600000000006,TRUE
"locom",23,60,0.855999999999995,TRUE
"locom2",23,60,0.981000000000108,TRUE
"zicoseq",23,60,2.2059999999999,TRUE
"fastancom",23,60,0.00599999999985812,TRUE
"adapt",23,60,0.0459999999998217,TRUE
"fastemu",23,60,24.3239999999998,TRUE
"wilcoxon_tss",46,60,0.0239999999998872,TRUE
"lm_logtss",46,60,0.00299999999992906,TRUE
"limma_logtss",46,60,0.00700000000006185,TRUE
"logistic_presence",46,60,0.04099999999994,TRUE
"pursue",46,60,1.44599999999991,TRUE
"linda",46,60,0.0389999999999873,TRUE
"ancombc2",46,60,7.1400000000001,TRUE
"maaslin3",46,60,1.42600000000016,TRUE
"aldex2",46,60,1.00300000000016,TRUE
"corncob",46,60,1.02199999999993,TRUE
"ldm",46,60,1.59199999999987,TRUE
"locom",46,60,2.59500000000003,TRUE
"locom2",46,60,1.97699999999986,TRUE
"zicoseq",46,60,5.50999999999999,TRUE
"fastancom",46,60,0.00599999999985812,TRUE
"adapt",46,60,0.0700000000001637,TRUE
"fastemu",46,60,66.2090000000001,TRUE
"wilcoxon_tss",67,60,0.0320000000001528,TRUE
"lm_logtss",67,60,0.00299999999992906,TRUE
"limma_logtss",67,60,0.00699999999983447,TRUE
"logistic_presence",67,60,0.0529999999998836,TRUE
"pursue",67,60,1.90599999999995,TRUE
"linda",67,60,0.0440000000000964,TRUE
"ancombc2",67,60,8.47000000000003,TRUE
"maaslin3",67,60,2.00999999999999,TRUE
"aldex2",67,60,1.47800000000007,TRUE
"corncob",67,60,1.59300000000007,TRUE
"ldm",67,60,1.48299999999995,TRUE
"locom",67,60,2.88499999999999,TRUE
"locom2",67,60,2.92599999999993,TRUE
"zicoseq",67,60,9.548,TRUE
"fastancom",67,60,0.00599999999985812,TRUE
"adapt",67,60,0.0799999999999272,TRUE
"fastemu",67,60,128.919,TRUE
"wilcoxon_tss",90,60,0.0419999999999163,TRUE
"lm_logtss",90,60,0.00199999999995271,TRUE
"limma_logtss",90,60,0.0080000000000382,TRUE
"logistic_presence",90,60,0.0809999999999036,TRUE
"pursue",90,60,2.72900000000004,TRUE
"linda",90,60,0.0550000000000637,TRUE
"ancombc2",90,60,18.634,TRUE
"maaslin3",90,60,2.25800000000004,TRUE
"aldex2",90,60,1.69900000000007,TRUE
"corncob",90,60,1.87099999999987,TRUE
"ldm",90,60,1.47699999999986,TRUE
"locom",90,60,8.01800000000003,TRUE
"locom2",90,60,3.827,TRUE
"zicoseq",90,60,9.37699999999995,TRUE
"fastancom",90,60,0.00700000000006185,TRUE
"adapt",90,60,0.126000000000204,TRUE
"fastemu",90,60,160.884,TRUE
