"n","c_depth","disp","rep","method","n_taxa","n_fail","fdr","tpr","rej_null","rej_prev_only","rej_abund_only","rej_both"
20,1,"poisson",1,"naive",260,0,0,0,0.0252525252525253,0.0476190476190476,0.148148148148148,0.0714285714285714
20,1,"poisson",1,"depthcov",260,0,0,0,0.0202020202020202,0.0476190476190476,0.037037037037037,0.0714285714285714
20,1,"poisson",1,"jzi_prev",260,0,0,0,0.0151515151515152,0.0952380952380952,0.111111111111111,0
20,1,"poisson",1,"jzi_abund",260,0,0.571428571428571,0.0731707317073171,0.171717171717172,0.142857142857143,0.518518518518518,0.142857142857143
20,1,"poisson",1,"zinb",0,260,0,NA,NA,NA,NA,NA
20,1,"poisson",1,"abund_lm_depth",204,56,0,0,0.0764331210191083,0.0625,0.166666666666667,0.142857142857143
50,1,"poisson",1,"naive",291,0,0,0.0666666666666667,0.040983606557377,0.333333333333333,0,0.444444444444444
50,1,"poisson",1,"depthcov",291,0,0,0,0.0286885245901639,0.416666666666667,0,0.333333333333333
50,1,"poisson",1,"jzi_prev",291,0,0,0.0666666666666667,0.040983606557377,0.416666666666667,0,0.333333333333333
50,1,"poisson",1,"jzi_abund",291,0,0.2,0.114285714285714,0.114754098360656,0.0833333333333333,0.294117647058824,0.277777777777778
50,1,"poisson",1,"zinb",281,10,0,0,0.0167364016736402,0.363636363636364,0,0.125
50,1,"poisson",1,"abund_lm_depth",277,14,0,0,0.051063829787234,0,0.4,0.1875
100,1,"poisson",1,"naive",298,0,0.272727272727273,0.216216216216216,0.0508474576271186,0.526315789473684,0.16,0.388888888888889
100,1,"poisson",1,"depthcov",298,0,0.272727272727273,0.216216216216216,0.0508474576271186,0.526315789473684,0.2,0.388888888888889
100,1,"poisson",1,"jzi_prev",298,0,0,0.162162162162162,0.0338983050847458,0.473684210526316,0,0.388888888888889
100,1,"poisson",1,"jzi_abund",298,0,0.125,0.325581395348837,0.0635593220338983,0.0526315789473684,0.44,0.666666666666667
100,1,"poisson",1,"zinb",289,9,0,0.0277777777777778,0.0218340611353712,0.277777777777778,0,0.166666666666667
100,1,"poisson",1,"abund_lm_depth",291,7,0.0909090909090909,0.24390243902439,0.0301724137931034,0.222222222222222,0.25,0.647058823529412
20,4,"poisson",1,"naive",264,0,0,0,0.0368663594470046,0.0526315789473684,0,0.266666666666667
20,4,"poisson",1,"depthcov",264,0,0,0,0.00460829493087558,0,0,0
20,4,"poisson",1,"jzi_prev",264,0,0,0.0294117647058824,0.0184331797235023,0.157894736842105,0,0.0666666666666667
20,4,"poisson",1,"jzi_abund",264,0,0.5,0.178571428571429,0.129032258064516,0.157894736842105,0.307692307692308,0.4
20,4,"poisson",1,"zinb",0,264,0,NA,NA,NA,NA,NA
20,4,"poisson",1,"abund_lm_depth",215,49,0,0,0.0508474576271186,0.0625,0.111111111111111,0.0769230769230769
50,4,"poisson",1,"naive",298,0,0,0,0.129707112970711,0.347826086956522,0.2,0.3125
50,4,"poisson",1,"depthcov",298,0,0,0,0.0543933054393305,0.0869565217391304,0.15,0.0625
50,4,"poisson",1,"jzi_prev",298,0,0,0,0.0418410041841004,0.260869565217391,0.2,0.1875
50,4,"poisson",1,"jzi_abund",298,0,0.285714285714286,0.138888888888889,0.0711297071129707,0.130434782608696,0.3,0.6875
50,4,"poisson",1,"zinb",295,3,0,0,0.0169491525423729,0.173913043478261,0.1,0.125
50,4,"poisson",1,"abund_lm_depth",291,7,0,0.0294117647058824,0.0341880341880342,0,0.105263157894737,0.2
100,4,"poisson",1,"naive",300,0,0.603174603174603,0.531914893617021,0.268398268398268,0.777777777777778,0.227272727272727,0.7
100,4,"poisson",1,"depthcov",300,0,0,0,0.0562770562770563,0.185185185185185,0.0454545454545455,0.25
100,4,"poisson",1,"jzi_prev",300,0,0.0714285714285714,0.276595744680851,0.025974025974026,0.518518518518518,0,0.5
100,4,"poisson",1,"jzi_abund",300,0,0.25,0.428571428571429,0.116883116883117,0.037037037037037,0.590909090909091,0.55
100,4,"poisson",1,"zinb",293,7,0,0.177777777777778,0.0132743362831858,0.307692307692308,0,0.473684210526316
100,4,"poisson",1,"abund_lm_depth",296,4,0,0.0238095238095238,0.039647577092511,0.037037037037037,0.363636363636364,0.2
20,1,"nb",1,"naive",255,0,0,0,0.0053475935828877,0.03125,0,0.0588235294117647
20,1,"nb",1,"depthcov",255,0,0,0,0.0053475935828877,0.09375,0,0.0588235294117647
20,1,"nb",1,"jzi_prev",255,0,0,0,0.0267379679144385,0.0625,0,0.117647058823529
20,1,"nb",1,"jzi_abund",255,0,0,0.0277777777777778,0.0748663101604278,0.0625,0.157894736842105,0.411764705882353
20,1,"nb",1,"zinb",0,255,0,NA,NA,NA,NA,NA
20,1,"nb",1,"abund_lm_depth",190,65,0,0,0.041958041958042,0.0952380952380952,0.0769230769230769,0.153846153846154
50,1,"nb",1,"naive",293,0,0,0.0303030303030303,0.0553191489361702,0.230769230769231,0.04,0.4
50,1,"nb",1,"depthcov",293,0,0,0.0303030303030303,0.0638297872340425,0.230769230769231,0.04,0.4
50,1,"nb",1,"jzi_prev",293,0,0,0,0.0340425531914894,0.230769230769231,0,0.3
50,1,"nb",1,"jzi_abund",293,0,0,0.133333333333333,0.127659574468085,0.0769230769230769,0.32,0.4
50,1,"nb",1,"zinb",281,12,0,0,0.00442477876106195,0.0769230769230769,0,0.0526315789473684
50,1,"nb",1,"abund_lm_depth",274,19,0,0,0.0407239819004525,0.0909090909090909,0.217391304347826,0.210526315789474
100,1,"nb",1,"naive",295,0,0,0.146341463414634,0.0251046025104603,0.523809523809524,0.2,0.6
100,1,"nb",1,"depthcov",295,0,0,0.146341463414634,0.0334728033472803,0.523809523809524,0.266666666666667,0.6
100,1,"nb",1,"jzi_prev",295,0,0,0.0975609756097561,0.0209205020920502,0.380952380952381,0.0666666666666667,0.25
100,1,"nb",1,"jzi_abund",295,0,0.0909090909090909,0.285714285714286,0.0711297071129707,0.142857142857143,0.6,0.25
100,1,"nb",1,"zinb",289,6,0,0,0,0.285714285714286,0,0.15
100,1,"nb",1,"abund_lm_depth",291,4,0,0.142857142857143,0.0338983050847458,0.05,0.533333333333333,0.25
20,4,"nb",1,"naive",267,0,0,0,0.0473933649289099,0.0526315789473684,0.142857142857143,0.217391304347826
20,4,"nb",1,"depthcov",267,0,0,0,0.00947867298578199,0,0.0714285714285714,0.0434782608695652
20,4,"nb",1,"jzi_prev",267,0,0,0,0.028436018957346,0.105263157894737,0,0.173913043478261
20,4,"nb",1,"jzi_abund",267,0,0.733333333333333,0.108108108108108,0.156398104265403,0.157894736842105,0.285714285714286,0.304347826086957
20,4,"nb",1,"zinb",0,267,0,NA,NA,NA,NA,NA
20,4,"nb",1,"abund_lm_depth",213,54,0.5,0.0333333333333333,0.0526315789473684,0.0833333333333333,0.1,0.05
50,4,"nb",1,"naive",299,0,0,0,0.195219123505976,0.375,0.133333333333333,0.176470588235294
50,4,"nb",1,"depthcov",299,0,0,0,0.0278884462151394,0.1875,0,0.352941176470588
50,4,"nb",1,"jzi_prev",299,0,0,0,0.0398406374501992,0.375,0,0.0588235294117647
50,4,"nb",1,"jzi_abund",299,0,0.5,0.09375,0.099601593625498,0.25,0.4,0.470588235294118
50,4,"nb",1,"zinb",296,3,0,0,0.00803212851405622,0.266666666666667,0,0
50,4,"nb",1,"abund_lm_depth",285,14,0,0,0.0663900414937759,0.0714285714285714,0.2,0.0666666666666667
100,4,"nb",1,"naive",299,0,0.656716417910448,0.547619047619048,0.298319327731092,0.6,0.263157894736842,0.705882352941177
100,4,"nb",1,"depthcov",299,0,0,0,0.0504201680672269,0.36,0.105263157894737,0.529411764705882
100,4,"nb",1,"jzi_prev",299,0,0,0.166666666666667,0.0420168067226891,0.4,0,0.647058823529412
100,4,"nb",1,"jzi_abund",299,0,0.36,0.444444444444444,0.092436974789916,0.08,0.578947368421053,0.647058823529412
100,4,"nb",1,"zinb",290,9,0,0,0.0303030303030303,0.28,0,0.470588235294118
100,4,"nb",1,"abund_lm_depth",295,4,0,0.0285714285714286,0.0893617021276596,0.08,0.166666666666667,0.411764705882353
20,1,"nb_pure",1,"naive",262,0,0,0,0.0280373831775701,0.0666666666666667,0.0526315789473684,0.0714285714285714
20,1,"nb_pure",1,"depthcov",262,0,0,0,0.0280373831775701,0.0666666666666667,0.0526315789473684,0.0714285714285714
20,1,"nb_pure",1,"jzi_prev",262,0,0,0,0.0373831775700935,0.133333333333333,0.0526315789473684,0.142857142857143
20,1,"nb_pure",1,"jzi_abund",262,0,0.333333333333333,0.121212121212121,0.135514018691589,0.133333333333333,0.526315789473684,0.285714285714286
20,1,"nb_pure",1,"zinb",0,262,0,NA,NA,NA,NA,NA
20,1,"nb_pure",1,"abund_lm_depth",200,62,0.5,0.0454545454545455,0.0764705882352941,0,0.153846153846154,0.333333333333333
50,1,"nb_pure",1,"naive",289,0,0,0.0263157894736842,0.0376569037656904,0.454545454545455,0.0833333333333333,0.1875
50,1,"nb_pure",1,"depthcov",289,0,0,0.0263157894736842,0.0418410041841004,0.454545454545455,0.0833333333333333,0.1875
50,1,"nb_pure",1,"jzi_prev",289,0,0,0.131578947368421,0.0292887029288703,0.409090909090909,0.0833333333333333,0.25
50,1,"nb_pure",1,"jzi_abund",289,0,0,0.142857142857143,0.0543933054393305,0,0.75,0.375
50,1,"nb_pure",1,"zinb",283,6,0,0.0277777777777778,0.0127118644067797,0.380952380952381,0.0909090909090909,0.133333333333333
50,1,"nb_pure",1,"abund_lm_depth",276,13,0,0.0384615384615385,0.0393013100436681,0.0952380952380952,0.545454545454545,0.4
100,1,"nb_pure",1,"naive",297,0,0.0769230769230769,0.272727272727273,0.0297872340425532,0.529411764705882,0.388888888888889,0.62962962962963
100,1,"nb_pure",1,"depthcov",297,0,0.0769230769230769,0.272727272727273,0.0297872340425532,0.529411764705882,0.388888888888889,0.62962962962963
100,1,"nb_pure",1,"jzi_prev",297,0,0,0.159090909090909,0.0425531914893617,0.588235294117647,0,0.444444444444444
100,1,"nb_pure",1,"jzi_abund",297,0,0.0909090909090909,0.444444444444444,0.0723404255319149,0.117647058823529,0.777777777777778,0.703703703703704
100,1,"nb_pure",1,"zinb",294,3,0,0.136363636363636,0.0129310344827586,0.352941176470588,0,0.333333333333333
100,1,"nb_pure",1,"abund_lm_depth",294,3,0,0.311111111111111,0.0603448275862069,0.117647058823529,0.611111111111111,0.62962962962963
20,4,"nb_pure",1,"naive",261,0,0,0,0.0714285714285714,0.181818181818182,0.0555555555555556,0.272727272727273
20,4,"nb_pure",1,"depthcov",261,0,0,0,0.00476190476190476,0,0,0
20,4,"nb_pure",1,"jzi_prev",261,0,0,0,0.0333333333333333,0.227272727272727,0.0555555555555556,0.0909090909090909
20,4,"nb_pure",1,"jzi_abund",261,0,0.375,0.172413793103448,0.1,0.0454545454545455,0.277777777777778,0.636363636363636
20,4,"nb_pure",1,"zinb",0,261,0,NA,NA,NA,NA,NA
20,4,"nb_pure",1,"abund_lm_depth",209,52,0,0,0.0409356725146199,0.0714285714285714,0.0666666666666667,0
50,4,"nb_pure",1,"naive",296,0,0.444444444444444,0.131578947368421,0.189075630252101,0.210526315789474,0.1,0.473684210526316
50,4,"nb_pure",1,"depthcov",296,0,0,0,0.0168067226890756,0.105263157894737,0.05,0.157894736842105
50,4,"nb_pure",1,"jzi_prev",296,0,0.25,0.0789473684210526,0.0546218487394958,0.368421052631579,0,0.315789473684211
50,4,"nb_pure",1,"jzi_abund",296,0,0.0833333333333333,0.282051282051282,0.0420168067226891,0.157894736842105,0.55,0.631578947368421
50,4,"nb_pure",1,"zinb",291,5,0,0,0.0425531914893617,0.210526315789474,0,0.210526315789474
50,4,"nb_pure",1,"abund_lm_depth",284,12,1,0,0.0174672489082969,0.111111111111111,0.333333333333333,0.210526315789474
100,4,"nb_pure",1,"naive",298,0,0.657534246575342,0.510204081632653,0.308695652173913,0.666666666666667,0.263157894736842,0.6
100,4,"nb_pure",1,"depthcov",298,0,0,0.0204081632653061,0.0434782608695652,0.333333333333333,0,0.24
100,4,"nb_pure",1,"jzi_prev",298,0,0,0.163265306122449,0.0434782608695652,0.375,0,0.56
100,4,"nb_pure",1,"jzi_abund",298,0,0.111111111111111,0.727272727272727,0.0391304347826087,0.0833333333333333,0.842105263157895,0.84
100,4,"nb_pure",1,"zinb",297,1,0,0.0204081632653061,0.0305676855895196,0.375,0,0.44
100,4,"nb_pure",1,"abund_lm_depth",293,5,0,0,0.0353982300884956,0,0.736842105263158,0.44
20,1,"poisson",2,"naive",258,0,0,0,0.0241545893719807,0.130434782608696,0.0666666666666667,0.307692307692308
20,1,"poisson",2,"depthcov",258,0,0,0,0.0193236714975845,0.130434782608696,0,0.230769230769231
20,1,"poisson",2,"jzi_prev",258,0,0,0,0.0338164251207729,0.130434782608696,0.0666666666666667,0.153846153846154
20,1,"poisson",2,"jzi_abund",258,0,0,0.0357142857142857,0.101449275362319,0.0869565217391304,0.466666666666667,0.230769230769231
20,1,"poisson",2,"zinb",0,258,0,NA,NA,NA,NA,NA
20,1,"poisson",2,"abund_lm_depth",205,53,0,0,0.0245398773006135,0.0555555555555556,0.214285714285714,0.2
50,1,"poisson",2,"naive",292,0,0,0,0.0416666666666667,0.411764705882353,0.0526315789473684,0.375
50,1,"poisson",2,"depthcov",292,0,0,0,0.0416666666666667,0.352941176470588,0.105263157894737,0.375
50,1,"poisson",2,"jzi_prev",292,0,0,0,0.0416666666666667,0.235294117647059,0.0526315789473684,0.0625
50,1,"poisson",2,"jzi_abund",292,0,0.25,0.257142857142857,0.075,0.117647058823529,0.631578947368421,0.4375
50,1,"poisson",2,"zinb",283,9,0,0,0.0170212765957447,0.0714285714285714,0.0526315789473684,0
50,1,"poisson",2,"abund_lm_depth",278,14,0,0.0294117647058824,0.0565217391304348,0.0714285714285714,0.444444444444444,0.3125
100,1,"poisson",2,"naive",298,0,0,0.205128205128205,0.0425531914893617,0.619047619047619,0.166666666666667,0.722222222222222
100,1,"poisson",2,"depthcov",298,0,0,0.102564102564103,0.0340425531914894,0.571428571428571,0.125,0.722222222222222
100,1,"poisson",2,"jzi_prev",298,0,0,0.179487179487179,0.0382978723404255,0.285714285714286,0.0416666666666667,0.444444444444444
100,1,"poisson",2,"jzi_abund",298,0,0.1,0.428571428571429,0.0808510638297872,0.0952380952380952,0.666666666666667,0.444444444444444
100,1,"poisson",2,"zinb",291,7,0,0,0.0174672489082969,0.05,0,0.222222222222222
100,1,"poisson",2,"abund_lm_depth",288,10,0,0.380952380952381,0.0575221238938053,0.1,0.666666666666667,0.555555555555556
20,4,"poisson",2,"naive",269,0,0,0,0.0511627906976744,0.0454545454545455,0,0.214285714285714
20,4,"poisson",2,"depthcov",269,0,0,0,0.013953488372093,0,0,0
20,4,"poisson",2,"jzi_prev",269,0,0,0,0.0418604651162791,0,0,0.0714285714285714
20,4,"poisson",2,"jzi_abund",269,0,0.714285714285714,0.0625,0.111627906976744,0.136363636363636,0.222222222222222,0.142857142857143
20,4,"poisson",2,"zinb",0,269,0,NA,NA,NA,NA,NA
20,4,"poisson",2,"abund_lm_depth",214,55,0,0,0.0457142857142857,0.428571428571429,0.153846153846154,0
50,4,"poisson",2,"naive",296,0,0.5,0.0645161290322581,0.111553784860558,0.3125,0.214285714285714,0.333333333333333
50,4,"poisson",2,"depthcov",296,0,0,0,0.0278884462151394,0.1875,0,0.133333333333333
50,4,"poisson",2,"jzi_prev",296,0,0,0.032258064516129,0.0398406374501992,0.25,0,0.266666666666667
50,4,"poisson",2,"jzi_abund",296,0,0.307692307692308,0.310344827586207,0.0876494023904383,0.1875,0.571428571428571,0.4
50,4,"poisson",2,"zinb",287,9,0,0,0.0122448979591837,0.1875,0,0.153846153846154
50,4,"poisson",2,"abund_lm_depth",281,15,0,0,0.0627615062761506,0.142857142857143,0.214285714285714,0.142857142857143
100,4,"poisson",2,"naive",298,0,0.533333333333333,0.428571428571429,0.275423728813559,0.645161290322581,0.307692307692308,0.555555555555556
100,4,"poisson",2,"depthcov",298,0,0,0,0.038135593220339,0.451612903225806,0.153846153846154,0.333333333333333
100,4,"poisson",2,"jzi_prev",298,0,0.0625,0.306122448979592,0.0593220338983051,0.516129032258065,0.153846153846154,0.444444444444444
100,4,"poisson",2,"jzi_abund",298,0,0.2,0.258064516129032,0.0720338983050847,0.032258064516129,0.769230769230769,0.5
100,4,"poisson",2,"zinb",290,8,0,0.102040816326531,0.0394736842105263,0.354838709677419,0.0769230769230769,0.333333333333333
100,4,"poisson",2,"abund_lm_depth",296,2,0,0,0.0299145299145299,0,0.153846153846154,0.166666666666667
20,1,"nb",2,"naive",254,0,0,0,0.00471698113207547,0.0625,0.0714285714285714,0
20,1,"nb",2,"depthcov",254,0,0,0,0.00943396226415094,0.0625,0,0
20,1,"nb",2,"jzi_prev",254,0,0,0,0.0330188679245283,0.0625,0.0714285714285714,0
20,1,"nb",2,"jzi_abund",254,0,0.5,0.0384615384615385,0.108490566037736,0.0625,0.142857142857143,0.25
20,1,"nb",2,"zinb",0,254,0,NA,NA,NA,NA,NA
20,1,"nb",2,"abund_lm_depth",182,72,0,0,0.0261437908496732,0.0909090909090909,0,0.285714285714286
50,1,"nb",2,"naive",293,0,0.333333333333333,0.0465116279069767,0.0391304347826087,0.354838709677419,0.25,0.333333333333333
50,1,"nb",2,"depthcov",293,0,0,0,0.0391304347826087,0.354838709677419,0.25,0.333333333333333
50,1,"nb",2,"jzi_prev",293,0,0,0,0.0217391304347826,0.193548387096774,0,0.333333333333333
50,1,"nb",2,"jzi_abund",293,0,0.666666666666667,0.0625,0.091304347826087,0.0645161290322581,0.25,0.25
50,1,"nb",2,"zinb",286,7,0,0,0,0.166666666666667,0,0.0909090909090909
50,1,"nb",2,"abund_lm_depth",272,21,0,0,0.0654205607476635,0.0344827586206897,0.263157894736842,0.2
100,1,"nb",2,"naive",299,0,0,0,0.0655737704918033,0.37037037037037,0.2,0.5
100,1,"nb",2,"depthcov",299,0,0,0.0285714285714286,0.0614754098360656,0.37037037037037,0.1,0.375
100,1,"nb",2,"jzi_prev",299,0,0,0.0857142857142857,0.0245901639344262,0.222222222222222,0,0.25
100,1,"nb",2,"jzi_abund",299,0,0.666666666666667,0.0357142857142857,0.0655737704918033,0.0740740740740741,0.4,0.25
100,1,"nb",2,"zinb",295,4,0,0,0.00833333333333333,0.111111111111111,0,0.125
100,1,"nb",2,"abund_lm_depth",294,5,0,0,0.025,0.0384615384615385,0.3,0.125
20,4,"nb",2,"naive",263,0,0,0,0.0430622009569378,0.368421052631579,0,0.105263157894737
20,4,"nb",2,"depthcov",263,0,0,0,0.0287081339712919,0.263157894736842,0,0
20,4,"nb",2,"jzi_prev",263,0,0,0,0.0191387559808612,0.210526315789474,0,0
20,4,"nb",2,"jzi_abund",263,0,0.5,0.114285714285714,0.105263157894737,0.157894736842105,0.4375,0.368421052631579
20,4,"nb",2,"zinb",0,263,0,NA,NA,NA,NA,NA
20,4,"nb",2,"abund_lm_depth",218,45,0,0.0344827586206897,0.023121387283237,0,0.2,0.142857142857143
50,4,"nb",2,"naive",295,0,0,0.0227272727272727,0.137339055793991,0.52,0.0555555555555556,0.421052631578947
50,4,"nb",2,"depthcov",295,0,0,0,0.055793991416309,0.12,0,0.157894736842105
50,4,"nb",2,"jzi_prev",295,0,0,0,0.0429184549356223,0.36,0,0.368421052631579
50,4,"nb",2,"jzi_abund",295,0,0.454545454545455,0.162162162162162,0.103004291845494,0.28,0.444444444444444,0.368421052631579
50,4,"nb",2,"zinb",292,3,0,0,0.0216450216450216,0.25,0,0.210526315789474
50,4,"nb",2,"abund_lm_depth",287,8,0,0,0.0614035087719298,0,0.0625,0.105263157894737
100,4,"nb",2,"naive",300,0,0.568965517241379,0.510204081632653,0.310924369747899,0.8,0.153846153846154,0.551724137931034
100,4,"nb",2,"depthcov",300,0,0,0,0.0672268907563025,0.35,0.0769230769230769,0.172413793103448
100,4,"nb",2,"jzi_prev",300,0,0,0.102040816326531,0.046218487394958,0.4,0.0769230769230769,0.310344827586207
100,4,"nb",2,"jzi_abund",300,0,0.25,0.285714285714286,0.0840336134453782,0.1,0.692307692307692,0.586206896551724
100,4,"nb",2,"zinb",293,7,0,0.0416666666666667,0.0214592274678112,0.3,0,0.285714285714286
100,4,"nb",2,"abund_lm_depth",298,2,0,0,0.0546218487394958,0,0.153846153846154,0.296296296296296
20,1,"nb_pure",2,"naive",252,0,0,0,0.0101522842639594,0.230769230769231,0.04,0.176470588235294
20,1,"nb_pure",2,"depthcov",252,0,0,0,0.0101522842639594,0.153846153846154,0.04,0.176470588235294
20,1,"nb_pure",2,"jzi_prev",252,0,0,0,0.0406091370558376,0.230769230769231,0,0.117647058823529
20,1,"nb_pure",2,"jzi_abund",252,0,0.333333333333333,0.19047619047619,0.137055837563452,0.0769230769230769,0.52,0.352941176470588
20,1,"nb_pure",2,"zinb",0,252,0,NA,NA,NA,NA,NA
20,1,"nb_pure",2,"abund_lm_depth",191,61,0.333333333333333,0.0666666666666667,0.08,0,0.263157894736842,0.272727272727273
50,1,"nb_pure",2,"naive",281,0,0,0,0.0533333333333333,0.5,0.133333333333333,0.411764705882353
50,1,"nb_pure",2,"depthcov",281,0,0,0,0.0444444444444444,0.5,0.0666666666666667,0.411764705882353
50,1,"nb_pure",2,"jzi_prev",281,0,0,0.0975609756097561,0.0444444444444444,0.291666666666667,0,0.176470588235294
50,1,"nb_pure",2,"jzi_abund",281,0,0,0.21875,0.0666666666666667,0.0416666666666667,0.6,0.411764705882353
50,1,"nb_pure",2,"zinb",272,9,0,0,0.0181818181818182,0.166666666666667,0,0.214285714285714
50,1,"nb_pure",2,"abund_lm_depth",256,25,0,0.166666666666667,0.0428571428571429,0.0454545454545455,0.416666666666667,0.333333333333333
100,1,"nb_pure",2,"naive",296,0,0.2,0.105263157894737,0.0638297872340425,0.611111111111111,0.130434782608696,0.5
100,1,"nb_pure",2,"depthcov",296,0,0.2,0.105263157894737,0.0638297872340425,0.611111111111111,0.173913043478261,0.5
100,1,"nb_pure",2,"jzi_prev",296,0,0,0.157894736842105,0.0723404255319149,0.5,0.0434782608695652,0.45
100,1,"nb_pure",2,"jzi_abund",296,0,0.133333333333333,0.604651162790698,0.0680851063829787,0,0.826086956521739,0.6
100,1,"nb_pure",2,"zinb",291,5,0,0.0294117647058824,0.0427350427350427,0.375,0,0.388888888888889
100,1,"nb_pure",2,"abund_lm_depth",286,10,0.0416666666666667,0.58974358974359,0.0432900432900433,0.0625,0.80952380952381,0.611111111111111
20,4,"nb_pure",2,"naive",258,0,0,0,0.0483091787439614,0.166666666666667,0,0.0833333333333333
20,4,"nb_pure",2,"depthcov",258,0,0,0,0.00966183574879227,0,0,0
20,4,"nb_pure",2,"jzi_prev",258,0,0,0,0.0144927536231884,0.0555555555555556,0,0.0833333333333333
20,4,"nb_pure",2,"jzi_abund",258,0,0.166666666666667,0.151515151515152,0.0628019323671498,0.0555555555555556,0.523809523809524,0.666666666666667
20,4,"nb_pure",2,"zinb",0,258,0,NA,NA,NA,NA,NA
20,4,"nb_pure",2,"abund_lm_depth",208,50,1,0,0.0355029585798817,0.0833333333333333,0.105263157894737,0.25
50,4,"nb_pure",2,"naive",295,0,0.705882352941177,0.15625,0.192468619246862,0.55,0.0833333333333333,0.25
50,4,"nb_pure",2,"depthcov",295,0,0,0,0.0376569037656904,0.1,0.0833333333333333,0
50,4,"nb_pure",2,"jzi_prev",295,0,0,0.0625,0.0418410041841004,0.5,0,0.25
50,4,"nb_pure",2,"jzi_abund",295,0,0.133333333333333,0.361111111111111,0.0878661087866109,0.05,0.583333333333333,0.666666666666667
50,4,"nb_pure",2,"zinb",284,11,0,0,0.0305676855895196,0.35,0,0.0833333333333333
50,4,"nb_pure",2,"abund_lm_depth",280,15,0,0,0.052863436123348,0.05,0.227272727272727,0.181818181818182
100,4,"nb_pure",2,"naive",298,0,0.725,0.297297297297297,0.270833333333333,0.777777777777778,0.0476190476190476,0.578947368421053
100,4,"nb_pure",2,"depthcov",298,0,0,0,0.0666666666666667,0.333333333333333,0.0952380952380952,0.105263157894737
100,4,"nb_pure",2,"jzi_prev",298,0,0,0.108108108108108,0.0541666666666667,0.611111111111111,0,0.368421052631579
100,4,"nb_pure",2,"jzi_abund",298,0,0,0.525,0.0458333333333333,0.0555555555555556,0.761904761904762,0.684210526315789
100,4,"nb_pure",2,"zinb",296,2,0,0.111111111111111,0.0418410041841004,0.588235294117647,0,0.368421052631579
100,4,"nb_pure",2,"abund_lm_depth",296,2,0.166666666666667,0.125,0.0418410041841004,0.176470588235294,0.476190476190476,0.368421052631579
20,1,"poisson",3,"naive",253,0,0,0,0.00952380952380952,0.111111111111111,0,0
20,1,"poisson",3,"depthcov",253,0,0,0,0.019047619047619,0.166666666666667,0,0
20,1,"poisson",3,"jzi_prev",253,0,0,0,0.0333333333333333,0.222222222222222,0,0.0769230769230769
20,1,"poisson",3,"jzi_abund",253,0,0.75,0.04,0.1,0.222222222222222,0.333333333333333,0.230769230769231
20,1,"poisson",3,"zinb",0,253,0,NA,NA,NA,NA,NA
20,1,"poisson",3,"abund_lm_depth",191,62,0,0,0.0445859872611465,0.0714285714285714,0.181818181818182,0.111111111111111
50,1,"poisson",3,"naive",295,0,0,0.05,0.0460251046025105,0.380952380952381,0.125,0.315789473684211
50,1,"poisson",3,"depthcov",295,0,0,0.05,0.0460251046025105,0.380952380952381,0.125,0.315789473684211
50,1,"poisson",3,"jzi_prev",295,0,0,0.1,0.0543933054393305,0.238095238095238,0,0.157894736842105
50,1,"poisson",3,"jzi_abund",295,0,0,0.171428571428571,0.104602510460251,0.0952380952380952,0.4375,0.736842105263158
50,1,"poisson",3,"zinb",293,2,0,0,0.0126050420168067,0.2,0,0.0526315789473684
50,1,"poisson",3,"abund_lm_depth",283,12,0,0.0857142857142857,0.0394736842105263,0.05,0.4375,0.578947368421053
100,1,"poisson",3,"naive",297,0,0,0.189189189189189,0.0418410041841004,0.611111111111111,0.0952380952380952,0.578947368421053
100,1,"poisson",3,"depthcov",297,0,0,0.189189189189189,0.0460251046025105,0.611111111111111,0.0952380952380952,0.684210526315789
100,1,"poisson",3,"jzi_prev",297,0,0,0.135135135135135,0.0292887029288703,0.444444444444444,0.0952380952380952,0.421052631578947
100,1,"poisson",3,"jzi_abund",297,0,0.111111111111111,0.4,0.0669456066945607,0.166666666666667,0.619047619047619,0.421052631578947
100,1,"poisson",3,"zinb",292,5,0,0.0555555555555556,0.00847457627118644,0.166666666666667,0.1,0.277777777777778
100,1,"poisson",3,"abund_lm_depth",293,4,0,0.307692307692308,0.0338983050847458,0.111111111111111,0.523809523809524,0.444444444444444
20,4,"poisson",3,"naive",264,0,0,0,0.0328638497652582,0.0625,0.0476190476190476,0.214285714285714
20,4,"poisson",3,"depthcov",264,0,0,0,0.0140845070422535,0,0,0.214285714285714
20,4,"poisson",3,"jzi_prev",264,0,0,0,0.0140845070422535,0.125,0,0.142857142857143
20,4,"poisson",3,"jzi_abund",264,0,0.636363636363636,0.114285714285714,0.183098591549296,0.1875,0.285714285714286,0.142857142857143
20,4,"poisson",3,"zinb",0,264,0,NA,NA,NA,NA,NA
20,4,"poisson",3,"abund_lm_depth",205,59,0,0,0.0710059171597633,0,0.25,0.0833333333333333
50,4,"poisson",3,"naive",297,0,0,0.0952380952380952,0.129464285714286,0.428571428571429,0.129032258064516,0.238095238095238
50,4,"poisson",3,"depthcov",297,0,0,0,0.0267857142857143,0.19047619047619,0.0967741935483871,0.285714285714286
50,4,"poisson",3,"jzi_prev",297,0,0,0,0.0223214285714286,0.380952380952381,0.0645161290322581,0.285714285714286
50,4,"poisson",3,"jzi_abund",297,0,0.37037037037037,0.326923076923077,0.107142857142857,0.19047619047619,0.612903225806452,0.619047619047619
50,4,"poisson",3,"zinb",288,9,0,0,0.0138888888888889,0.238095238095238,0,0.2
50,4,"poisson",3,"abund_lm_depth",286,11,0,0,0.032258064516129,0,0.166666666666667,0.333333333333333
100,4,"poisson",3,"naive",299,0,0.473684210526316,0.285714285714286,0.21285140562249,0.476190476190476,0.133333333333333,0.642857142857143
100,4,"poisson",3,"depthcov",299,0,0,0,0.0481927710843374,0.333333333333333,0.133333333333333,0.285714285714286
100,4,"poisson",3,"jzi_prev",299,0,0,0.0285714285714286,0.0522088353413655,0.333333333333333,0,0.428571428571429
100,4,"poisson",3,"jzi_abund",299,0,0.357142857142857,0.620689655172414,0.108433734939759,0.142857142857143,0.733333333333333,0.785714285714286
100,4,"poisson",3,"zinb",290,9,0,0.0294117647058824,0.020746887966805,0.2,0,0.357142857142857
100,4,"poisson",3,"abund_lm_depth",296,3,0.25,0.103448275862069,0.0364372469635627,0.1,0.4,0.5
20,1,"nb",3,"naive",253,0,0,0,0.0297029702970297,0.0666666666666667,0,0
20,1,"nb",3,"depthcov",253,0,0,0,0.0297029702970297,0.0666666666666667,0,0
20,1,"nb",3,"jzi_prev",253,0,0,0,0.0148514851485149,0,0,0
20,1,"nb",3,"jzi_abund",253,0,0.5,0.0833333333333333,0.099009900990099,0.2,0.315789473684211,0.294117647058824
20,1,"nb",3,"zinb",0,253,0,NA,NA,NA,NA,NA
20,1,"nb",3,"abund_lm_depth",185,68,0,0,0.0342465753424658,0.0833333333333333,0.142857142857143,0.307692307692308
50,1,"nb",3,"naive",290,0,0,0,0.0384615384615385,0.210526315789474,0.0476190476190476,0.5
50,1,"nb",3,"depthcov",290,0,0,0,0.0427350427350427,0.263157894736842,0.0952380952380952,0.5
50,1,"nb",3,"jzi_prev",290,0,0,0,0.0384615384615385,0.210526315789474,0,0.3125
50,1,"nb",3,"jzi_abund",290,0,0.25,0.0810810810810811,0.128205128205128,0.0526315789473684,0.333333333333333,0.5
50,1,"nb",3,"zinb",282,8,0,0,0.013215859030837,0.0555555555555556,0,0
50,1,"nb",3,"abund_lm_depth",272,18,0,0.0882352941176471,0.0454545454545455,0.0555555555555556,0.222222222222222,0.375
100,1,"nb",3,"naive",300,0,0.133333333333333,0.333333333333333,0.0296610169491525,0.576923076923077,0.24,0.538461538461538
100,1,"nb",3,"depthcov",300,0,0.0833333333333333,0.282051282051282,0.038135593220339,0.576923076923077,0.24,0.538461538461538
100,1,"nb",3,"jzi_prev",300,0,0,0.128205128205128,0.0254237288135593,0.461538461538462,0,0.461538461538462
100,1,"nb",3,"jzi_abund",300,0,0.384615384615385,0.210526315789474,0.0720338983050847,0.115384615384615,0.36,0.461538461538462
100,1,"nb",3,"zinb",298,2,0,0,0.00423728813559322,0.24,0,0.333333333333333
100,1,"nb",3,"abund_lm_depth",295,5,0.142857142857143,0.162162162162162,0.0429184549356223,0.08,0.24,0.5
20,4,"nb",3,"naive",264,0,0,0,0.0418604651162791,0.105263157894737,0,0.352941176470588
20,4,"nb",3,"depthcov",264,0,0,0,0.00930232558139535,0,0,0.0588235294117647
20,4,"nb",3,"jzi_prev",264,0,0,0,0,0.210526315789474,0,0.235294117647059
20,4,"nb",3,"jzi_abund",264,0,0.5,0.0333333333333333,0.116279069767442,0.105263157894737,0.230769230769231,0.117647058823529
20,4,"nb",3,"zinb",0,264,0,NA,NA,NA,NA,NA
20,4,"nb",3,"abund_lm_depth",204,60,0,0,0.0526315789473684,0,0.222222222222222,0.0833333333333333
50,4,"nb",3,"naive",295,0,0.25,0.1875,0.158590308370044,0.580645161290323,0.15,0.352941176470588
50,4,"nb",3,"depthcov",295,0,0,0,0.0308370044052863,0.161290322580645,0.1,0.176470588235294
50,4,"nb",3,"jzi_prev",295,0,1,0,0.0484581497797357,0.258064516129032,0.05,0.117647058823529
50,4,"nb",3,"jzi_abund",295,0,0.333333333333333,0.108108108108108,0.127753303964758,0.161290322580645,0.35,0.294117647058824
50,4,"nb",3,"zinb",289,6,0,0,0.0271493212669683,0.193548387096774,0.05,0.0588235294117647
50,4,"nb",3,"abund_lm_depth",282,13,0.5,0.0294117647058824,0.0506912442396313,0.0967741935483871,0.157894736842105,0
100,4,"nb",3,"naive",299,0,0.466666666666667,0.533333333333333,0.273504273504274,0.821428571428571,0,0.705882352941177
100,4,"nb",3,"depthcov",299,0,0,0.0222222222222222,0.0384615384615385,0.178571428571429,0.15,0.235294117647059
100,4,"nb",3,"jzi_prev",299,0,0,0.222222222222222,0.0555555555555556,0.5,0,0.529411764705882
100,4,"nb",3,"jzi_abund",299,0,0.363636363636364,0.189189189189189,0.0897435897435897,0.142857142857143,0.6,0.764705882352941
100,4,"nb",3,"zinb",291,8,0,0.0909090909090909,0.0263157894736842,0.407407407407407,0,0.411764705882353
100,4,"nb",3,"abund_lm_depth",295,4,0,0,0.051948051948052,0.037037037037037,0.1,0.235294117647059
20,1,"nb_pure",3,"naive",261,0,0,0,0.0198019801980198,0,0.0952380952380952,0.0666666666666667
20,1,"nb_pure",3,"depthcov",261,0,0,0,0.0198019801980198,0.0434782608695652,0.0952380952380952,0.0666666666666667
20,1,"nb_pure",3,"jzi_prev",261,0,0,0,0.0346534653465347,0.0869565217391304,0,0
20,1,"nb_pure",3,"jzi_abund",261,0,0.357142857142857,0.25,0.0940594059405941,0.130434782608696,0.476190476190476,0.4
20,1,"nb_pure",3,"zinb",0,261,0,NA,NA,NA,NA,NA
20,1,"nb_pure",3,"abund_lm_depth",216,45,0,0,0.0792682926829268,0.0526315789473684,0.3,0.0769230769230769
50,1,"nb_pure",3,"naive",287,0,0,0,0.0257510729613734,0.153846153846154,0.125,0.333333333333333
50,1,"nb_pure",3,"depthcov",287,0,0,0,0.0300429184549356,0.153846153846154,0.125,0.333333333333333
50,1,"nb_pure",3,"jzi_prev",287,0,0,0,0.0343347639484979,0.153846153846154,0,0.166666666666667
50,1,"nb_pure",3,"jzi_abund",287,0,0,0.178571428571429,0.0686695278969957,0.192307692307692,0.75,0.75
50,1,"nb_pure",3,"zinb",280,7,0,0,0.0131004366812227,0.08,0,0.181818181818182
50,1,"nb_pure",3,"abund_lm_depth",265,22,0.166666666666667,0.192307692307692,0.0412844036697248,0.0952380952380952,0.333333333333333,0.363636363636364
100,1,"nb_pure",3,"naive",294,0,0,0.155555555555556,0.0394736842105263,0.5,0.333333333333333,0.529411764705882
100,1,"nb_pure",3,"depthcov",294,0,0,0.177777777777778,0.0394736842105263,0.5,0.380952380952381,0.470588235294118
100,1,"nb_pure",3,"jzi_prev",294,0,0,0.155555555555556,0.0482456140350877,0.464285714285714,0,0.352941176470588
100,1,"nb_pure",3,"jzi_abund",294,0,0.0909090909090909,0.526315789473684,0.0789473684210526,0.0714285714285714,0.666666666666667,0.470588235294118
100,1,"nb_pure",3,"zinb",293,1,0,0,0.0175438596491228,0.333333333333333,0,0.235294117647059
100,1,"nb_pure",3,"abund_lm_depth",288,6,0.0952380952380952,0.527777777777778,0.0533333333333333,0,0.684210526315789,0.470588235294118
20,4,"nb_pure",3,"naive",268,0,0,0,0.0753768844221105,0.16,0,0.1875
20,4,"nb_pure",3,"depthcov",268,0,0,0,0.0301507537688442,0,0.0357142857142857,0
20,4,"nb_pure",3,"jzi_prev",267,1,0,0,0.0353535353535354,0.08,0,0.125
20,4,"nb_pure",3,"jzi_abund",268,0,0.466666666666667,0.181818181818182,0.110552763819095,0.04,0.357142857142857,0.3125
20,4,"nb_pure",3,"zinb",0,268,0,NA,NA,NA,NA,NA
20,4,"nb_pure",3,"abund_lm_depth",211,57,0,0,0.0569620253164557,0.05,0.15,0
50,4,"nb_pure",3,"naive",293,0,0.5,0.275862068965517,0.195918367346939,0.466666666666667,0.0526315789473684,0.571428571428571
50,4,"nb_pure",3,"depthcov",293,0,0,0,0.0285714285714286,0.133333333333333,0.0526315789473684,0.214285714285714
50,4,"nb_pure",3,"jzi_prev",293,0,0,0,0.0326530612244898,0.6,0,0.357142857142857
50,4,"nb_pure",3,"jzi_abund",293,0,0.0833333333333333,0.333333333333333,0.0571428571428571,0.0666666666666667,0.473684210526316,0.5
50,4,"nb_pure",3,"zinb",285,8,0,0,0.0209205020920502,0.285714285714286,0,0.142857142857143
50,4,"nb_pure",3,"abund_lm_depth",276,17,0,0,0.0304347826086957,0.0666666666666667,0.235294117647059,0.285714285714286
100,4,"nb_pure",3,"naive",300,0,0.619718309859155,0.574468085106383,0.323529411764706,0.608695652173913,0.133333333333333,0.75
100,4,"nb_pure",3,"depthcov",300,0,0,0.0212765957446809,0.0630252100840336,0.260869565217391,0.0666666666666667,0.458333333333333
100,4,"nb_pure",3,"jzi_prev",299,1,0.0555555555555556,0.369565217391304,0.0210084033613445,0.681818181818182,0.0666666666666667,0.625
100,4,"nb_pure",3,"jzi_abund",300,0,0,0.641025641025641,0.0378151260504202,0.0434782608695652,0.933333333333333,0.708333333333333
100,4,"nb_pure",3,"zinb",296,4,0,0.195652173913043,0.0170212765957447,0.636363636363636,0,0.541666666666667
100,4,"nb_pure",3,"abund_lm_depth",297,3,0,0.102564102564103,0.076271186440678,0,0.466666666666667,0.458333333333333
20,1,"poisson",4,"naive",261,0,0,0,0.00970873786407767,0.142857142857143,0.08,0.0625
20,1,"poisson",4,"depthcov",261,0,0,0,0.00970873786407767,0.142857142857143,0.08,0.0625
20,1,"poisson",4,"jzi_prev",261,0,0,0,0.0242718446601942,0.214285714285714,0,0
20,1,"poisson",4,"jzi_abund",261,0,0.8,0.024390243902439,0.150485436893204,0.0714285714285714,0.28,0.375
20,1,"poisson",4,"zinb",0,261,0,NA,NA,NA,NA,NA
20,1,"poisson",4,"abund_lm_depth",199,62,0,0,0.062111801242236,0,0.125,0.25
50,1,"poisson",4,"naive",289,0,0,0.0425531914893617,0.0504587155963303,0.416666666666667,0.0416666666666667,0.434782608695652
50,1,"poisson",4,"depthcov",289,0,0,0.0425531914893617,0.0458715596330275,0.416666666666667,0.0416666666666667,0.478260869565217
50,1,"poisson",4,"jzi_prev",289,0,0,0.0212765957446809,0.0596330275229358,0.375,0.0416666666666667,0.173913043478261
50,1,"poisson",4,"jzi_abund",289,0,0.375,0.106382978723404,0.100917431192661,0.0833333333333333,0.458333333333333,0.434782608695652
50,1,"poisson",4,"zinb",279,10,0,0,0.014218009478673,0.260869565217391,0,0
50,1,"poisson",4,"abund_lm_depth",268,21,0,0.0476190476190476,0.087378640776699,0.05,0.391304347826087,0.421052631578947
100,1,"poisson",4,"naive",300,0,0,0.25,0.033195020746888,0.785714285714286,0.210526315789474,0.615384615384615
100,1,"poisson",4,"depthcov",300,0,0.0909090909090909,0.25,0.029045643153527,0.785714285714286,0.263157894736842,0.615384615384615
100,1,"poisson",4,"jzi_prev",300,0,0,0.1,0.04149377593361,0.571428571428571,0.157894736842105,0.192307692307692
100,1,"poisson",4,"jzi_abund",300,0,0.1,0.4,0.0622406639004149,0.142857142857143,0.736842105263158,0.461538461538462
100,1,"poisson",4,"zinb",297,3,0,0.025,0.00420168067226891,0.428571428571429,0.0526315789473684,0.153846153846154
100,1,"poisson",4,"abund_lm_depth",294,6,0.0625,0.333333333333333,0.0468085106382979,0,0.736842105263158,0.423076923076923
20,4,"poisson",4,"naive",267,0,0,0,0.053921568627451,0.25,0.037037037037037,0.1875
20,4,"poisson",4,"depthcov",267,0,0,0,0.0147058823529412,0,0,0.0625
20,4,"poisson",4,"jzi_prev",267,0,0,0,0.0392156862745098,0.2,0.037037037037037,0.25
20,4,"poisson",4,"jzi_abund",267,0,0.333333333333333,0.13953488372093,0.137254901960784,0.05,0.518518518518518,0.1875
20,4,"poisson",4,"zinb",0,267,0,NA,NA,NA,NA,NA
20,4,"poisson",4,"abund_lm_depth",214,53,0,0,0.0545454545454545,0.0588235294117647,0.142857142857143,0.0909090909090909
50,4,"poisson",4,"naive",299,0,0.2,0.133333333333333,0.140425531914894,0.631578947368421,0.117647058823529,0.363636363636364
50,4,"poisson",4,"depthcov",299,0,0,0,0.0468085106382979,0.157894736842105,0.0588235294117647,0.363636363636364
50,4,"poisson",4,"jzi_prev",299,0,0,0.1,0.0340425531914894,0.210526315789474,0.0588235294117647,0.363636363636364
50,4,"poisson",4,"jzi_abund",299,0,0,0.422222222222222,0.123404255319149,0.0526315789473684,0.588235294117647,0.454545454545455
50,4,"poisson",4,"zinb",296,3,0,0.0333333333333333,0.021551724137931,0.105263157894737,0.0294117647058824,0.181818181818182
50,4,"poisson",4,"abund_lm_depth",294,5,0,0,0.051948051948052,0.0526315789473684,0.333333333333333,0.272727272727273
100,4,"poisson",4,"naive",299,0,0.630434782608696,0.566666666666667,0.24896265560166,0.722222222222222,0.285714285714286,0.75
100,4,"poisson",4,"depthcov",299,0,0,0,0.0622406639004149,0.333333333333333,0.107142857142857,0.25
100,4,"poisson",4,"jzi_prev",299,0,0,0.2,0.033195020746888,0.277777777777778,0.0714285714285714,0.666666666666667
100,4,"poisson",4,"jzi_abund",299,0,0.04,0.6,0.120331950207469,0.111111111111111,0.75,0.583333333333333
100,4,"poisson",4,"zinb",289,10,0,0.103448275862069,0.0129310344827586,0.235294117647059,0.0357142857142857,0.583333333333333
100,4,"poisson",4,"abund_lm_depth",295,4,0.166666666666667,0.125,0.0506329113924051,0,0.464285714285714,0.416666666666667
20,1,"nb",4,"naive",249,0,0,0,0.0141509433962264,0,0,0
20,1,"nb",4,"depthcov",249,0,0,0,0.0141509433962264,0,0,0
20,1,"nb",4,"jzi_prev",249,0,0,0,0.0283018867924528,0.0909090909090909,0,0
20,1,"nb",4,"jzi_abund",249,0,1,0,0.136792452830189,0.181818181818182,0.1875,0.4
20,1,"nb",4,"zinb",0,249,0,NA,NA,NA,NA,NA
20,1,"nb",4,"abund_lm_depth",179,70,0,0,0.0588235294117647,0.444444444444444,0,0.142857142857143
50,1,"nb",4,"naive",291,0,0,0.027027027027027,0.0391304347826087,0.222222222222222,0.0416666666666667,0.157894736842105
50,1,"nb",4,"depthcov",291,0,0,0.027027027027027,0.0478260869565217,0.222222222222222,0.0833333333333333,0.157894736842105
50,1,"nb",4,"jzi_prev",291,0,0,0.027027027027027,0.0434782608695652,0.166666666666667,0.0416666666666667,0.0526315789473684
50,1,"nb",4,"jzi_abund",291,0,0.166666666666667,0.116279069767442,0.0739130434782609,0.0555555555555556,0.5,0.526315789473684
50,1,"nb",4,"zinb",286,5,0,0.0285714285714286,0.00881057268722467,0.117647058823529,0,0
50,1,"nb",4,"abund_lm_depth",276,15,0,0,0.0410958904109589,0.0625,0.333333333333333,0.411764705882353
100,1,"nb",4,"naive",297,0,0,0.135135135135135,0.0289256198347107,0.52,0.222222222222222,0.666666666666667
100,1,"nb",4,"depthcov",297,0,0.166666666666667,0.135135135135135,0.0247933884297521,0.44,0.277777777777778,0.666666666666667
100,1,"nb",4,"jzi_prev",297,0,0,0.0810810810810811,0.00826446280991736,0.32,0,0.25
100,1,"nb",4,"jzi_abund",297,0,0.333333333333333,0.133333333333333,0.0785123966942149,0.08,0.333333333333333,0.416666666666667
100,1,"nb",4,"zinb",291,6,0,0.0277777777777778,0.00421940928270042,0.12,0,0.181818181818182
100,1,"nb",4,"abund_lm_depth",289,8,0,0.103448275862069,0.0338983050847458,0.0833333333333333,0.444444444444444,0.363636363636364
20,4,"nb",4,"naive",268,0,0,0,0.0480769230769231,0,0.0454545454545455,0.105263157894737
20,4,"nb",4,"depthcov",268,0,0,0,0.0192307692307692,0,0.0454545454545455,0
20,4,"nb",4,"jzi_prev",268,0,0,0,0.0144230769230769,0.105263157894737,0.0454545454545455,0.0526315789473684
20,4,"nb",4,"jzi_abund",268,0,0.333333333333333,0.0975609756097561,0.0865384615384615,0.105263157894737,0.272727272727273,0.210526315789474
20,4,"nb",4,"zinb",0,268,0,NA,NA,NA,NA,NA
20,4,"nb",4,"abund_lm_depth",202,66,0,0,0.0448717948717949,0.0666666666666667,0.0714285714285714,0.117647058823529
50,4,"nb",4,"naive",299,0,0,0.037037037037037,0.178988326848249,0.538461538461538,0.133333333333333,0.785714285714286
50,4,"nb",4,"depthcov",299,0,0,0,0.0389105058365759,0.0769230769230769,0,0.428571428571429
50,4,"nb",4,"jzi_prev",299,0,0,0,0.0233463035019455,0.153846153846154,0,0.285714285714286
50,4,"nb",4,"jzi_abund",299,0,0.25,0.103448275862069,0.105058365758755,0.0769230769230769,0.4,0.285714285714286
50,4,"nb",4,"zinb",293,6,0,0,0.0159362549800797,0.0769230769230769,0,0.285714285714286
50,4,"nb",4,"abund_lm_depth",287,12,0,0,0.0161943319838057,0,0.0714285714285714,0.0714285714285714
100,4,"nb",4,"naive",298,0,0.558823529411765,0.6,0.277777777777778,0.692307692307692,0.142857142857143,0.5
100,4,"nb",4,"depthcov",298,0,0,0,0.0396825396825397,0.307692307692308,0.0476190476190476,0.333333333333333
100,4,"nb",4,"jzi_prev",298,0,0,0.16,0.0277777777777778,0.384615384615385,0.0476190476190476,0.166666666666667
100,4,"nb",4,"jzi_abund",298,0,0.266666666666667,0.333333333333333,0.0992063492063492,0,0.571428571428571,0.583333333333333
100,4,"nb",4,"zinb",286,12,0,0.0833333333333333,0.020746887966805,0.230769230769231,0.0476190476190476,0.181818181818182
100,4,"nb",4,"abund_lm_depth",294,4,0,0,0.036,0.166666666666667,0.19047619047619,0.0909090909090909
20,1,"nb_pure",4,"naive",245,0,0,0,0.0193236714975845,0.133333333333333,0,0.142857142857143
20,1,"nb_pure",4,"depthcov",245,0,0,0,0.0241545893719807,0.133333333333333,0.0625,0.285714285714286
20,1,"nb_pure",4,"jzi_prev",245,0,0,0,0.0338164251207729,0.266666666666667,0.0625,0
20,1,"nb_pure",4,"jzi_abund",245,0,0.5,0.0869565217391304,0.101449275362319,0.2,0.5,0.571428571428571
20,1,"nb_pure",4,"zinb",0,245,0,NA,NA,NA,NA,NA
20,1,"nb_pure",4,"abund_lm_depth",178,67,0,0,0.0794701986754967,0.2,0.25,0
50,1,"nb_pure",4,"naive",294,0,0,0,0.0454545454545455,0.0909090909090909,0.307692307692308,0.411764705882353
50,1,"nb_pure",4,"depthcov",294,0,0,0,0.0454545454545455,0.0909090909090909,0.307692307692308,0.411764705882353
50,1,"nb_pure",4,"jzi_prev",294,0,0,0,0.0371900826446281,0.0454545454545455,0.0769230769230769,0.294117647058824
50,1,"nb_pure",4,"jzi_abund",294,0,0.142857142857143,0.2,0.0702479338842975,0.136363636363636,0.538461538461538,0.647058823529412
50,1,"nb_pure",4,"zinb",287,7,0,0,0.0210084033613445,0.05,0.0769230769230769,0.1875
50,1,"nb_pure",4,"abund_lm_depth",276,18,0.5,0.037037037037037,0.0698689956331878,0.05,0.636363636363636,0.4375
100,1,"nb_pure",4,"naive",298,0,0.0909090909090909,0.232558139534884,0.0416666666666667,0.4,0.4,0.608695652173913
100,1,"nb_pure",4,"depthcov",298,0,0.0909090909090909,0.232558139534884,0.0416666666666667,0.4,0.4,0.608695652173913
100,1,"nb_pure",4,"jzi_prev",298,0,0,0.0232558139534884,0.05,0.25,0,0.391304347826087
100,1,"nb_pure",4,"jzi_abund",298,0,0.105263157894737,0.447368421052632,0.0666666666666667,0.15,0.666666666666667,0.652173913043478
100,1,"nb_pure",4,"zinb",297,1,0,0.0238095238095238,0.0166666666666667,0.210526315789474,0,0.347826086956522
100,1,"nb_pure",4,"abund_lm_depth",290,8,0,0.333333333333333,0.0468085106382979,0.0526315789473684,0.6,0.666666666666667
20,4,"nb_pure",4,"naive",269,0,0,0,0.0619469026548673,0.3,0,0.133333333333333
20,4,"nb_pure",4,"depthcov",269,0,0,0,0.00884955752212389,0.2,0.0555555555555556,0.0666666666666667
20,4,"nb_pure",4,"jzi_prev",269,0,0,0,0.0442477876106195,0.4,0,0.133333333333333
20,4,"nb_pure",4,"jzi_abund",269,0,0.416666666666667,0.212121212121212,0.110619469026549,0.3,0.666666666666667,0.4
20,4,"nb_pure",4,"zinb",0,269,0,NA,NA,NA,NA,NA
20,4,"nb_pure",4,"abund_lm_depth",215,54,0,0,0.0782122905027933,0.222222222222222,0.2,0.333333333333333
50,4,"nb_pure",4,"naive",295,0,0.555555555555556,0.173913043478261,0.244541484716157,0.576923076923077,0.1,0.35
50,4,"nb_pure",4,"depthcov",295,0,0,0,0.0174672489082969,0.192307692307692,0.1,0.1
50,4,"nb_pure",4,"jzi_prev",295,0,0,0,0.0218340611353712,0.346153846153846,0.05,0.3
50,4,"nb_pure",4,"jzi_abund",295,0,0.142857142857143,0.45,0.0436681222707424,0.0384615384615385,0.65,0.7
50,4,"nb_pure",4,"zinb",290,5,0,0,0.0223214285714286,0.192307692307692,0,0.25
50,4,"nb_pure",4,"abund_lm_depth",285,10,0,0,0.0588235294117647,0.166666666666667,0.25,0.15
100,4,"nb_pure",4,"naive",296,0,0.705882352941177,0.555555555555556,0.345991561181435,0.55,0.428571428571429,0.76
100,4,"nb_pure",4,"depthcov",296,0,0,0,0.0421940928270042,0.35,0.214285714285714,0.48
100,4,"nb_pure",4,"jzi_prev",296,0,0.0434782608695652,0.488888888888889,0.0759493670886076,0.6,0.0714285714285714,0.84
100,4,"nb_pure",4,"jzi_abund",296,0,0.05,0.487179487179487,0.0548523206751055,0.05,0.571428571428571,0.84
100,4,"nb_pure",4,"zinb",295,1,0,0.244444444444444,0.0593220338983051,0.5,0.0714285714285714,0.6
100,4,"nb_pure",4,"abund_lm_depth",294,2,0.1,0.230769230769231,0.0638297872340425,0.05,0.5,0.44
20,1,"poisson",5,"naive",268,0,0,0,0.00952380952380952,0.148148148148148,0.0666666666666667,0.3125
20,1,"poisson",5,"depthcov",268,0,0,0,0.0142857142857143,0.148148148148148,0.0666666666666667,0.3125
20,1,"poisson",5,"jzi_prev",268,0,0,0,0.0380952380952381,0.148148148148148,0,0.1875
20,1,"poisson",5,"jzi_abund",268,0,0.714285714285714,0.193548387096774,0.180952380952381,0.111111111111111,0.533333333333333,0.375
20,1,"poisson",5,"zinb",0,268,0,NA,NA,NA,NA,NA
20,1,"poisson",5,"abund_lm_depth",221,47,0,0,0.0584795321637427,0,0.266666666666667,0.307692307692308
50,1,"poisson",5,"naive",288,0,0,0,0.0308370044052863,0.28,0.1,0.1875
50,1,"poisson",5,"depthcov",288,0,0,0,0.0220264317180617,0.28,0.05,0.1875
50,1,"poisson",5,"jzi_prev",288,0,0,0.0731707317073171,0.0220264317180617,0.36,0.05,0.125
50,1,"poisson",5,"jzi_abund",288,0,0.0909090909090909,0.277777777777778,0.0881057268722467,0.12,0.45,0.5625
50,1,"poisson",5,"zinb",283,5,0,0,0.00892857142857143,0.125,0,0.133333333333333
50,1,"poisson",5,"abund_lm_depth",273,15,0,0.176470588235294,0.0416666666666667,0.0434782608695652,0.35,0.642857142857143
100,1,"poisson",5,"naive",298,0,0,0.210526315789474,0.0425531914893617,0.636363636363636,0.36,0.4375
100,1,"poisson",5,"depthcov",298,0,0,0.263157894736842,0.0425531914893617,0.590909090909091,0.32,0.4375
100,1,"poisson",5,"jzi_prev",298,0,0,0.131578947368421,0.0425531914893617,0.318181818181818,0.04,0.5
100,1,"poisson",5,"jzi_abund",298,0,0.157894736842105,0.390243902439024,0.0893617021276596,0.227272727272727,0.68,0.4375
100,1,"poisson",5,"zinb",292,6,0,0.0555555555555556,0.021551724137931,0.19047619047619,0,0.333333333333333
100,1,"poisson",5,"abund_lm_depth",292,6,0.181818181818182,0.225,0.0517241379310345,0.1,0.6,0.533333333333333
20,4,"poisson",5,"naive",263,0,0,0,0.042654028436019,0.181818181818182,0.0833333333333333,0.117647058823529
20,4,"poisson",5,"depthcov",263,0,0,0,0.018957345971564,0.181818181818182,0,0.0588235294117647
20,4,"poisson",5,"jzi_prev",263,0,0,0,0.0521327014218009,0.272727272727273,0,0.176470588235294
20,4,"poisson",5,"jzi_abund",263,0,0.523809523809524,0.24390243902439,0.14218009478673,0.181818181818182,0.583333333333333,0.411764705882353
20,4,"poisson",5,"zinb",0,263,0,NA,NA,NA,NA,NA
20,4,"poisson",5,"abund_lm_depth",222,41,0,0,0.0555555555555556,0.111111111111111,0.157894736842105,0.142857142857143
50,4,"poisson",5,"naive",297,0,0.125,0.148936170212766,0.091304347826087,0.5,0.2,0.368421052631579
50,4,"poisson",5,"depthcov",297,0,0,0,0.0347826086956522,0.214285714285714,0.15,0.210526315789474
50,4,"poisson",5,"jzi_prev",297,0,0,0.0425531914893617,0.0347826086956522,0.321428571428571,0,0.315789473684211
50,4,"poisson",5,"jzi_abund",297,0,0.315789473684211,0.333333333333333,0.126086956521739,0.0714285714285714,0.65,0.526315789473684
50,4,"poisson",5,"zinb",294,3,0,0.0425531914893617,0.013215859030837,0.214285714285714,0,0.263157894736842
50,4,"poisson",5,"abund_lm_depth",289,8,0,0.0571428571428571,0.0663716814159292,0.107142857142857,0.157894736842105,0.4375
100,4,"poisson",5,"naive",300,0,0.5,0.456521739130435,0.213389121338912,0.730769230769231,0.333333333333333,0.6
100,4,"poisson",5,"depthcov",300,0,0,0.0434782608695652,0.0502092050209205,0.423076923076923,0,0.4
100,4,"poisson",5,"jzi_prev",300,0,0.0714285714285714,0.282608695652174,0.0334728033472803,0.730769230769231,0.0666666666666667,0.6
100,4,"poisson",5,"jzi_abund",300,0,0.0714285714285714,0.371428571428571,0.096234309623431,0,0.533333333333333,0.75
100,4,"poisson",5,"zinb",296,4,0,0.133333333333333,0.0169491525423729,0.6,0,0.6
100,4,"poisson",5,"abund_lm_depth",297,3,0.25,0.0857142857142857,0.0548523206751055,0.04,0.333333333333333,0.25
20,1,"nb",5,"naive",254,0,0,0,0.0234741784037559,0.133333333333333,0,0.125
20,1,"nb",5,"depthcov",254,0,0,0,0.00469483568075117,0,0,0.0625
20,1,"nb",5,"jzi_prev",253,1,0,0,0.0328638497652582,0.0714285714285714,0,0
20,1,"nb",5,"jzi_abund",254,0,0.625,0.115384615384615,0.154929577464789,0.0666666666666667,0.3,0.25
20,1,"nb",5,"zinb",0,254,0,NA,NA,NA,NA,NA
20,1,"nb",5,"abund_lm_depth",187,67,0,0,0.0649350649350649,0.0833333333333333,0.125,0.0769230769230769
50,1,"nb",5,"naive",286,0,0,0,0.0387931034482759,0.333333333333333,0.117647058823529,0.538461538461538
50,1,"nb",5,"depthcov",286,0,0,0,0.0301724137931034,0.208333333333333,0.0588235294117647,0.461538461538462
50,1,"nb",5,"jzi_prev",286,0,0,0.0540540540540541,0.0517241379310345,0.208333333333333,0.0588235294117647,0.461538461538462
50,1,"nb",5,"jzi_abund",286,0,0.333333333333333,0.0666666666666667,0.0862068965517241,0.166666666666667,0.411764705882353,0.538461538461538
50,1,"nb",5,"zinb",280,6,0,0,0.0176211453744493,0.125,0.0625,0.153846153846154
50,1,"nb",5,"abund_lm_depth",266,20,0,0.0714285714285714,0.0325581395348837,0.130434782608696,0.333333333333333,0.384615384615385
100,1,"nb",5,"naive",299,0,0,0.0789473684210526,0.0364372469635627,0.428571428571429,0.142857142857143,0.5
100,1,"nb",5,"depthcov",299,0,0,0.0789473684210526,0.0445344129554656,0.428571428571429,0.142857142857143,0.5
100,1,"nb",5,"jzi_prev",299,0,0,0.0263157894736842,0.0202429149797571,0.357142857142857,0,0.3
100,1,"nb",5,"jzi_abund",299,0,0.166666666666667,0.208333333333333,0.0566801619433198,0.0357142857142857,0.642857142857143,0.4
100,1,"nb",5,"zinb",288,11,0,0,0.0126582278481013,0.111111111111111,0,0.3
100,1,"nb",5,"abund_lm_depth",289,10,0,0.0869565217391304,0.0292887029288703,0.0740740740740741,0.538461538461538,0.3
20,4,"nb",5,"naive",262,0,0,0,0.0226244343891403,0,0.0769230769230769,0.2
20,4,"nb",5,"depthcov",262,0,0,0,0,0,0,0
20,4,"nb",5,"jzi_prev",262,0,0,0,0.0135746606334842,0,0,0.133333333333333
20,4,"nb",5,"jzi_abund",262,0,0.75,0.0714285714285714,0.149321266968326,0.307692307692308,0.230769230769231,0.133333333333333
20,4,"nb",5,"zinb",0,262,0,NA,NA,NA,NA,NA
20,4,"nb",5,"abund_lm_depth",199,63,0,0,0.0535714285714286,0.0909090909090909,0.1,0
50,4,"nb",5,"naive",293,0,0.285714285714286,0.142857142857143,0.131687242798354,0.8125,0.133333333333333,0.368421052631579
50,4,"nb",5,"depthcov",293,0,0,0,0.0246913580246914,0.25,0,0.105263157894737
50,4,"nb",5,"jzi_prev",293,0,0,0.0285714285714286,0.0164609053497942,0.3125,0,0.210526315789474
50,4,"nb",5,"jzi_abund",293,0,0,0.147058823529412,0.106995884773663,0.0625,0.533333333333333,0.315789473684211
50,4,"nb",5,"zinb",290,3,0,0.0285714285714286,0.012448132780083,0.25,0,0.105263157894737
50,4,"nb",5,"abund_lm_depth",286,7,0,0,0.0588235294117647,0,0.133333333333333,0
100,4,"nb",5,"naive",299,0,0.666666666666667,0.285714285714286,0.187755102040816,0.782608695652174,0.157894736842105,0.416666666666667
100,4,"nb",5,"depthcov",299,0,0,0,0.0693877551020408,0.260869565217391,0.105263157894737,0.0833333333333333
100,4,"nb",5,"jzi_prev",299,0,0,0.0285714285714286,0.0530612244897959,0.478260869565217,0.0526315789473684,0.333333333333333
100,4,"nb",5,"jzi_abund",299,0,0.5,0.161290322580645,0.102040816326531,0,0.578947368421053,0.5
100,4,"nb",5,"zinb",297,2,0,0,0.0164609053497942,0.173913043478261,0,0.166666666666667
100,4,"nb",5,"abund_lm_depth",297,2,0,0,0.0534979423868313,0,0.263157894736842,0.25
20,1,"nb_pure",5,"naive",253,0,0,0,0.0287081339712919,0.1875,0.1,0.222222222222222
20,1,"nb_pure",5,"depthcov",253,0,0,0,0.0143540669856459,0.125,0,0.277777777777778
20,1,"nb_pure",5,"jzi_prev",253,0,0,0,0.0191387559808612,0.1875,0,0.0555555555555556
20,1,"nb_pure",5,"jzi_abund",253,0,0.6,0.0714285714285714,0.0909090909090909,0.0625,0.4,0.277777777777778
20,1,"nb_pure",5,"zinb",0,253,0,NA,NA,NA,NA,NA
20,1,"nb_pure",5,"abund_lm_depth",183,70,1,0,0.0533333333333333,0,0.142857142857143,0.285714285714286
50,1,"nb_pure",5,"naive",287,0,0,0,0.0421940928270042,0.285714285714286,0.1,0.5625
50,1,"nb_pure",5,"depthcov",287,0,0,0,0.0421940928270042,0.285714285714286,0.1,0.625
50,1,"nb_pure",5,"jzi_prev",287,0,0,0,0.029535864978903,0.142857142857143,0.05,0.1875
50,1,"nb_pure",5,"jzi_abund",287,0,0.4,0.0833333333333333,0.0506329113924051,0,0.3,0.4375
50,1,"nb_pure",5,"zinb",280,7,0,0,0.00858369098712446,0.0769230769230769,0.0526315789473684,0.2
50,1,"nb_pure",5,"abund_lm_depth",267,20,0,0,0.0495495495495495,0,0.294117647058824,0.266666666666667
100,1,"nb_pure",5,"naive",296,0,0,0.142857142857143,0.0416666666666667,0.565217391304348,0.19047619047619,0.5
100,1,"nb_pure",5,"depthcov",296,0,0.166666666666667,0.142857142857143,0.0333333333333333,0.565217391304348,0.238095238095238,0.5
100,1,"nb_pure",5,"jzi_prev",296,0,0,0.114285714285714,0.0291666666666667,0.521739130434783,0,0.25
100,1,"nb_pure",5,"jzi_abund",296,0,0.0769230769230769,0.363636363636364,0.05,0.0869565217391304,0.619047619047619,0.75
100,1,"nb_pure",5,"zinb",291,5,0,0.0294117647058824,0.0168776371308017,0.363636363636364,0,0.25
100,1,"nb_pure",5,"abund_lm_depth",291,5,0.0833333333333333,0.333333333333333,0.0421940928270042,0.142857142857143,0.476190476190476,0.583333333333333
20,4,"nb_pure",5,"naive",253,0,0,0,0.0995024875621891,0.181818181818182,0.0769230769230769,0.117647058823529
20,4,"nb_pure",5,"depthcov",253,0,0,0,0.00995024875621891,0,0,0
20,4,"nb_pure",5,"jzi_prev",253,0,0,0,0.0398009950248756,0.181818181818182,0,0.117647058823529
20,4,"nb_pure",5,"jzi_abund",253,0,0.333333333333333,0.133333333333333,0.0746268656716418,0.227272727272727,0.384615384615385,0.352941176470588
20,4,"nb_pure",5,"zinb",0,253,0,NA,NA,NA,NA,NA
20,4,"nb_pure",5,"abund_lm_depth",196,57,0,0,0.0448717948717949,0.0555555555555556,0.1,0.25
50,4,"nb_pure",5,"naive",296,0,0,0,0.169565217391304,0.428571428571429,0.272727272727273,0.3125
50,4,"nb_pure",5,"depthcov",296,0,0,0,0.0434782608695652,0.0714285714285714,0,0.125
50,4,"nb_pure",5,"jzi_prev",296,0,0,0,0.0304347826086957,0.285714285714286,0.0454545454545455,0.25
50,4,"nb_pure",5,"jzi_abund",296,0,0.0952380952380952,0.5,0.0434782608695652,0.107142857142857,0.727272727272727,0.6875
50,4,"nb_pure",5,"zinb",287,9,0,0,0.0133928571428571,0.24,0,0.0625
50,4,"nb_pure",5,"abund_lm_depth",278,18,0.4,0.0810810810810811,0.0414746543778802,0.0416666666666667,0.272727272727273,0.333333333333333
100,4,"nb_pure",5,"naive",298,0,0.783783783783784,0.470588235294118,0.366935483870968,0.65,0.375,0.5
100,4,"nb_pure",5,"depthcov",298,0,0,0,0.0362903225806452,0.25,0.25,0.214285714285714
100,4,"nb_pure",5,"jzi_prev",298,0,0.125,0.205882352941176,0.0443548387096774,0.5,0.125,0.285714285714286
100,4,"nb_pure",5,"jzi_abund",298,0,0.0526315789473684,0.6,0.0362903225806452,0.1,0.75,0.642857142857143
100,4,"nb_pure",5,"zinb",292,6,0.25,0.09375,0.0285714285714286,0.5,0.0666666666666667,0.142857142857143
100,4,"nb_pure",5,"abund_lm_depth",291,7,0,0.133333333333333,0.045643153526971,0.05,0.5625,0.285714285714286
20,1,"poisson",6,"naive",255,0,0,0,0.029126213592233,0.153846153846154,0.0476190476190476,0.0666666666666667
20,1,"poisson",6,"depthcov",255,0,0,0,0.029126213592233,0.230769230769231,0.0476190476190476,0.0666666666666667
20,1,"poisson",6,"jzi_prev",255,0,0,0,0.029126213592233,0.153846153846154,0.0476190476190476,0.0666666666666667
20,1,"poisson",6,"jzi_abund",255,0,0.631578947368421,0.194444444444444,0.140776699029126,0.307692307692308,0.476190476190476,0.2
20,1,"poisson",6,"zinb",0,255,0,NA,NA,NA,NA,NA
20,1,"poisson",6,"abund_lm_depth",189,66,0,0,0.0472972972972973,0,0.315789473684211,0
50,1,"poisson",6,"naive",288,0,1,0,0.0482456140350877,0.428571428571429,0.173913043478261,0.375
50,1,"poisson",6,"depthcov",288,0,0,0,0.0482456140350877,0.380952380952381,0.130434782608696,0.3125
50,1,"poisson",6,"jzi_prev",288,0,0,0,0.0482456140350877,0.333333333333333,0.0434782608695652,0.25
50,1,"poisson",6,"jzi_abund",288,0,0.142857142857143,0.153846153846154,0.0921052631578947,0,0.434782608695652,0.25
50,1,"poisson",6,"zinb",281,7,0,0,0.0179372197309417,0.3,0,0.0666666666666667
50,1,"poisson",6,"abund_lm_depth",264,24,0,0.108108108108108,0.0531400966183575,0,0.409090909090909,0.2
100,1,"poisson",6,"naive",298,0,0.111111111111111,0.242424242424242,0.05,0.631578947368421,0.2,0.571428571428571
100,1,"poisson",6,"depthcov",298,0,0.1,0.272727272727273,0.05,0.631578947368421,0.2,0.642857142857143
100,1,"poisson",6,"jzi_prev",298,0,0,0.151515151515152,0.0375,0.473684210526316,0.04,0.5
100,1,"poisson",6,"jzi_abund",298,0,0.307692307692308,0.461538461538462,0.0916666666666667,0.157894736842105,0.64,0.642857142857143
100,1,"poisson",6,"zinb",290,8,0,0.09375,0.0170940170940171,0.368421052631579,0.0416666666666667,0.230769230769231
100,1,"poisson",6,"abund_lm_depth",290,8,0,0.230769230769231,0.0603448275862069,0,0.56,0.5
20,4,"poisson",6,"naive",274,0,0,0,0.0884955752212389,0.230769230769231,0,0
20,4,"poisson",6,"depthcov",274,0,0,0,0.00442477876106195,0.0769230769230769,0,0.0555555555555556
20,4,"poisson",6,"jzi_prev",274,0,0,0,0.0221238938053097,0.307692307692308,0,0
20,4,"poisson",6,"jzi_abund",274,0,0.592592592592593,0.314285714285714,0.13716814159292,0.230769230769231,0.588235294117647,0.5
20,4,"poisson",6,"zinb",0,274,0,NA,NA,NA,NA,NA
20,4,"poisson",6,"abund_lm_depth",236,38,0,0,0.0520833333333333,0.0833333333333333,0.25,0.1875
50,4,"poisson",6,"naive",296,0,0.5,0.0952380952380952,0.175213675213675,0.473684210526316,0.15,0.391304347826087
50,4,"poisson",6,"depthcov",296,0,0,0,0.0512820512820513,0.0526315789473684,0,0.173913043478261
50,4,"poisson",6,"jzi_prev",296,0,0,0.0476190476190476,0.0213675213675214,0.315789473684211,0,0.217391304347826
50,4,"poisson",6,"jzi_abund",296,0,0.4375,0.209302325581395,0.132478632478632,0.105263157894737,0.55,0.391304347826087
50,4,"poisson",6,"zinb",287,9,0,0,0,0.222222222222222,0,0.130434782608696
50,4,"poisson",6,"abund_lm_depth",287,9,0,0,0.0394736842105263,0,0.2,0.0476190476190476
100,4,"poisson",6,"naive",300,0,0.551020408163265,0.594594594594595,0.264705882352941,0.714285714285714,0.36,0.75
100,4,"poisson",6,"depthcov",300,0,0,0.0540540540540541,0.0252100840336134,0.380952380952381,0.08,0.4375
100,4,"poisson",6,"jzi_prev",300,0,0.0769230769230769,0.324324324324324,0.046218487394958,0.571428571428571,0.08,0.4375
100,4,"poisson",6,"jzi_abund",300,0,0.357142857142857,0.439024390243902,0.109243697478992,0.0476190476190476,0.68,0.5625
100,4,"poisson",6,"zinb",297,3,0,0.108108108108108,0.00851063829787234,0.380952380952381,0,0.375
100,4,"poisson",6,"abund_lm_depth",298,2,0,0.146341463414634,0.0211864406779661,0.0476190476190476,0.44,0.1875
20,1,"nb",6,"naive",260,0,0,0,0.0289855072463768,0.0526315789473684,0.05,0.0714285714285714
20,1,"nb",6,"depthcov",260,0,0,0,0.0241545893719807,0.0526315789473684,0.05,0.0714285714285714
20,1,"nb",6,"jzi_prev",260,0,0,0,0.0144927536231884,0.105263157894737,0.1,0.142857142857143
20,1,"nb",6,"jzi_abund",260,0,0,0.0588235294117647,0.0917874396135266,0.105263157894737,0.4,0.214285714285714
20,1,"nb",6,"zinb",0,260,0,NA,NA,NA,NA,NA
20,1,"nb",6,"abund_lm_depth",196,64,0,0.037037037037037,0.0451612903225806,0.142857142857143,0.133333333333333,0.333333333333333
50,1,"nb",6,"naive",286,0,0,0,0.0517241379310345,0.434782608695652,0.133333333333333,0.5625
50,1,"nb",6,"depthcov",286,0,0,0,0.0560344827586207,0.434782608695652,0.133333333333333,0.5625
50,1,"nb",6,"jzi_prev",286,0,0,0.0256410256410256,0.0344827586206897,0.260869565217391,0,0.4375
50,1,"nb",6,"jzi_abund",286,0,0.666666666666667,0.032258064516129,0.0775862068965517,0.130434782608696,0.266666666666667,0.25
50,1,"nb",6,"zinb",276,10,0,0,0.00444444444444444,0.181818181818182,0,0.285714285714286
50,1,"nb",6,"abund_lm_depth",267,19,0,0,0.0590909090909091,0.0476190476190476,0.333333333333333,0.142857142857143
100,1,"nb",6,"naive",299,0,0.0833333333333333,0.275,0.0617283950617284,0.5,0.1875,0.777777777777778
100,1,"nb",6,"depthcov",299,0,0.153846153846154,0.275,0.0699588477366255,0.5,0.1875,0.777777777777778
100,1,"nb",6,"jzi_prev",299,0,0.181818181818182,0.225,0.0329218106995885,0.363636363636364,0,0.444444444444444
100,1,"nb",6,"jzi_abund",299,0,0.153846153846154,0.323529411764706,0.0905349794238683,0.0454545454545455,0.5,0.555555555555556
100,1,"nb",6,"zinb",286,13,0,0,0.00431034482758621,0.1,0,0.277777777777778
100,1,"nb",6,"abund_lm_depth",290,9,0,0.0882352941176471,0.0720338983050847,0,0.5,0.444444444444444
20,4,"nb",6,"naive",270,0,0,0,0.042654028436019,0.0625,0.217391304347826,0.15
20,4,"nb",6,"depthcov",270,0,0,0,0.023696682464455,0.0625,0.0434782608695652,0.1
20,4,"nb",6,"jzi_prev",270,0,0,0,0.023696682464455,0.0625,0.0869565217391304,0.1
20,4,"nb",6,"jzi_abund",270,0,0.5,0.0232558139534884,0.137440758293839,0.125,0.347826086956522,0.25
20,4,"nb",6,"zinb",0,270,0,NA,NA,NA,NA,NA
20,4,"nb",6,"abund_lm_depth",219,51,1,0,0.0457142857142857,0.153846153846154,0.166666666666667,0.153846153846154
50,4,"nb",6,"naive",294,0,0.714285714285714,0.0714285714285714,0.170731707317073,0.333333333333333,0.1,0.538461538461538
50,4,"nb",6,"depthcov",294,0,0,0,0.0691056910569106,0.2,0.15,0
50,4,"nb",6,"jzi_prev",294,0,0,0,0.0284552845528455,0.333333333333333,0,0.307692307692308
50,4,"nb",6,"jzi_abund",294,0,0.333333333333333,0.181818181818182,0.0731707317073171,0.133333333333333,0.55,0.538461538461538
50,4,"nb",6,"zinb",287,7,0,0,0.012448132780083,0,0.05,0.0769230769230769
50,4,"nb",6,"abund_lm_depth",286,8,0,0,0.0585774058577406,0,0.15,0.0769230769230769
100,4,"nb",6,"naive",298,0,0.759036144578313,0.526315789473684,0.388185654008439,0.7,0.304347826086957,0.444444444444444
100,4,"nb",6,"depthcov",298,0,0,0,0.0970464135021097,0.4,0,0.277777777777778
100,4,"nb",6,"jzi_prev",298,0,0.142857142857143,0.157894736842105,0.0421940928270042,0.5,0.130434782608696,0.222222222222222
100,4,"nb",6,"jzi_abund",298,0,0.25,0.146341463414634,0.0970464135021097,0.1,0.260869565217391,0.555555555555556
100,4,"nb",6,"zinb",289,9,0,0,0.0263157894736842,0.3,0.0434782608695652,0
100,4,"nb",6,"abund_lm_depth",297,1,0,0,0.0593220338983051,0.05,0.260869565217391,0.277777777777778
20,1,"nb_pure",6,"naive",262,0,0,0,0.0246305418719212,0.0833333333333333,0,0.238095238095238
20,1,"nb_pure",6,"depthcov",262,0,0,0,0.0246305418719212,0.0833333333333333,0,0.238095238095238
20,1,"nb_pure",6,"jzi_prev",262,0,0,0,0.0443349753694581,0.0833333333333333,0,0.142857142857143
20,1,"nb_pure",6,"jzi_abund",262,0,0.4,0.0857142857142857,0.113300492610837,0.0833333333333333,0.285714285714286,0.523809523809524
20,1,"nb_pure",6,"zinb",0,262,0,NA,NA,NA,NA,NA
20,1,"nb_pure",6,"abund_lm_depth",198,64,0.5,0.0357142857142857,0.0457516339869281,0.0588235294117647,0.166666666666667,0.25
50,1,"nb_pure",6,"naive",291,0,0,0,0.0297872340425532,0.263157894736842,0.208333333333333,0.307692307692308
50,1,"nb_pure",6,"depthcov",291,0,0,0,0.0382978723404255,0.263157894736842,0.25,0.307692307692308
50,1,"nb_pure",6,"jzi_prev",291,0,0,0.03125,0.0212765957446809,0.210526315789474,0,0.153846153846154
50,1,"nb_pure",6,"jzi_abund",291,0,0.2,0.216216216216216,0.0723404255319149,0.105263157894737,0.625,0.307692307692308
50,1,"nb_pure",6,"zinb",287,4,0,0,0.00865800865800866,0.105263157894737,0,0.153846153846154
50,1,"nb_pure",6,"abund_lm_depth",269,22,0,0.0571428571428571,0.0506912442396313,0,0.434782608695652,0.0833333333333333
100,1,"nb_pure",6,"naive",293,0,0.0714285714285714,0.325,0.0265486725663717,0.523809523809524,0.259259259259259,0.631578947368421
100,1,"nb_pure",6,"depthcov",293,0,0.0666666666666667,0.35,0.0309734513274336,0.523809523809524,0.259259259259259,0.631578947368421
100,1,"nb_pure",6,"jzi_prev",293,0,0,0.2,0.0309734513274336,0.380952380952381,0,0.315789473684211
100,1,"nb_pure",6,"jzi_abund",293,0,0.0740740740740741,0.543478260869565,0.0486725663716814,0,0.703703703703704,0.736842105263158
100,1,"nb_pure",6,"zinb",291,2,0,0,0.0133928571428571,0.285714285714286,0.037037037037037,0.210526315789474
100,1,"nb_pure",6,"abund_lm_depth",287,6,0.153846153846154,0.478260869565217,0.0409090909090909,0.0476190476190476,0.666666666666667,0.684210526315789
20,4,"nb_pure",6,"naive",256,0,0,0,0.0754716981132075,0.3,0,0
20,4,"nb_pure",6,"depthcov",256,0,0,0,0.0141509433962264,0,0,0
20,4,"nb_pure",6,"jzi_prev",256,0,0,0,0.0188679245283019,0.1,0.0588235294117647,0.235294117647059
20,4,"nb_pure",6,"jzi_abund",256,0,0.285714285714286,0.147058823529412,0.0849056603773585,0.1,0.529411764705882,0.294117647058824
20,4,"nb_pure",6,"zinb",0,256,0,NA,NA,NA,NA,NA
20,4,"nb_pure",6,"abund_lm_depth",202,54,0,0,0.0529411764705882,0,0,0
50,4,"nb_pure",6,"naive",290,0,0.590909090909091,0.243243243243243,0.198237885462555,0.583333333333333,0.269230769230769,0.692307692307692
50,4,"nb_pure",6,"depthcov",290,0,0,0,0.0616740088105727,0.208333333333333,0.0384615384615385,0.230769230769231
50,4,"nb_pure",6,"jzi_prev",290,0,0,0.0540540540540541,0.0220264317180617,0.333333333333333,0,0.230769230769231
50,4,"nb_pure",6,"jzi_abund",290,0,0.291666666666667,0.435897435897436,0.0572687224669604,0.0416666666666667,0.615384615384615,0.615384615384615
50,4,"nb_pure",6,"zinb",282,8,0,0.0555555555555556,0.0136363636363636,0.304347826086957,0,0.153846153846154
50,4,"nb_pure",6,"abund_lm_depth",276,14,0,0.0263157894736842,0.0462962962962963,0.0909090909090909,0.346153846153846,0.333333333333333
100,4,"nb_pure",6,"naive",299,0,0.607843137254902,0.571428571428571,0.271966527196653,0.684210526315789,0.24,0.875
100,4,"nb_pure",6,"depthcov",299,0,0,0,0.0460251046025105,0.315789473684211,0.2,0.3125
100,4,"nb_pure",6,"jzi_prev",299,0,0,0.371428571428571,0.0292887029288703,0.631578947368421,0.04,0.5
100,4,"nb_pure",6,"jzi_abund",299,0,0.0357142857142857,0.658536585365854,0.0292887029288703,0.0526315789473684,0.8,0.625
100,4,"nb_pure",6,"zinb",294,5,0,0.2,0.0297872340425532,0.473684210526316,0,0.5
100,4,"nb_pure",6,"abund_lm_depth",292,7,0,0.157894736842105,0.0340425531914894,0,0.608695652173913,0.466666666666667
20,1,"poisson",7,"naive",266,0,0,0,0.0239234449760766,0.105263157894737,0,0.166666666666667
20,1,"poisson",7,"depthcov",266,0,0,0,0.0239234449760766,0.105263157894737,0,0.166666666666667
20,1,"poisson",7,"jzi_prev",266,0,0,0,0.0334928229665072,0.0526315789473684,0.0384615384615385,0.0833333333333333
20,1,"poisson",7,"jzi_abund",266,0,0.333333333333333,0.0526315789473684,0.0861244019138756,0.210526315789474,0.346153846153846,0.25
20,1,"poisson",7,"zinb",0,266,0,NA,NA,NA,NA,NA
20,1,"poisson",7,"abund_lm_depth",209,57,0,0,0.0609756097560976,0,0.260869565217391,0.142857142857143
50,1,"poisson",7,"naive",295,0,0,0.06,0.0355555555555556,0.423076923076923,0.05,0.25
50,1,"poisson",7,"depthcov",295,0,0,0,0.04,0.384615384615385,0.2,0.25
50,1,"poisson",7,"jzi_prev",295,0,0,0.06,0.04,0.346153846153846,0,0.208333333333333
50,1,"poisson",7,"jzi_abund",295,0,0.210526315789474,0.340909090909091,0.0977777777777778,0.0384615384615385,0.65,0.583333333333333
50,1,"poisson",7,"zinb",289,6,0,0,0.0134529147982063,0.230769230769231,0,0.19047619047619
50,1,"poisson",7,"abund_lm_depth",277,18,0.111111111111111,0.205128205128205,0.0607476635514019,0,0.368421052631579,0.5
100,1,"poisson",7,"naive",297,0,0.157894736842105,0.421052631578947,0.0387931034482759,0.6,0.37037037037037,0.666666666666667
100,1,"poisson",7,"depthcov",297,0,0.0666666666666667,0.368421052631579,0.0344827586206897,0.6,0.37037037037037,0.722222222222222
100,1,"poisson",7,"jzi_prev",297,0,0,0.157894736842105,0.021551724137931,0.35,0.037037037037037,0.611111111111111
100,1,"poisson",7,"jzi_abund",297,0,0.05,0.422222222222222,0.0818965517241379,0.05,0.666666666666667,0.666666666666667
100,1,"poisson",7,"zinb",293,4,0,0,0.00434782608695652,0.15,0,0.529411764705882
100,1,"poisson",7,"abund_lm_depth",287,10,0,0.325581395348837,0.0446428571428571,0.05,0.5,0.647058823529412
20,4,"poisson",7,"naive",266,0,0,0,0.0509259259259259,0.1,0,0.142857142857143
20,4,"poisson",7,"depthcov",266,0,0,0,0.0231481481481481,0,0,0.0714285714285714
20,4,"poisson",7,"jzi_prev",266,0,0,0,0.0231481481481481,0.1,0,0.285714285714286
20,4,"poisson",7,"jzi_abund",266,0,0.444444444444444,0.166666666666667,0.0925925925925926,0.1,0.5,0.428571428571429
20,4,"poisson",7,"zinb",0,266,0,NA,NA,NA,NA,NA
20,4,"poisson",7,"abund_lm_depth",223,43,0,0,0.0710382513661202,0.133333333333333,0.0833333333333333,0
50,4,"poisson",7,"naive",294,0,0,0.0384615384615385,0.191056910569106,0.538461538461538,0.136363636363636,0.615384615384615
50,4,"poisson",7,"depthcov",294,0,0,0,0.0528455284552846,0.230769230769231,0.0909090909090909,0.153846153846154
50,4,"poisson",7,"jzi_prev",294,0,0,0.115384615384615,0.0284552845528455,0.230769230769231,0.0454545454545455,0.615384615384615
50,4,"poisson",7,"jzi_abund",294,0,0.133333333333333,0.371428571428571,0.0975609756097561,0.153846153846154,0.727272727272727,0.692307692307692
50,4,"poisson",7,"zinb",285,9,0,0,0.00833333333333333,0.25,0,0.461538461538462
50,4,"poisson",7,"abund_lm_depth",283,11,0,0.0294117647058824,0.0506329113924051,0.0833333333333333,0.181818181818182,0.25
100,4,"poisson",7,"naive",300,0,0.59375,0.541666666666667,0.264069264069264,0.777777777777778,0.380952380952381,0.666666666666667
100,4,"poisson",7,"depthcov",300,0,0,0,0.0432900432900433,0.37037037037037,0.0952380952380952,0.142857142857143
100,4,"poisson",7,"jzi_prev",300,0,0,0.1875,0.0432900432900433,0.481481481481481,0.142857142857143,0.238095238095238
100,4,"poisson",7,"jzi_abund",300,0,0.2,0.380952380952381,0.0865800865800866,0.0740740740740741,0.571428571428571,0.619047619047619
100,4,"poisson",7,"zinb",293,7,0,0.106382978723404,0.0133333333333333,0.407407407407407,0.142857142857143,0.1
100,4,"poisson",7,"abund_lm_depth",298,2,0,0.146341463414634,0.0304347826086957,0.037037037037037,0.285714285714286,0.25
20,1,"nb",7,"naive",255,0,0,0,0.0301507537688442,0.1,0,0
20,1,"nb",7,"depthcov",255,0,0,0,0.0251256281407035,0.1,0,0
20,1,"nb",7,"jzi_prev",255,0,0,0,0.0351758793969849,0.1,0,0
20,1,"nb",7,"jzi_abund",255,0,0.333333333333333,0.0555555555555556,0.0904522613065327,0.05,0.32,0.0909090909090909
20,1,"nb",7,"zinb",0,255,0,NA,NA,NA,NA,NA
20,1,"nb",7,"abund_lm_depth",181,74,1,0,0.0551724137931034,0,0.210526315789474,0.2
50,1,"nb",7,"naive",293,0,0,0,0.0346320346320346,0.210526315789474,0.125,0.263157894736842
50,1,"nb",7,"depthcov",293,0,0,0,0.025974025974026,0.105263157894737,0.0833333333333333,0.263157894736842
50,1,"nb",7,"jzi_prev",293,0,0,0.0263157894736842,0.0303030303030303,0.0526315789473684,0,0.157894736842105
50,1,"nb",7,"jzi_abund",293,0,1,0,0.103896103896104,0.0526315789473684,0.291666666666667,0.210526315789474
50,1,"nb",7,"zinb",287,6,0,0,0.0133333333333333,0,0,0.0526315789473684
50,1,"nb",7,"abund_lm_depth",275,18,0,0,0.0506912442396313,0,0.260869565217391,0.111111111111111
100,1,"nb",7,"naive",298,0,0,0.212121212121212,0.0569105691056911,0.411764705882353,0.210526315789474,0.4375
100,1,"nb",7,"depthcov",298,0,0,0.242424242424242,0.0528455284552846,0.411764705882353,0.210526315789474,0.4375
100,1,"nb",7,"jzi_prev",298,0,0,0.0909090909090909,0.0284552845528455,0.294117647058824,0.0526315789473684,0.375
100,1,"nb",7,"jzi_abund",298,0,0.75,0.0285714285714286,0.101626016260163,0.0588235294117647,0.368421052631579,0.375
100,1,"nb",7,"zinb",289,9,0,0,0.00840336134453781,0.0625,0,0.125
100,1,"nb",7,"abund_lm_depth",294,4,0,0,0.065843621399177,0.0625,0.263157894736842,0.3125
20,4,"nb",7,"naive",270,0,0,0,0.0825688073394495,0.0833333333333333,0.0454545454545455,0.111111111111111
20,4,"nb",7,"depthcov",270,0,0,0,0.0137614678899083,0,0,0.0555555555555556
20,4,"nb",7,"jzi_prev",270,0,0,0,0.0412844036697248,0.0833333333333333,0,0.0555555555555556
20,4,"nb",7,"jzi_abund",270,0,0.666666666666667,0.05,0.123853211009174,0.166666666666667,0.272727272727273,0.222222222222222
20,4,"nb",7,"zinb",0,270,0,NA,NA,NA,NA,NA
20,4,"nb",7,"abund_lm_depth",217,53,0,0,0.0549450549450549,0.125,0,0
50,4,"nb",7,"naive",295,0,0,0,0.148936170212766,0.380952380952381,0.1,0.368421052631579
50,4,"nb",7,"depthcov",295,0,0,0,0.0340425531914894,0.19047619047619,0,0.0526315789473684
50,4,"nb",7,"jzi_prev",295,0,0,0,0.025531914893617,0.19047619047619,0,0.157894736842105
50,4,"nb",7,"jzi_abund",295,0,0.4,0.0769230769230769,0.102127659574468,0.0952380952380952,0.3,0.315789473684211
50,4,"nb",7,"zinb",287,8,0,0,0.0175438596491228,0.05,0,0.105263157894737
50,4,"nb",7,"abund_lm_depth",278,17,0,0,0.0495495495495495,0,0.0555555555555556,0.0555555555555556
100,4,"nb",7,"naive",300,0,0.513513513513513,0.461538461538462,0.221311475409836,0.681818181818182,0.176470588235294,0.647058823529412
100,4,"nb",7,"depthcov",300,0,0,0.0512820512820513,0.0450819672131148,0.5,0.0588235294117647,0.352941176470588
100,4,"nb",7,"jzi_prev",300,0,0,0.282051282051282,0.0163934426229508,0.545454545454545,0,0.470588235294118
100,4,"nb",7,"jzi_abund",300,0,0.266666666666667,0.323529411764706,0.0655737704918033,0.181818181818182,0.823529411764706,0.352941176470588
100,4,"nb",7,"zinb",287,13,0,0.105263157894737,0.0128755364806867,0.181818181818182,0,0.3125
100,4,"nb",7,"abund_lm_depth",296,4,0,0,0.024896265560166,0.136363636363636,0.352941176470588,0.25
20,1,"nb_pure",7,"naive",256,0,0,0,0.0238095238095238,0.285714285714286,0.0434782608695652,0.111111111111111
20,1,"nb_pure",7,"depthcov",256,0,0,0,0.0238095238095238,0.285714285714286,0.0434782608695652,0.111111111111111
20,1,"nb_pure",7,"jzi_prev",256,0,0,0,0.0333333333333333,0.214285714285714,0.0434782608695652,0.111111111111111
20,1,"nb_pure",7,"jzi_abund",256,0,0.5,0.125,0.104761904761905,0,0.260869565217391,0.444444444444444
20,1,"nb_pure",7,"zinb",0,256,0,NA,NA,NA,NA,NA
20,1,"nb_pure",7,"abund_lm_depth",196,60,0.5,0.0434782608695652,0.062111801242236,0,0.1875,0.428571428571429
50,1,"nb_pure",7,"naive",283,0,0,0,0.0130434782608696,0.25,0.266666666666667,0.333333333333333
50,1,"nb_pure",7,"depthcov",283,0,0,0,0.0130434782608696,0.25,0.2,0.333333333333333
50,1,"nb_pure",7,"jzi_prev",283,0,0,0,0.0217391304347826,0.2,0.0666666666666667,0.222222222222222
50,1,"nb_pure",7,"jzi_abund",283,0,0.0833333333333333,0.333333333333333,0.0608695652173913,0.05,0.666666666666667,0.388888888888889
50,1,"nb_pure",7,"zinb",272,11,0,0,0.018018018018018,0.105263157894737,0.0666666666666667,0.0625
50,1,"nb_pure",7,"abund_lm_depth",257,26,0,0.103448275862069,0.0428571428571429,0,0.538461538461538,0.375
100,1,"nb_pure",7,"naive",295,0,0,0.170212765957447,0.0256410256410256,0.625,0.214285714285714,0.521739130434783
100,1,"nb_pure",7,"depthcov",295,0,0,0.234042553191489,0.0256410256410256,0.625,0.214285714285714,0.521739130434783
100,1,"nb_pure",7,"jzi_prev",295,0,0,0.148936170212766,0.0213675213675214,0.5,0,0.521739130434783
100,1,"nb_pure",7,"jzi_abund",295,0,0.0526315789473684,0.486486486486487,0.0854700854700855,0.0833333333333333,0.714285714285714,0.695652173913043
100,1,"nb_pure",7,"zinb",291,4,0,0.0851063829787234,0.012987012987013,0.333333333333333,0,0.478260869565217
100,1,"nb_pure",7,"abund_lm_depth",284,11,0,0.485714285714286,0.0755555555555556,0.0833333333333333,0.666666666666667,0.652173913043478
20,4,"nb_pure",7,"naive",269,0,0,0,0.0375586854460094,0.117647058823529,0.0357142857142857,0.363636363636364
20,4,"nb_pure",7,"depthcov",269,0,0,0,0.0234741784037559,0,0.0714285714285714,0.0909090909090909
20,4,"nb_pure",7,"jzi_prev",268,1,0,0,0.0330188679245283,0.176470588235294,0,0.272727272727273
20,4,"nb_pure",7,"jzi_abund",269,0,0.1875,0.333333333333333,0.0845070422535211,0.117647058823529,0.75,0.181818181818182
20,4,"nb_pure",7,"zinb",0,269,0,NA,NA,NA,NA,NA
20,4,"nb_pure",7,"abund_lm_depth",220,49,0,0,0.0454545454545455,0,0.304347826086957,0.1
50,4,"nb_pure",7,"naive",297,0,0.777777777777778,0.0625,0.203187250996016,0.307692307692308,0.142857142857143,0.421052631578947
50,4,"nb_pure",7,"depthcov",297,0,0,0,0.0438247011952191,0.230769230769231,0,0.105263157894737
50,4,"nb_pure",7,"jzi_prev",297,0,0,0.03125,0.0358565737051793,0.230769230769231,0.0714285714285714,0.368421052631579
50,4,"nb_pure",7,"jzi_abund",297,0,0.0952380952380952,0.575757575757576,0.0717131474103586,0,0.642857142857143,0.736842105263158
50,4,"nb_pure",7,"zinb",295,2,0,0,0.024,0.153846153846154,0.0714285714285714,0.333333333333333
50,4,"nb_pure",7,"abund_lm_depth",284,13,0,0,0.0661157024793388,0,0.166666666666667,0.105263157894737
100,4,"nb_pure",7,"naive",299,0,0.707692307692308,0.558823529411765,0.315573770491803,0.8,0.142857142857143,0.714285714285714
100,4,"nb_pure",7,"depthcov",299,0,0,0.0882352941176471,0.0491803278688525,0.5,0.238095238095238,0.214285714285714
100,4,"nb_pure",7,"jzi_prev",299,0,0.0769230769230769,0.352941176470588,0.0655737704918033,0.8,0,0.428571428571429
100,4,"nb_pure",7,"jzi_abund",299,0,0.0476190476190476,0.571428571428571,0.040983606557377,0,0.761904761904762,0.642857142857143
100,4,"nb_pure",7,"zinb",296,3,0,0.264705882352941,0.037344398340249,0.65,0,0.428571428571429
100,4,"nb_pure",7,"abund_lm_depth",297,2,0,0.0285714285714286,0.0454545454545455,0.05,0.428571428571429,0.357142857142857
20,1,"poisson",8,"naive",260,0,0,0,0.0233644859813084,0.111111111111111,0,0.125
20,1,"poisson",8,"depthcov",260,0,0,0,0.0233644859813084,0.111111111111111,0,0
20,1,"poisson",8,"jzi_prev",260,0,0,0,0.0327102803738318,0.0555555555555556,0.05,0
20,1,"poisson",8,"jzi_abund",260,0,0.583333333333333,0.178571428571429,0.177570093457944,0.0555555555555556,0.45,0.5
20,1,"poisson",8,"zinb",0,260,0,NA,NA,NA,NA,NA
20,1,"poisson",8,"abund_lm_depth",222,38,0.333333333333333,0.0869565217391304,0.0591397849462366,0.0769230769230769,0.1875,0.428571428571429
50,1,"poisson",8,"naive",291,0,0,0,0.0401785714285714,0.366666666666667,0.105263157894737,0.388888888888889
50,1,"poisson",8,"depthcov",291,0,0,0,0.0446428571428571,0.333333333333333,0.105263157894737,0.333333333333333
50,1,"poisson",8,"jzi_prev",291,0,0,0.0625,0.0133928571428571,0.333333333333333,0.0526315789473684,0.333333333333333
50,1,"poisson",8,"jzi_abund",291,0,0.214285714285714,0.297297297297297,0.111607142857143,0.1,0.526315789473684,0.666666666666667
50,1,"poisson",8,"zinb",285,6,0,0,0.00454545454545455,0.172413793103448,0.0555555555555556,0.222222222222222
50,1,"poisson",8,"abund_lm_depth",270,21,0.111111111111111,0.235294117647059,0.0336538461538462,0.107142857142857,0.470588235294118,0.470588235294118
100,1,"poisson",8,"naive",298,0,0.0769230769230769,0.235294117647059,0.0344827586206897,0.529411764705882,0.2,0.617647058823529
100,1,"poisson",8,"depthcov",298,0,0.0769230769230769,0.235294117647059,0.0344827586206897,0.529411764705882,0.2,0.617647058823529
100,1,"poisson",8,"jzi_prev",298,0,0,0.196078431372549,0.0258620689655172,0.529411764705882,0.133333333333333,0.441176470588235
100,1,"poisson",8,"jzi_abund",298,0,0.142857142857143,0.36734693877551,0.0818965517241379,0,0.533333333333333,0.647058823529412
100,1,"poisson",8,"zinb",295,3,0,0.1,0.00434782608695652,0.25,0.133333333333333,0.352941176470588
100,1,"poisson",8,"abund_lm_depth",290,8,0.117647058823529,0.306122448979592,0.0398230088495575,0,0.4,0.617647058823529
20,4,"poisson",8,"naive",278,0,0,0,0.026431718061674,0.157894736842105,0,0.153846153846154
20,4,"poisson",8,"depthcov",278,0,0,0,0.0220264317180617,0,0,0
20,4,"poisson",8,"jzi_prev",278,0,0,0,0.0176211453744493,0.105263157894737,0,0.153846153846154
20,4,"poisson",8,"jzi_abund",278,0,0.777777777777778,0.0625,0.114537444933921,0.157894736842105,0.210526315789474,0.307692307692308
20,4,"poisson",8,"zinb",0,278,0,NA,NA,NA,NA,NA
20,4,"poisson",8,"abund_lm_depth",229,49,0,0,0.0638297872340425,0.125,0.133333333333333,0.1
50,4,"poisson",8,"naive",292,0,0.590909090909091,0.191489361702128,0.214285714285714,0.62962962962963,0.333333333333333,0.2
50,4,"poisson",8,"depthcov",292,0,0,0,0.0446428571428571,0.148148148148148,0.142857142857143,0.1
50,4,"poisson",8,"jzi_prev",292,0,0,0.0638297872340425,0.0267857142857143,0.333333333333333,0.0476190476190476,0.2
50,4,"poisson",8,"jzi_abund",292,0,0.333333333333333,0.24390243902439,0.09375,0.0740740740740741,0.523809523809524,0.5
50,4,"poisson",8,"zinb",281,11,0,0,0.0182648401826484,0.24,0,0.117647058823529
50,4,"poisson",8,"abund_lm_depth",273,19,0.5,0.0285714285714286,0.0422535211267606,0.08,0.3,0.133333333333333
100,4,"poisson",8,"naive",299,0,0.575,0.548387096774194,0.253218884120172,0.733333333333333,0.257142857142857,0.5625
100,4,"poisson",8,"depthcov",299,0,0,0,0.0386266094420601,0.133333333333333,0.0285714285714286,0.4375
100,4,"poisson",8,"jzi_prev",299,0,0,0.161290322580645,0.0515021459227468,0.4,0.0857142857142857,0.4375
100,4,"poisson",8,"jzi_abund",299,0,0.111111111111111,0.313725490196078,0.0858369098712446,0.0666666666666667,0.514285714285714,0.75
100,4,"poisson",8,"zinb",296,3,0,0.032258064516129,0.025974025974026,0.266666666666667,0.0294117647058824,0.375
100,4,"poisson",8,"abund_lm_depth",295,4,0,0.04,0.0216450216450216,0,0.342857142857143,0.133333333333333
20,1,"nb",8,"naive",263,0,0,0,0.0232558139534884,0.1,0,0.133333333333333
20,1,"nb",8,"depthcov",263,0,0,0,0.0232558139534884,0.1,0,0.0666666666666667
20,1,"nb",8,"jzi_prev",263,0,0,0,0.00930232558139535,0,0,0.0666666666666667
20,1,"nb",8,"jzi_abund",263,0,0.571428571428571,0.107142857142857,0.0883720930232558,0.15,0.230769230769231,0.266666666666667
20,1,"nb",8,"zinb",0,263,0,NA,NA,NA,NA,NA
20,1,"nb",8,"abund_lm_depth",196,67,0,0,0.0691823899371069,0.0555555555555556,0.1,0.222222222222222
50,1,"nb",8,"naive",296,0,0,0,0.0416666666666667,0.25,0.0952380952380952,0.266666666666667
50,1,"nb",8,"depthcov",296,0,0,0,0.0458333333333333,0.25,0.142857142857143,0.333333333333333
50,1,"nb",8,"jzi_prev",296,0,0,0,0.0416666666666667,0.1,0.0476190476190476,0.2
50,1,"nb",8,"jzi_abund",296,0,0.7,0.0833333333333333,0.133333333333333,0.1,0.238095238095238,0.333333333333333
50,1,"nb",8,"zinb",286,10,0,0,0.0169491525423729,0.0588235294117647,0,0.0666666666666667
50,1,"nb",8,"abund_lm_depth",275,21,0,0.0625,0.0884955752212389,0.117647058823529,0.176470588235294,0.266666666666667
100,1,"nb",8,"naive",299,0,0,0.235294117647059,0.0530612244897959,0.578947368421053,0.1,0.533333333333333
100,1,"nb",8,"depthcov",299,0,0,0.235294117647059,0.0571428571428571,0.578947368421053,0.1,0.533333333333333
100,1,"nb",8,"jzi_prev",299,0,0,0.323529411764706,0.0285714285714286,0.421052631578947,0.05,0.4
100,1,"nb",8,"jzi_abund",299,0,0.444444444444444,0.142857142857143,0.0489795918367347,0.0526315789473684,0.45,0.4
100,1,"nb",8,"zinb",292,7,0,0.0882352941176471,0.00836820083682008,0.263157894736842,0,0.4
100,1,"nb",8,"abund_lm_depth",294,5,0.2,0.114285714285714,0.0416666666666667,0,0.4,0.266666666666667
20,4,"nb",8,"naive",267,0,0,0,0.0746268656716418,0.352941176470588,0.0666666666666667,0
20,4,"nb",8,"depthcov",267,0,0,0,0.00995024875621891,0.0588235294117647,0,0
20,4,"nb",8,"jzi_prev",267,0,0,0,0.0447761194029851,0.294117647058824,0.0333333333333333,0.0526315789473684
20,4,"nb",8,"jzi_abund",267,0,0.7,0.0612244897959184,0.139303482587065,0.294117647058824,0.133333333333333,0.473684210526316
20,4,"nb",8,"zinb",0,267,0,NA,NA,NA,NA,NA
20,4,"nb",8,"abund_lm_depth",217,50,0,0,0.0484848484848485,0.0714285714285714,0.0833333333333333,0.142857142857143
50,4,"nb",8,"naive",297,0,0.375,0.116279069767442,0.149122807017544,0.541666666666667,0.153846153846154,0.473684210526316
50,4,"nb",8,"depthcov",297,0,0,0,0.0701754385964912,0.125,0.0384615384615385,0.105263157894737
50,4,"nb",8,"jzi_prev",297,0,1,0,0.0526315789473684,0.291666666666667,0,0.263157894736842
50,4,"nb",8,"jzi_abund",297,0,0,0.0222222222222222,0.100877192982456,0,0.461538461538462,0.263157894736842
50,4,"nb",8,"zinb",283,14,0,0,0.0136363636363636,0.227272727272727,0,0.176470588235294
50,4,"nb",8,"abund_lm_depth",282,15,0,0.025,0.0405405405405405,0,0.12,0.2
100,4,"nb",8,"naive",299,0,0.645833333333333,0.386363636363636,0.319148936170213,0.611111111111111,0.15,0.5
100,4,"nb",8,"depthcov",299,0,0,0.0227272727272727,0.025531914893617,0.111111111111111,0.1,0.269230769230769
100,4,"nb",8,"jzi_prev",299,0,0.166666666666667,0.113636363636364,0.025531914893617,0.333333333333333,0,0.423076923076923
100,4,"nb",8,"jzi_abund",299,0,0.266666666666667,0.239130434782609,0.102127659574468,0,0.45,0.538461538461538
100,4,"nb",8,"zinb",286,13,0,0.075,0.0308370044052863,0.25,0,0.291666666666667
100,4,"nb",8,"abund_lm_depth",293,6,0,0.0222222222222222,0.0474137931034483,0.1875,0.15,0.16
20,1,"nb_pure",8,"naive",254,0,0,0,0.0144927536231884,0.111111111111111,0.0952380952380952,0.294117647058824
20,1,"nb_pure",8,"depthcov",254,0,0,0,0.0241545893719807,0.111111111111111,0.0476190476190476,0.176470588235294
20,1,"nb_pure",8,"jzi_prev",254,0,0,0,0.0241545893719807,0,0,0.176470588235294
20,1,"nb_pure",8,"jzi_abund",254,0,0.3,0.184210526315789,0.111111111111111,0.111111111111111,0.428571428571429,0.117647058823529
20,1,"nb_pure",8,"zinb",0,254,0,NA,NA,NA,NA,NA
20,1,"nb_pure",8,"abund_lm_depth",193,61,1,0,0.0443037974683544,0.142857142857143,0.166666666666667,0.1
50,1,"nb_pure",8,"naive",284,0,0,0,0.0231481481481481,0.413793103448276,0.0526315789473684,0.4
50,1,"nb_pure",8,"depthcov",284,0,0,0,0.0138888888888889,0.344827586206897,0.105263157894737,0.35
50,1,"nb_pure",8,"jzi_prev",284,0,0,0.0408163265306122,0.0185185185185185,0.275862068965517,0,0.25
50,1,"nb_pure",8,"jzi_abund",284,0,0,0.282051282051282,0.0648148148148148,0.0689655172413793,0.421052631578947,0.7
50,1,"nb_pure",8,"zinb",279,5,0,0,0.00471698113207547,0.178571428571429,0,0.15
50,1,"nb_pure",8,"abund_lm_depth",266,18,0.333333333333333,0.111111111111111,0.0792079207920792,0.0714285714285714,0.470588235294118,0.578947368421053
100,1,"nb_pure",8,"naive",299,0,0.125,0.241379310344828,0.0555555555555556,0.333333333333333,0.333333333333333,0.571428571428571
100,1,"nb_pure",8,"depthcov",299,0,0.1,0.310344827586207,0.0595238095238095,0.266666666666667,0.222222222222222,0.571428571428571
100,1,"nb_pure",8,"jzi_prev",299,0,0.125,0.241379310344828,0.0515873015873016,0.4,0,0.642857142857143
100,1,"nb_pure",8,"jzi_abund",299,0,0,0.53125,0.0634920634920635,0.0666666666666667,0.722222222222222,0.785714285714286
100,1,"nb_pure",8,"zinb",296,3,0,0.107142857142857,0.032,0.2,0,0.538461538461538
100,1,"nb_pure",8,"abund_lm_depth",289,10,0.142857142857143,0.193548387096774,0.0452674897119342,0,0.611111111111111,0.692307692307692
20,4,"nb_pure",8,"naive",263,0,0,0,0.0952380952380952,0.1875,0.05,0.117647058823529
20,4,"nb_pure",8,"depthcov",263,0,0,0,0.00476190476190476,0,0,0
20,4,"nb_pure",8,"jzi_prev",263,0,0,0,0.0285714285714286,0.1875,0,0.0588235294117647
20,4,"nb_pure",8,"jzi_abund",263,0,0.333333333333333,0.216216216216216,0.0904761904761905,0.1875,0.55,0.352941176470588
20,4,"nb_pure",8,"zinb",0,263,0,NA,NA,NA,NA,NA
20,4,"nb_pure",8,"abund_lm_depth",204,59,0,0,0.0898203592814371,0.0909090909090909,0.125,0.2
50,4,"nb_pure",8,"naive",296,0,0.833333333333333,0.0810810810810811,0.266094420600858,0.357142857142857,0.153846153846154,0.521739130434783
50,4,"nb_pure",8,"depthcov",296,0,0,0,0.0472103004291846,0,0.153846153846154,0.0869565217391304
50,4,"nb_pure",8,"jzi_prev",296,0,0,0.0810810810810811,0.0515021459227468,0.142857142857143,0,0.434782608695652
50,4,"nb_pure",8,"jzi_abund",296,0,0.148148148148148,0.469387755102041,0.0729613733905579,0,0.769230769230769,0.565217391304348
50,4,"nb_pure",8,"zinb",288,8,0,0,0.0349344978165939,0.2,0,0.347826086956522
50,4,"nb_pure",8,"abund_lm_depth",286,10,0,0.0208333333333333,0.0657894736842105,0,0.08,0.173913043478261
100,4,"nb_pure",8,"naive",299,0,0.692307692307692,0.489795918367347,0.323008849557522,0.52,0.166666666666667,0.625
100,4,"nb_pure",8,"depthcov",299,0,0,0,0.0442477876106195,0.32,0.125,0.25
100,4,"nb_pure",8,"jzi_prev",299,0,0,0.285714285714286,0.0486725663716814,0.52,0,0.458333333333333
100,4,"nb_pure",8,"jzi_abund",299,0,0.0857142857142857,0.666666666666667,0.0530973451327434,0.08,0.916666666666667,0.75
100,4,"nb_pure",8,"zinb",299,0,0,0.0816326530612245,0.0265486725663717,0.36,0,0.416666666666667
100,4,"nb_pure",8,"abund_lm_depth",298,1,0,0.1875,0.0577777777777778,0.08,0.458333333333333,0.25
