"axis","template","grouping","method","arm","n_calls","spikein_calls","spikein_tested","runtime_s"
"D","mbd_stammler_spikein",1,"adapt","single",0,0,3,0.69
"D","mbd_stammler_spikein",2,"adapt","single",0,0,3,0.643000000000001
"D","mbd_stammler_spikein",3,"adapt","single",0,0,3,0.648999999999999
"D","mbd_stammler_spikein",4,"adapt","single",0,0,3,0.731000000000002
"D","mbd_stammler_spikein",5,"adapt","single",0,0,3,0.626999999999999
"D","mbd_stammler_spikein",6,"adapt","single",0,0,3,0.652000000000001
"D","mbd_stammler_spikein",7,"adapt","single",0,0,3,0.634
"D","mbd_stammler_spikein",8,"adapt","single",0,0,3,0.631999999999998
"D","mbd_stammler_spikein",9,"adapt","single",0,0,3,0.663
"D","mbd_stammler_spikein",10,"adapt","single",0,0,3,0.666
"D","mbd_stammler_spikein",11,"adapt","single",0,0,3,0.664999999999999
"D","mbd_stammler_spikein",12,"adapt","single",0,0,3,0.655999999999999
"D","mbd_stammler_spikein",13,"adapt","single",0,0,3,0.674999999999997
"D","mbd_stammler_spikein",14,"adapt","single",0,0,3,0.657000000000004
"D","mbd_stammler_spikein",15,"adapt","single",0,0,3,0.658000000000001
"D","mbd_stammler_spikein",16,"adapt","single",0,0,3,0.661999999999999
"D","mbd_stammler_spikein",17,"adapt","single",0,0,3,0.780999999999999
"D","mbd_stammler_spikein",18,"adapt","single",0,0,3,0.653999999999996
"D","mbd_stammler_spikein",19,"adapt","single",0,0,3,0.653999999999996
"D","mbd_stammler_spikein",20,"adapt","single",0,0,3,0.652000000000001
"D","mbd_stammler_spikein",21,"adapt","single",0,0,3,0.639999999999993
"D","mbd_stammler_spikein",22,"adapt","single",0,0,3,0.772999999999996
"D","mbd_stammler_spikein",23,"adapt","single",0,0,3,0.68
"D","mbd_stammler_spikein",24,"adapt","single",0,0,3,0.700999999999993
"D","mbd_stammler_spikein",25,"adapt","single",0,0,3,0.650000000000006
"D","mbd_stammler_spikein",26,"adapt","single",0,0,3,0.650999999999996
"D","mbd_stammler_spikein",27,"adapt","single",0,0,3,0.811999999999998
"D","mbd_stammler_spikein",28,"adapt","single",0,0,3,0.611000000000004
"D","mbd_stammler_spikein",29,"adapt","single",0,0,3,0.716999999999999
"D","mbd_stammler_spikein",30,"adapt","single",0,0,3,0.658000000000001
"D","mbd_stammler_spikein",31,"adapt","single",0,0,3,0.680999999999997
"D","mbd_stammler_spikein",32,"adapt","single",0,0,3,0.663000000000011
"D","mbd_stammler_spikein",33,"adapt","single",0,0,3,0.64800000000001
"D","mbd_stammler_spikein",34,"adapt","single",0,0,3,0.681999999999988
"D","mbd_stammler_spikein",35,"adapt","single",2,0,3,0.713999999999999
"D","mbd_stammler_spikein",36,"adapt","single",0,0,3,0.644000000000005
"D","mbd_stammler_spikein",37,"adapt","single",0,0,3,0.74799999999999
"D","mbd_stammler_spikein",38,"adapt","single",0,0,3,0.754000000000005
"D","mbd_stammler_spikein",39,"adapt","single",0,0,3,0.62700000000001
"D","mbd_stammler_spikein",40,"adapt","single",0,0,3,0.628
"D","mbd_stammler_spikein",41,"adapt","single",0,0,3,0.697999999999993
"D","mbd_stammler_spikein",42,"adapt","single",0,0,3,0.628
"D","mbd_stammler_spikein",43,"adapt","single",0,0,3,0.625999999999991
"D","mbd_stammler_spikein",44,"adapt","single",0,0,3,0.628
"D","mbd_stammler_spikein",45,"adapt","single",0,0,3,0.624000000000009
"D","mbd_stammler_spikein",46,"adapt","single",0,0,3,0.628
"D","mbd_stammler_spikein",47,"adapt","single",0,0,3,0.638000000000005
"D","mbd_stammler_spikein",48,"adapt","single",0,0,3,0.629000000000005
"D","mbd_stammler_spikein",49,"adapt","single",0,0,3,0.626000000000005
"D","mbd_stammler_spikein",50,"adapt","single",0,0,3,0.684999999999988
"D","mbd_stammler_spikein",1,"aldex2","single",0,0,3,11.639
"D","mbd_stammler_spikein",2,"aldex2","single",0,0,3,9.862
"D","mbd_stammler_spikein",3,"aldex2","single",0,0,3,9.596
"D","mbd_stammler_spikein",4,"aldex2","single",0,0,3,12.413
"D","mbd_stammler_spikein",5,"aldex2","single",0,0,3,9.933
"D","mbd_stammler_spikein",6,"aldex2","single",0,0,3,9.97799999999999
"D","mbd_stammler_spikein",7,"aldex2","single",0,0,3,10.617
"D","mbd_stammler_spikein",8,"aldex2","single",0,0,3,8.73399999999999
"D","mbd_stammler_spikein",9,"aldex2","single",0,0,3,8.31899999999999
"D","mbd_stammler_spikein",10,"aldex2","single",0,0,3,9.285
"D","mbd_stammler_spikein",11,"aldex2","single",0,0,3,8.39700000000002
"D","mbd_stammler_spikein",12,"aldex2","single",0,0,3,8.702
"D","mbd_stammler_spikein",13,"aldex2","single",0,0,3,8.75
"D","mbd_stammler_spikein",14,"aldex2","single",0,0,3,7.89599999999999
"D","mbd_stammler_spikein",15,"aldex2","single",0,0,3,8.05900000000003
"D","mbd_stammler_spikein",16,"aldex2","single",0,0,3,8.38899999999998
"D","mbd_stammler_spikein",17,"aldex2","single",0,0,3,8.25799999999998
"D","mbd_stammler_spikein",18,"aldex2","single",0,0,3,8.059
"D","mbd_stammler_spikein",19,"aldex2","single",0,0,3,8.816
"D","mbd_stammler_spikein",20,"aldex2","single",0,0,3,8.33099999999999
"D","mbd_stammler_spikein",21,"aldex2","single",0,0,3,8.22499999999999
"D","mbd_stammler_spikein",22,"aldex2","single",3,0,3,8.67599999999999
"D","mbd_stammler_spikein",23,"aldex2","single",0,0,3,7.68599999999998
"D","mbd_stammler_spikein",24,"aldex2","single",0,0,3,7.88799999999998
"D","mbd_stammler_spikein",25,"aldex2","single",0,0,3,8.86900000000003
"D","mbd_stammler_spikein",26,"aldex2","single",0,0,3,7.74599999999998
"D","mbd_stammler_spikein",27,"aldex2","single",0,0,3,7.79500000000002
"D","mbd_stammler_spikein",28,"aldex2","single",0,0,3,8.60599999999999
"D","mbd_stammler_spikein",29,"aldex2","single",0,0,3,7.97899999999998
"D","mbd_stammler_spikein",30,"aldex2","single",0,0,3,7.98200000000003
"D","mbd_stammler_spikein",31,"aldex2","single",0,0,3,8.70600000000002
"D","mbd_stammler_spikein",32,"aldex2","single",0,0,3,8.61900000000003
"D","mbd_stammler_spikein",33,"aldex2","single",0,0,3,8.685
"D","mbd_stammler_spikein",34,"aldex2","single",0,0,3,8.375
"D","mbd_stammler_spikein",35,"aldex2","single",0,0,3,9.65800000000002
"D","mbd_stammler_spikein",36,"aldex2","single",0,0,3,9.08499999999998
"D","mbd_stammler_spikein",37,"aldex2","single",0,0,3,8.798
"D","mbd_stammler_spikein",38,"aldex2","single",0,0,3,9.63300000000004
"D","mbd_stammler_spikein",39,"aldex2","single",0,0,3,9.23000000000002
"D","mbd_stammler_spikein",40,"aldex2","single",0,0,3,9.28000000000003
"D","mbd_stammler_spikein",41,"aldex2","single",0,0,3,8.90199999999999
"D","mbd_stammler_spikein",42,"aldex2","single",0,0,3,10.422
"D","mbd_stammler_spikein",43,"aldex2","single",0,0,3,10.009
"D","mbd_stammler_spikein",44,"aldex2","single",0,0,3,9.45299999999997
"D","mbd_stammler_spikein",45,"aldex2","single",0,0,3,11.018
"D","mbd_stammler_spikein",46,"aldex2","single",0,0,3,9.45600000000002
"D","mbd_stammler_spikein",47,"aldex2","single",0,0,3,9.995
"D","mbd_stammler_spikein",48,"aldex2","single",0,0,3,10.062
"D","mbd_stammler_spikein",49,"aldex2","single",0,0,3,9.66399999999999
"D","mbd_stammler_spikein",50,"aldex2","single",0,0,3,10.673
"D","mbd_stammler_spikein",1,"ancombc2","single",0,0,0,0.0529999999999999
"D","mbd_stammler_spikein",2,"ancombc2","single",0,0,0,0.0330000000000004
"D","mbd_stammler_spikein",3,"ancombc2","single",0,0,0,0.016
"D","mbd_stammler_spikein",4,"ancombc2","single",0,0,0,0.0129999999999999
"D","mbd_stammler_spikein",5,"ancombc2","single",0,0,0,0.0140000000000011
"D","mbd_stammler_spikein",6,"ancombc2","single",0,0,0,0.0129999999999999
"D","mbd_stammler_spikein",7,"ancombc2","single",0,0,0,0.0129999999999999
"D","mbd_stammler_spikein",8,"ancombc2","single",0,0,0,0.0140000000000011
"D","mbd_stammler_spikein",9,"ancombc2","single",0,0,0,0.0129999999999999
"D","mbd_stammler_spikein",10,"ancombc2","single",0,0,0,0.016
"D","mbd_stammler_spikein",11,"ancombc2","single",0,0,0,0.0140000000000029
"D","mbd_stammler_spikein",12,"ancombc2","single",0,0,0,0.0130000000000017
"D","mbd_stammler_spikein",13,"ancombc2","single",0,0,0,0.0159999999999982
"D","mbd_stammler_spikein",14,"ancombc2","single",0,0,0,0.0139999999999993
"D","mbd_stammler_spikein",15,"ancombc2","single",0,0,0,0.0139999999999993
"D","mbd_stammler_spikein",16,"ancombc2","single",0,0,0,0.0150000000000006
"D","mbd_stammler_spikein",17,"ancombc2","single",0,0,0,0.0139999999999993
"D","mbd_stammler_spikein",18,"ancombc2","single",0,0,0,0.0130000000000017
"D","mbd_stammler_spikein",19,"ancombc2","single",0,0,0,0.0119999999999969
"D","mbd_stammler_spikein",20,"ancombc2","single",0,0,0,0.0129999999999981
"D","mbd_stammler_spikein",21,"ancombc2","single",0,0,0,0.0129999999999981
"D","mbd_stammler_spikein",22,"ancombc2","single",0,0,0,0.0150000000000006
"D","mbd_stammler_spikein",23,"ancombc2","single",0,0,0,0.0140000000000029
"D","mbd_stammler_spikein",24,"ancombc2","single",0,0,0,0.0140000000000029
"D","mbd_stammler_spikein",25,"ancombc2","single",0,0,0,0.0139999999999993
"D","mbd_stammler_spikein",26,"ancombc2","single",0,0,0,0.0149999999999935
"D","mbd_stammler_spikein",27,"ancombc2","single",0,0,0,0.0150000000000006
"D","mbd_stammler_spikein",28,"ancombc2","single",0,0,0,0.0139999999999958
"D","mbd_stammler_spikein",29,"ancombc2","single",0,0,0,0.0129999999999981
"D","mbd_stammler_spikein",30,"ancombc2","single",0,0,0,0.0140000000000029
"D","mbd_stammler_spikein",31,"ancombc2","single",0,0,0,0.0140000000000029
"D","mbd_stammler_spikein",32,"ancombc2","single",0,0,0,0.0150000000000006
"D","mbd_stammler_spikein",33,"ancombc2","single",0,0,0,0.0129999999999981
"D","mbd_stammler_spikein",34,"ancombc2","single",0,0,0,0.0130000000000052
"D","mbd_stammler_spikein",35,"ancombc2","single",0,0,0,0.0150000000000006
"D","mbd_stammler_spikein",36,"ancombc2","single",0,0,0,0.0150000000000006
"D","mbd_stammler_spikein",37,"ancombc2","single",0,0,0,0.0140000000000029
"D","mbd_stammler_spikein",38,"ancombc2","single",0,0,0,0.0140000000000029
"D","mbd_stammler_spikein",39,"ancombc2","single",0,0,0,0.0140000000000029
"D","mbd_stammler_spikein",40,"ancombc2","single",0,0,0,0.0140000000000029
"D","mbd_stammler_spikein",41,"ancombc2","single",0,0,0,0.0149999999999935
"D","mbd_stammler_spikein",42,"ancombc2","single",0,0,0,0.0150000000000006
"D","mbd_stammler_spikein",43,"ancombc2","single",0,0,0,0.0139999999999958
"D","mbd_stammler_spikein",44,"ancombc2","single",0,0,0,0.0150000000000006
"D","mbd_stammler_spikein",45,"ancombc2","single",0,0,0,0.0139999999999958
"D","mbd_stammler_spikein",46,"ancombc2","single",0,0,0,0.0140000000000029
"D","mbd_stammler_spikein",47,"ancombc2","single",0,0,0,0.0129999999999981
"D","mbd_stammler_spikein",48,"ancombc2","single",0,0,0,0.0150000000000006
"D","mbd_stammler_spikein",49,"ancombc2","single",0,0,0,0.0150000000000006
"D","mbd_stammler_spikein",50,"ancombc2","single",0,0,0,0.0140000000000029
"D","mbd_stammler_spikein",1,"corncob","single",2,0,3,22.824
"D","mbd_stammler_spikein",2,"corncob","single",2,0,3,19.861
"D","mbd_stammler_spikein",3,"corncob","single",31,1,3,20.106
"D","mbd_stammler_spikein",4,"corncob","single",40,0,3,20.667
"D","mbd_stammler_spikein",5,"corncob","single",32,0,3,20.701
"D","mbd_stammler_spikein",6,"corncob","single",5,0,3,21.294
"D","mbd_stammler_spikein",7,"corncob","single",29,0,3,22.527
"D","mbd_stammler_spikein",8,"corncob","single",33,0,3,21.491
"D","mbd_stammler_spikein",9,"corncob","single",27,0,3,22.891
"D","mbd_stammler_spikein",10,"corncob","single",18,0,3,21.512
"D","mbd_stammler_spikein",11,"corncob","single",5,0,3,22.041
"D","mbd_stammler_spikein",12,"corncob","single",23,0,3,23.378
"D","mbd_stammler_spikein",13,"corncob","single",4,0,3,24.159
"D","mbd_stammler_spikein",14,"corncob","single",12,0,3,27.163
"D","mbd_stammler_spikein",15,"corncob","single",28,0,3,27.658
"D","mbd_stammler_spikein",16,"corncob","single",14,0,3,26.858
"D","mbd_stammler_spikein",17,"corncob","single",27,0,3,26.647
"D","mbd_stammler_spikein",18,"corncob","single",9,0,3,24.304
"D","mbd_stammler_spikein",19,"corncob","single",24,0,3,23.417
"D","mbd_stammler_spikein",20,"corncob","single",9,0,3,23.4930000000001
"D","mbd_stammler_spikein",21,"corncob","single",6,0,3,22.739
"D","mbd_stammler_spikein",22,"corncob","single",55,0,3,21.427
"D","mbd_stammler_spikein",23,"corncob","single",12,0,3,20.24
"D","mbd_stammler_spikein",24,"corncob","single",52,0,3,21.652
"D","mbd_stammler_spikein",25,"corncob","single",43,0,3,20.64
"D","mbd_stammler_spikein",26,"corncob","single",1,0,3,20.5150000000001
"D","mbd_stammler_spikein",27,"corncob","single",64,0,3,24.604
"D","mbd_stammler_spikein",28,"corncob","single",15,0,3,22.687
"D","mbd_stammler_spikein",29,"corncob","single",31,0,3,21.1849999999999
"D","mbd_stammler_spikein",30,"corncob","single",21,0,3,21.0070000000001
"D","mbd_stammler_spikein",31,"corncob","single",4,0,3,21.168
"D","mbd_stammler_spikein",32,"corncob","single",30,0,3,20.8860000000001
"D","mbd_stammler_spikein",33,"corncob","single",47,0,3,20.193
"D","mbd_stammler_spikein",34,"corncob","single",38,0,3,21.124
"D","mbd_stammler_spikein",35,"corncob","single",32,0,3,21.544
"D","mbd_stammler_spikein",36,"corncob","single",9,0,3,21.039
"D","mbd_stammler_spikein",37,"corncob","single",31,0,3,21.163
"D","mbd_stammler_spikein",38,"corncob","single",30,0,3,21.694
"D","mbd_stammler_spikein",39,"corncob","single",17,0,3,22.538
"D","mbd_stammler_spikein",40,"corncob","single",8,0,3,21.4549999999999
"D","mbd_stammler_spikein",41,"corncob","single",43,0,3,20.924
"D","mbd_stammler_spikein",42,"corncob","single",42,0,3,20.072
"D","mbd_stammler_spikein",43,"corncob","single",2,0,3,19.944
"D","mbd_stammler_spikein",44,"corncob","single",27,0,3,22.0650000000001
"D","mbd_stammler_spikein",45,"corncob","single",25,0,3,21.189
"D","mbd_stammler_spikein",46,"corncob","single",23,0,3,21.1990000000001
"D","mbd_stammler_spikein",47,"corncob","single",29,0,3,20.694
"D","mbd_stammler_spikein",48,"corncob","single",34,0,3,20.557
"D","mbd_stammler_spikein",49,"corncob","single",10,0,3,21.2329999999999
"D","mbd_stammler_spikein",50,"corncob","single",50,0,3,21.3499999999999
"D","mbd_stammler_spikein",1,"fastancom","single",0,0,3,0.07
"D","mbd_stammler_spikein",2,"fastancom","single",0,0,3,0.048
"D","mbd_stammler_spikein",3,"fastancom","single",0,0,3,0.0349999999999999
"D","mbd_stammler_spikein",4,"fastancom","single",0,0,3,0.036
"D","mbd_stammler_spikein",5,"fastancom","single",0,0,3,0.0349999999999999
"D","mbd_stammler_spikein",6,"fastancom","single",0,0,3,0.0390000000000001
"D","mbd_stammler_spikein",7,"fastancom","single",0,0,3,0.0379999999999998
"D","mbd_stammler_spikein",8,"fastancom","single",0,0,3,0.038
"D","mbd_stammler_spikein",9,"fastancom","single",0,0,3,0.0369999999999999
"D","mbd_stammler_spikein",10,"fastancom","single",0,0,3,0.036
"D","mbd_stammler_spikein",11,"fastancom","single",0,0,3,0.0350000000000001
"D","mbd_stammler_spikein",12,"fastancom","single",0,0,3,0.0369999999999999
"D","mbd_stammler_spikein",13,"fastancom","single",0,0,3,0.036
"D","mbd_stammler_spikein",14,"fastancom","single",0,0,3,0.036
"D","mbd_stammler_spikein",15,"fastancom","single",0,0,3,0.0369999999999999
"D","mbd_stammler_spikein",16,"fastancom","single",0,0,3,0.0369999999999999
"D","mbd_stammler_spikein",17,"fastancom","single",0,0,3,0.0379999999999998
"D","mbd_stammler_spikein",18,"fastancom","single",0,0,3,0.036
"D","mbd_stammler_spikein",19,"fastancom","single",0,0,3,0.0369999999999999
"D","mbd_stammler_spikein",20,"fastancom","single",0,0,3,0.0350000000000001
"D","mbd_stammler_spikein",21,"fastancom","single",0,0,3,0.0369999999999999
"D","mbd_stammler_spikein",22,"fastancom","single",0,0,3,0.0380000000000003
"D","mbd_stammler_spikein",23,"fastancom","single",0,0,3,0.0359999999999996
"D","mbd_stammler_spikein",24,"fastancom","single",0,0,3,0.0379999999999994
"D","mbd_stammler_spikein",25,"fastancom","single",0,0,3,0.0350000000000001
"D","mbd_stammler_spikein",26,"fastancom","single",0,0,3,0.0360000000000005
"D","mbd_stammler_spikein",27,"fastancom","single",0,0,3,0.0350000000000001
"D","mbd_stammler_spikein",28,"fastancom","single",0,0,3,0.0369999999999999
"D","mbd_stammler_spikein",29,"fastancom","single",0,0,3,0.0350000000000001
"D","mbd_stammler_spikein",30,"fastancom","single",0,0,3,0.0339999999999998
"D","mbd_stammler_spikein",31,"fastancom","single",0,0,3,0.0360000000000005
"D","mbd_stammler_spikein",32,"fastancom","single",0,0,3,0.0369999999999999
"D","mbd_stammler_spikein",33,"fastancom","single",0,0,3,0.0360000000000005
"D","mbd_stammler_spikein",34,"fastancom","single",0,0,3,0.0350000000000001
"D","mbd_stammler_spikein",35,"fastancom","single",0,0,3,0.0339999999999998
"D","mbd_stammler_spikein",36,"fastancom","single",0,0,3,0.0359999999999996
"D","mbd_stammler_spikein",37,"fastancom","single",0,0,3,0.0369999999999999
"D","mbd_stammler_spikein",38,"fastancom","single",0,0,3,0.0350000000000001
"D","mbd_stammler_spikein",39,"fastancom","single",0,0,3,0.0349999999999993
"D","mbd_stammler_spikein",40,"fastancom","single",0,0,3,0.0359999999999996
"D","mbd_stammler_spikein",41,"fastancom","single",0,0,3,0.0369999999999999
"D","mbd_stammler_spikein",42,"fastancom","single",0,0,3,0.0359999999999996
"D","mbd_stammler_spikein",43,"fastancom","single",0,0,3,0.0369999999999999
"D","mbd_stammler_spikein",44,"fastancom","single",0,0,3,0.0359999999999996
"D","mbd_stammler_spikein",45,"fastancom","single",0,0,3,0.0359999999999996
"D","mbd_stammler_spikein",46,"fastancom","single",0,0,3,0.0359999999999996
"D","mbd_stammler_spikein",47,"fastancom","single",0,0,3,0.0359999999999996
"D","mbd_stammler_spikein",48,"fastancom","single",0,0,3,0.0359999999999996
"D","mbd_stammler_spikein",49,"fastancom","single",0,0,3,0.0370000000000008
"D","mbd_stammler_spikein",50,"fastancom","single",0,0,3,0.036999999999999
"D","mbd_stammler_spikein",1,"fastemu","single",0,0,3,2462.029
"D","mbd_stammler_spikein",2,"fastemu","single",0,0,3,1848.346
"D","mbd_stammler_spikein",3,"fastemu","single",0,0,3,3454.348
"D","mbd_stammler_spikein",4,"fastemu","single",0,0,3,8301.799
"D","mbd_stammler_spikein",5,"fastemu","single",0,0,3,1893.097
"D","mbd_stammler_spikein",6,"fastemu","single",0,0,3,4988.6
"D","mbd_stammler_spikein",7,"fastemu","single",0,0,3,1259.947
"D","mbd_stammler_spikein",8,"fastemu","single",0,0,3,1698.469
"D","mbd_stammler_spikein",9,"fastemu","single",0,0,3,5592.117
"D","mbd_stammler_spikein",10,"fastemu","single",0,0,3,12731.67
"D","mbd_stammler_spikein",11,"fastemu","single",0,0,3,4936.221
"D","mbd_stammler_spikein",12,"fastemu","single",0,0,3,2332.882
"D","mbd_stammler_spikein",13,"fastemu","single",0,0,3,6205.183
"D","mbd_stammler_spikein",14,"fastemu","single",0,0,3,1540.518
"D","mbd_stammler_spikein",15,"fastemu","single",0,0,3,1856.476
"D","mbd_stammler_spikein",16,"fastemu","single",0,0,3,3306.321
"D","mbd_stammler_spikein",17,"fastemu","single",0,0,3,2010.63299999999
"D","mbd_stammler_spikein",18,"fastemu","single",0,0,3,8144.46400000001
"D","mbd_stammler_spikein",19,"fastemu","single",0,0,3,1629.64999999999
"D","mbd_stammler_spikein",20,"fastemu","single",0,0,3,2224.70400000001
"D","mbd_stammler_spikein",21,"fastemu","single",0,0,3,2231.507
"D","mbd_stammler_spikein",22,"fastemu","single",0,0,3,7700.95699999999
"D","mbd_stammler_spikein",23,"fastemu","single",0,0,3,1329.462
"D","mbd_stammler_spikein",24,"fastemu","single",0,0,3,1356.52500000001
"D","mbd_stammler_spikein",25,"fastemu","single",0,0,3,1337.489
"D","mbd_stammler_spikein",26,"fastemu","single",0,0,3,1502.739
"D","mbd_stammler_spikein",27,"fastemu","single",0,0,3,1307.606
"D","mbd_stammler_spikein",28,"fastemu","single",0,0,3,1286.442
"D","mbd_stammler_spikein",29,"fastemu","single",0,0,3,983.972000000009
"D","mbd_stammler_spikein",30,"fastemu","single",0,0,3,2255.713
"D","mbd_stammler_spikein",31,"fastemu","single",0,0,3,3299.34
"D","mbd_stammler_spikein",32,"fastemu","single",0,0,3,8226.607
"D","mbd_stammler_spikein",33,"fastemu","single",0,0,3,1170.018
"D","mbd_stammler_spikein",34,"fastemu","single",0,0,3,2453.13099999999
"D","mbd_stammler_spikein",35,"fastemu","single",0,0,3,3288.554
"D","mbd_stammler_spikein",36,"fastemu","single",0,0,3,1013.22500000001
"D","mbd_stammler_spikein",37,"fastemu","single",0,0,3,1522.48
"D","mbd_stammler_spikein",38,"fastemu","single",0,0,3,2103.039
"D","mbd_stammler_spikein",39,"fastemu","single",0,0,3,1540.15399999999
"D","mbd_stammler_spikein",40,"fastemu","single",0,0,3,1532.22200000001
"D","mbd_stammler_spikein",41,"fastemu","single",0,0,3,1260.632
"D","mbd_stammler_spikein",42,"fastemu","single",0,0,3,2680.031
"D","mbd_stammler_spikein",43,"fastemu","single",0,0,3,5622.40599999999
"D","mbd_stammler_spikein",44,"fastemu","single",0,0,3,1300.652
"D","mbd_stammler_spikein",45,"fastemu","single",0,0,3,8040.932
"D","mbd_stammler_spikein",46,"fastemu","single",0,0,3,7370.82000000001
"D","mbd_stammler_spikein",47,"fastemu","single",0,0,3,1175.23999999999
"D","mbd_stammler_spikein",48,"fastemu","single",0,0,3,8610.09899999999
"D","mbd_stammler_spikein",49,"fastemu","single",0,0,3,2145.20499999999
"D","mbd_stammler_spikein",50,"fastemu","single",0,0,3,2696.63399999999
"D","mbd_stammler_spikein",1,"ldm","single",0,0,3,5.549
"D","mbd_stammler_spikein",2,"ldm","single",0,0,3,4.705
"D","mbd_stammler_spikein",3,"ldm","single",0,0,3,8.057
"D","mbd_stammler_spikein",4,"ldm","single",0,0,3,3.891
"D","mbd_stammler_spikein",5,"ldm","single",0,0,3,5.507
"D","mbd_stammler_spikein",6,"ldm","single",0,0,3,3.868
"D","mbd_stammler_spikein",7,"ldm","single",0,0,3,3.901
"D","mbd_stammler_spikein",8,"ldm","single",0,0,3,5.599
"D","mbd_stammler_spikein",9,"ldm","single",0,0,3,5.961
"D","mbd_stammler_spikein",10,"ldm","single",0,0,3,5.61300000000001
"D","mbd_stammler_spikein",11,"ldm","single",0,0,3,3.556
"D","mbd_stammler_spikein",12,"ldm","single",0,0,3,3.614
"D","mbd_stammler_spikein",13,"ldm","single",0,0,3,5.636
"D","mbd_stammler_spikein",14,"ldm","single",0,0,3,2.95399999999999
"D","mbd_stammler_spikein",15,"ldm","single",0,0,3,6.44200000000001
"D","mbd_stammler_spikein",16,"ldm","single",0,0,3,4.319
"D","mbd_stammler_spikein",17,"ldm","single",0,0,3,7.30600000000001
"D","mbd_stammler_spikein",18,"ldm","single",0,0,3,5.345
"D","mbd_stammler_spikein",19,"ldm","single",0,0,3,6.07000000000001
"D","mbd_stammler_spikein",20,"ldm","single",0,0,3,5.279
"D","mbd_stammler_spikein",21,"ldm","single",0,0,3,3.661
"D","mbd_stammler_spikein",22,"ldm","single",0,0,3,6.75500000000002
"D","mbd_stammler_spikein",23,"ldm","single",0,0,3,5.31700000000001
"D","mbd_stammler_spikein",24,"ldm","single",0,0,3,8.77199999999999
"D","mbd_stammler_spikein",25,"ldm","single",0,0,3,5.041
"D","mbd_stammler_spikein",26,"ldm","single",0,0,3,3.27099999999999
"D","mbd_stammler_spikein",27,"ldm","single",0,0,3,9.56100000000001
"D","mbd_stammler_spikein",28,"ldm","single",0,0,3,5.08000000000001
"D","mbd_stammler_spikein",29,"ldm","single",0,0,3,4.87100000000001
"D","mbd_stammler_spikein",30,"ldm","single",0,0,3,5.64400000000001
"D","mbd_stammler_spikein",31,"ldm","single",0,0,3,5.16800000000001
"D","mbd_stammler_spikein",32,"ldm","single",0,0,3,3.72399999999999
"D","mbd_stammler_spikein",33,"ldm","single",0,0,3,6.63
"D","mbd_stammler_spikein",34,"ldm","single",0,0,3,6.542
"D","mbd_stammler_spikein",35,"ldm","single",1,0,3,6.80100000000002
"D","mbd_stammler_spikein",36,"ldm","single",0,0,3,5.20400000000001
"D","mbd_stammler_spikein",37,"ldm","single",0,0,3,9.31299999999999
"D","mbd_stammler_spikein",38,"ldm","single",0,0,3,6.102
"D","mbd_stammler_spikein",39,"ldm","single",0,0,3,6.50600000000003
"D","mbd_stammler_spikein",40,"ldm","single",0,0,3,5.28399999999999
"D","mbd_stammler_spikein",41,"ldm","single",0,0,3,26.728
"D","mbd_stammler_spikein",42,"ldm","single",0,0,3,3.32400000000001
"D","mbd_stammler_spikein",43,"ldm","single",0,0,3,3.78300000000002
"D","mbd_stammler_spikein",44,"ldm","single",0,0,3,6.11200000000002
"D","mbd_stammler_spikein",45,"ldm","single",0,0,3,5.17099999999999
"D","mbd_stammler_spikein",46,"ldm","single",0,0,3,3.23600000000005
"D","mbd_stammler_spikein",47,"ldm","single",0,0,3,3.22899999999998
"D","mbd_stammler_spikein",48,"ldm","single",0,0,3,5.32499999999999
"D","mbd_stammler_spikein",49,"ldm","single",0,0,3,3.22500000000002
"D","mbd_stammler_spikein",50,"ldm","single",0,0,3,9.262
"D","mbd_stammler_spikein",1,"limma_logtss","single",0,0,3,0.0640000000000001
"D","mbd_stammler_spikein",2,"limma_logtss","single",0,0,3,0.015
"D","mbd_stammler_spikein",3,"limma_logtss","single",0,0,3,0.01
"D","mbd_stammler_spikein",4,"limma_logtss","single",0,0,3,0.01
"D","mbd_stammler_spikein",5,"limma_logtss","single",0,0,3,0.00900000000000012
"D","mbd_stammler_spikein",6,"limma_logtss","single",0,0,3,0.01
"D","mbd_stammler_spikein",7,"limma_logtss","single",0,0,3,0.00999999999999979
"D","mbd_stammler_spikein",8,"limma_logtss","single",0,0,3,0.01
"D","mbd_stammler_spikein",9,"limma_logtss","single",0,0,3,0.00999999999999979
"D","mbd_stammler_spikein",10,"limma_logtss","single",0,0,3,0.00999999999999979
"D","mbd_stammler_spikein",11,"limma_logtss","single",0,0,3,0.0100000000000002
"D","mbd_stammler_spikein",12,"limma_logtss","single",0,0,3,0.0089999999999999
"D","mbd_stammler_spikein",13,"limma_logtss","single",0,0,3,0.00999999999999979
"D","mbd_stammler_spikein",14,"limma_logtss","single",0,0,3,0.0100000000000002
"D","mbd_stammler_spikein",15,"limma_logtss","single",0,0,3,0.0110000000000001
"D","mbd_stammler_spikein",16,"limma_logtss","single",0,0,3,0.0100000000000002
"D","mbd_stammler_spikein",17,"limma_logtss","single",0,0,3,0.0110000000000001
"D","mbd_stammler_spikein",18,"limma_logtss","single",0,0,3,0.012
"D","mbd_stammler_spikein",19,"limma_logtss","single",0,0,3,0.0110000000000001
"D","mbd_stammler_spikein",20,"limma_logtss","single",0,0,3,0.0100000000000002
"D","mbd_stammler_spikein",21,"limma_logtss","single",0,0,3,0.00999999999999979
"D","mbd_stammler_spikein",22,"limma_logtss","single",0,0,3,0.0100000000000007
"D","mbd_stammler_spikein",23,"limma_logtss","single",0,0,3,0.0100000000000007
"D","mbd_stammler_spikein",24,"limma_logtss","single",0,0,3,0.0110000000000001
"D","mbd_stammler_spikein",25,"limma_logtss","single",0,0,3,0.0100000000000007
"D","mbd_stammler_spikein",26,"limma_logtss","single",0,0,3,0.00999999999999979
"D","mbd_stammler_spikein",27,"limma_logtss","single",0,0,3,0.0110000000000001
"D","mbd_stammler_spikein",28,"limma_logtss","single",0,0,3,0.00999999999999979
"D","mbd_stammler_spikein",29,"limma_logtss","single",0,0,3,0.00999999999999979
"D","mbd_stammler_spikein",30,"limma_logtss","single",0,0,3,0.00999999999999979
"D","mbd_stammler_spikein",31,"limma_logtss","single",0,0,3,0.00999999999999979
"D","mbd_stammler_spikein",32,"limma_logtss","single",0,0,3,0.00999999999999979
"D","mbd_stammler_spikein",33,"limma_logtss","single",0,0,3,0.0119999999999996
"D","mbd_stammler_spikein",34,"limma_logtss","single",0,0,3,0.0100000000000007
"D","mbd_stammler_spikein",35,"limma_logtss","single",0,0,3,0.0109999999999992
"D","mbd_stammler_spikein",36,"limma_logtss","single",0,0,3,0.00999999999999979
"D","mbd_stammler_spikein",37,"limma_logtss","single",0,0,3,0.00999999999999979
"D","mbd_stammler_spikein",38,"limma_logtss","single",0,0,3,0.00900000000000034
"D","mbd_stammler_spikein",39,"limma_logtss","single",0,0,3,0.00899999999999945
"D","mbd_stammler_spikein",40,"limma_logtss","single",0,0,3,0.0100000000000007
"D","mbd_stammler_spikein",41,"limma_logtss","single",0,0,3,0.0110000000000001
"D","mbd_stammler_spikein",42,"limma_logtss","single",0,0,3,0.00999999999999979
"D","mbd_stammler_spikein",43,"limma_logtss","single",0,0,3,0.00999999999999979
"D","mbd_stammler_spikein",44,"limma_logtss","single",0,0,3,0.00999999999999979
"D","mbd_stammler_spikein",45,"limma_logtss","single",0,0,3,0.0100000000000007
"D","mbd_stammler_spikein",46,"limma_logtss","single",0,0,3,0.00999999999999979
"D","mbd_stammler_spikein",47,"limma_logtss","single",0,0,3,0.00999999999999979
"D","mbd_stammler_spikein",48,"limma_logtss","single",0,0,3,0.00999999999999979
"D","mbd_stammler_spikein",49,"limma_logtss","single",0,0,3,0.00900000000000034
"D","mbd_stammler_spikein",50,"limma_logtss","single",0,0,3,0.00999999999999979
"D","mbd_stammler_spikein",1,"linda","single",0,0,3,0.426
"D","mbd_stammler_spikein",2,"linda","single",0,0,3,0.433
"D","mbd_stammler_spikein",3,"linda","single",0,0,3,0.367
"D","mbd_stammler_spikein",4,"linda","single",0,0,3,0.361000000000001
"D","mbd_stammler_spikein",5,"linda","single",0,0,3,0.375
"D","mbd_stammler_spikein",6,"linda","single",0,0,3,0.364000000000001
"D","mbd_stammler_spikein",7,"linda","single",0,0,3,0.388
"D","mbd_stammler_spikein",8,"linda","single",0,0,3,0.801
"D","mbd_stammler_spikein",9,"linda","single",0,0,3,0.399000000000001
"D","mbd_stammler_spikein",10,"linda","single",0,0,3,0.347999999999999
"D","mbd_stammler_spikein",11,"linda","single",0,0,3,0.327999999999999
"D","mbd_stammler_spikein",12,"linda","single",0,0,3,0.402000000000001
"D","mbd_stammler_spikein",13,"linda","single",0,0,3,0.337999999999997
"D","mbd_stammler_spikein",14,"linda","single",0,0,3,0.337
"D","mbd_stammler_spikein",15,"linda","single",0,0,3,0.370000000000001
"D","mbd_stammler_spikein",16,"linda","single",0,0,3,0.385000000000002
"D","mbd_stammler_spikein",17,"linda","single",0,0,3,0.333000000000002
"D","mbd_stammler_spikein",18,"linda","single",0,0,3,0.334
"D","mbd_stammler_spikein",19,"linda","single",0,0,3,0.332999999999998
"D","mbd_stammler_spikein",20,"linda","single",0,0,3,0.347000000000001
"D","mbd_stammler_spikein",21,"linda","single",0,0,3,0.355
"D","mbd_stammler_spikein",22,"linda","single",3,0,3,0.335000000000001
"D","mbd_stammler_spikein",23,"linda","single",0,0,3,0.353999999999999
"D","mbd_stammler_spikein",24,"linda","single",0,0,3,0.399000000000001
"D","mbd_stammler_spikein",25,"linda","single",0,0,3,0.353999999999999
"D","mbd_stammler_spikein",26,"linda","single",0,0,3,0.333999999999996
"D","mbd_stammler_spikein",27,"linda","single",0,0,3,0.324999999999996
"D","mbd_stammler_spikein",28,"linda","single",0,0,3,0.353999999999999
"D","mbd_stammler_spikein",29,"linda","single",0,0,3,0.326000000000001
"D","mbd_stammler_spikein",30,"linda","single",0,0,3,0.387
"D","mbd_stammler_spikein",31,"linda","single",0,0,3,0.341999999999999
"D","mbd_stammler_spikein",32,"linda","single",0,0,3,0.375999999999998
"D","mbd_stammler_spikein",33,"linda","single",0,0,3,0.333999999999996
"D","mbd_stammler_spikein",34,"linda","single",0,0,3,0.332000000000001
"D","mbd_stammler_spikein",35,"linda","single",1,0,3,0.390999999999998
"D","mbd_stammler_spikein",36,"linda","single",0,0,3,0.363
"D","mbd_stammler_spikein",37,"linda","single",0,0,3,0.399999999999999
"D","mbd_stammler_spikein",38,"linda","single",0,0,3,0.363999999999997
"D","mbd_stammler_spikein",39,"linda","single",0,0,3,0.422999999999995
"D","mbd_stammler_spikein",40,"linda","single",0,0,3,0.366
"D","mbd_stammler_spikein",41,"linda","single",0,0,3,0.370999999999995
"D","mbd_stammler_spikein",42,"linda","single",0,0,3,0.356000000000002
"D","mbd_stammler_spikein",43,"linda","single",0,0,3,0.390000000000001
"D","mbd_stammler_spikein",44,"linda","single",0,0,3,0.405000000000001
"D","mbd_stammler_spikein",45,"linda","single",0,0,3,0.375999999999998
"D","mbd_stammler_spikein",46,"linda","single",0,0,3,0.397999999999996
"D","mbd_stammler_spikein",47,"linda","single",0,0,3,0.379999999999995
"D","mbd_stammler_spikein",48,"linda","single",0,0,3,0.417000000000002
"D","mbd_stammler_spikein",49,"linda","single",0,0,3,0.385999999999996
"D","mbd_stammler_spikein",50,"linda","single",0,0,3,0.379999999999995
"D","mbd_stammler_spikein",1,"lm_logtss","single",0,0,3,0.0499999999999999
"D","mbd_stammler_spikein",2,"lm_logtss","single",0,0,3,0.00900000000000001
"D","mbd_stammler_spikein",3,"lm_logtss","single",0,0,3,0.003
"D","mbd_stammler_spikein",4,"lm_logtss","single",0,0,3,0.00299999999999989
"D","mbd_stammler_spikein",5,"lm_logtss","single",0,0,3,0.00300000000000011
"D","mbd_stammler_spikein",6,"lm_logtss","single",0,0,3,0.004
"D","mbd_stammler_spikein",7,"lm_logtss","single",0,0,3,0.00300000000000011
"D","mbd_stammler_spikein",8,"lm_logtss","single",0,0,3,0.00299999999999989
"D","mbd_stammler_spikein",9,"lm_logtss","single",0,0,3,0.00300000000000011
"D","mbd_stammler_spikein",10,"lm_logtss","single",0,0,3,0.004
"D","mbd_stammler_spikein",11,"lm_logtss","single",0,0,3,0.00300000000000011
"D","mbd_stammler_spikein",12,"lm_logtss","single",0,0,3,0.00300000000000011
"D","mbd_stammler_spikein",13,"lm_logtss","single",0,0,3,0.00300000000000011
"D","mbd_stammler_spikein",14,"lm_logtss","single",0,0,3,0.00300000000000011
"D","mbd_stammler_spikein",15,"lm_logtss","single",0,0,3,0.004
"D","mbd_stammler_spikein",16,"lm_logtss","single",0,0,3,0.00299999999999967
"D","mbd_stammler_spikein",17,"lm_logtss","single",0,0,3,0.00300000000000011
"D","mbd_stammler_spikein",18,"lm_logtss","single",0,0,3,0.00299999999999967
"D","mbd_stammler_spikein",19,"lm_logtss","single",0,0,3,0.004
"D","mbd_stammler_spikein",20,"lm_logtss","single",0,0,3,0.00300000000000011
"D","mbd_stammler_spikein",21,"lm_logtss","single",0,0,3,0.00300000000000011
"D","mbd_stammler_spikein",22,"lm_logtss","single",2,0,3,0.00300000000000011
"D","mbd_stammler_spikein",23,"lm_logtss","single",0,0,3,0.004
"D","mbd_stammler_spikein",24,"lm_logtss","single",0,0,3,0.004
"D","mbd_stammler_spikein",25,"lm_logtss","single",0,0,3,0.00299999999999923
"D","mbd_stammler_spikein",26,"lm_logtss","single",0,0,3,0.00300000000000011
"D","mbd_stammler_spikein",27,"lm_logtss","single",0,0,3,0.00299999999999923
"D","mbd_stammler_spikein",28,"lm_logtss","single",0,0,3,0.00300000000000011
"D","mbd_stammler_spikein",29,"lm_logtss","single",0,0,3,0.00300000000000011
"D","mbd_stammler_spikein",30,"lm_logtss","single",0,0,3,0.00300000000000011
"D","mbd_stammler_spikein",31,"lm_logtss","single",0,0,3,0.00300000000000011
"D","mbd_stammler_spikein",32,"lm_logtss","single",0,0,3,0.00300000000000011
"D","mbd_stammler_spikein",33,"lm_logtss","single",0,0,3,0.00300000000000011
"D","mbd_stammler_spikein",34,"lm_logtss","single",0,0,3,0.00400000000000045
"D","mbd_stammler_spikein",35,"lm_logtss","single",1,0,3,0.00399999999999956
"D","mbd_stammler_spikein",36,"lm_logtss","single",0,0,3,0.00300000000000011
"D","mbd_stammler_spikein",37,"lm_logtss","single",0,0,3,0.00300000000000011
"D","mbd_stammler_spikein",38,"lm_logtss","single",0,0,3,0.00300000000000011
"D","mbd_stammler_spikein",39,"lm_logtss","single",0,0,3,0.00300000000000011
"D","mbd_stammler_spikein",40,"lm_logtss","single",0,0,3,0.00300000000000011
"D","mbd_stammler_spikein",41,"lm_logtss","single",0,0,3,0.00300000000000011
"D","mbd_stammler_spikein",42,"lm_logtss","single",0,0,3,0.00300000000000011
"D","mbd_stammler_spikein",43,"lm_logtss","single",0,0,3,0.00300000000000011
"D","mbd_stammler_spikein",44,"lm_logtss","single",0,0,3,0.00300000000000011
"D","mbd_stammler_spikein",45,"lm_logtss","single",0,0,3,0.00300000000000011
"D","mbd_stammler_spikein",46,"lm_logtss","single",0,0,3,0.00400000000000045
"D","mbd_stammler_spikein",47,"lm_logtss","single",0,0,3,0.00300000000000011
"D","mbd_stammler_spikein",48,"lm_logtss","single",0,0,3,0.00300000000000011
"D","mbd_stammler_spikein",49,"lm_logtss","single",0,0,3,0.00300000000000011
"D","mbd_stammler_spikein",50,"lm_logtss","single",0,0,3,0.00399999999999956
"D","mbd_stammler_spikein",1,"locom","single",8,0,3,403.726
"D","mbd_stammler_spikein",2,"locom","single",6,0,3,408.785
"D","mbd_stammler_spikein",3,"locom","single",2,0,3,402.534
"D","mbd_stammler_spikein",4,"locom","single",5,0,3,402.33
"D","mbd_stammler_spikein",5,"locom","single",0,0,3,408.14
"D","mbd_stammler_spikein",6,"locom","single",6,0,3,405.99
"D","mbd_stammler_spikein",7,"locom","single",0,0,3,343.781
"D","mbd_stammler_spikein",8,"locom","single",0,0,3,404.383
"D","mbd_stammler_spikein",9,"locom","single",0,0,3,345.804
"D","mbd_stammler_spikein",10,"locom","single",0,0,3,403.118
"D","mbd_stammler_spikein",11,"locom","single",0,0,3,407.767
"D","mbd_stammler_spikein",12,"locom","single",6,0,3,404.014
"D","mbd_stammler_spikein",13,"locom","single",0,0,3,161.639
"D","mbd_stammler_spikein",14,"locom","single",7,0,3,205.17
"D","mbd_stammler_spikein",15,"locom","single",7,0,3,403.867
"D","mbd_stammler_spikein",16,"locom","single",0,0,3,162.469
"D","mbd_stammler_spikein",17,"locom","single",3,0,3,403.660000000001
"D","mbd_stammler_spikein",18,"locom","single",0,0,3,403.685
"D","mbd_stammler_spikein",19,"locom","single",0,0,3,405.52
"D","mbd_stammler_spikein",20,"locom","single",0,0,3,402.74
"D","mbd_stammler_spikein",21,"locom","single",9,0,3,401.550999999999
"D","mbd_stammler_spikein",22,"locom","single",16,0,3,403.621
"D","mbd_stammler_spikein",23,"locom","single",0,0,3,407.615999999999
"D","mbd_stammler_spikein",24,"locom","single",15,0,3,404.752
"D","mbd_stammler_spikein",25,"locom","single",0,0,3,405.305999999999
"D","mbd_stammler_spikein",26,"locom","single",3,0,3,404.191999999999
"D","mbd_stammler_spikein",27,"locom","single",3,0,3,402.043
"D","mbd_stammler_spikein",28,"locom","single",9,0,3,400.456
"D","mbd_stammler_spikein",29,"locom","single",0,0,3,403.439
"D","mbd_stammler_spikein",30,"locom","single",0,0,3,400.106
"D","mbd_stammler_spikein",31,"locom","single",6,0,3,402.117
"D","mbd_stammler_spikein",32,"locom","single",7,0,3,402.805999999999
"D","mbd_stammler_spikein",33,"locom","single",0,0,3,402.512999999999
"D","mbd_stammler_spikein",34,"locom","single",23,0,3,284.312
"D","mbd_stammler_spikein",35,"locom","single",7,0,3,402.297
"D","mbd_stammler_spikein",36,"locom","single",0,0,3,343.264999999999
"D","mbd_stammler_spikein",37,"locom","single",3,0,3,400.407999999999
"D","mbd_stammler_spikein",38,"locom","single",0,0,3,404.356000000002
"D","mbd_stammler_spikein",39,"locom","single",0,0,3,404.813
"D","mbd_stammler_spikein",40,"locom","single",0,0,3,405.769
"D","mbd_stammler_spikein",41,"locom","single",8,0,3,411.597
"D","mbd_stammler_spikein",42,"locom","single",0,0,3,407.438
"D","mbd_stammler_spikein",43,"locom","single",12,0,3,386.627999999999
"D","mbd_stammler_spikein",44,"locom","single",8,0,3,404.855
"D","mbd_stammler_spikein",45,"locom","single",9,0,3,405.133999999998
"D","mbd_stammler_spikein",46,"locom","single",0,0,3,407.657000000003
"D","mbd_stammler_spikein",47,"locom","single",12,0,3,409.506000000001
"D","mbd_stammler_spikein",48,"locom","single",9,0,3,406.484
"D","mbd_stammler_spikein",49,"locom","single",0,0,3,181.825999999997
"D","mbd_stammler_spikein",50,"locom","single",3,0,3,401.939000000002
"D","mbd_stammler_spikein",1,"locom2","single",0,0,0,136.665
"D","mbd_stammler_spikein",2,"locom2","single",0,0,0,7.50500000000002
"D","mbd_stammler_spikein",3,"locom2","single",0,0,0,10.951
"D","mbd_stammler_spikein",4,"locom2","single",0,0,0,9.773
"D","mbd_stammler_spikein",5,"locom2","single",0,0,0,26.089
"D","mbd_stammler_spikein",6,"locom2","single",0,0,0,28.626
"D","mbd_stammler_spikein",7,"locom2","single",0,0,0,20.121
"D","mbd_stammler_spikein",8,"locom2","single",0,0,0,19.9
"D","mbd_stammler_spikein",9,"locom2","single",0,0,0,23.92
"D","mbd_stammler_spikein",10,"locom2","single",0,0,0,18.398
"D","mbd_stammler_spikein",11,"locom2","single",0,0,0,12.035
"D","mbd_stammler_spikein",12,"locom2","single",0,0,0,43.156
"D","mbd_stammler_spikein",13,"locom2","single",0,0,0,11.649
"D","mbd_stammler_spikein",14,"locom2","single",0,0,0,4.14999999999998
"D","mbd_stammler_spikein",15,"locom2","single",0,0,0,17.068
"D","mbd_stammler_spikein",16,"locom2","single",0,0,0,19.208
"D","mbd_stammler_spikein",17,"locom2","single",0,0,0,11.471
"D","mbd_stammler_spikein",18,"locom2","single",0,0,0,35.862
"D","mbd_stammler_spikein",19,"locom2","single",0,0,0,1.5
"D","mbd_stammler_spikein",20,"locom2","single",0,0,0,4.90100000000001
"D","mbd_stammler_spikein",21,"locom2","single",0,0,0,13.399
"D","mbd_stammler_spikein",22,"locom2","single",0,0,0,14.3390000000001
"D","mbd_stammler_spikein",23,"locom2","single",0,0,0,31.167
"D","mbd_stammler_spikein",24,"locom2","single",0,0,0,13.932
"D","mbd_stammler_spikein",25,"locom2","single",0,0,0,13.769
"D","mbd_stammler_spikein",26,"locom2","single",0,0,0,9.90200000000004
"D","mbd_stammler_spikein",27,"locom2","single",0,0,0,47.788
"D","mbd_stammler_spikein",28,"locom2","single",0,0,0,19.199
"D","mbd_stammler_spikein",29,"locom2","single",0,0,0,8.31100000000004
"D","mbd_stammler_spikein",30,"locom2","single",0,0,0,14.828
"D","mbd_stammler_spikein",31,"locom2","single",0,0,0,15.026
"D","mbd_stammler_spikein",32,"locom2","single",0,0,0,26.7030000000001
"D","mbd_stammler_spikein",33,"locom2","single",0,0,0,18.4219999999999
"D","mbd_stammler_spikein",34,"locom2","single",0,0,0,10.0409999999999
"D","mbd_stammler_spikein",35,"locom2","single",0,0,0,11.234
"D","mbd_stammler_spikein",36,"locom2","single",0,0,0,34.533
"D","mbd_stammler_spikein",37,"locom2","single",0,0,0,39.302
"D","mbd_stammler_spikein",38,"locom2","single",0,0,0,3.15300000000002
"D","mbd_stammler_spikein",39,"locom2","single",0,0,0,16.53
"D","mbd_stammler_spikein",40,"locom2","single",0,0,0,1.26799999999992
"D","mbd_stammler_spikein",41,"locom2","single",0,0,0,41.693
"D","mbd_stammler_spikein",42,"locom2","single",0,0,0,66.88
"D","mbd_stammler_spikein",43,"locom2","single",0,0,0,22.1089999999999
"D","mbd_stammler_spikein",44,"locom2","single",0,0,0,10.254
"D","mbd_stammler_spikein",45,"locom2","single",0,0,0,13.84
"D","mbd_stammler_spikein",46,"locom2","single",0,0,0,21.923
"D","mbd_stammler_spikein",47,"locom2","single",0,0,0,8.74900000000002
"D","mbd_stammler_spikein",48,"locom2","single",0,0,0,2.33100000000002
"D","mbd_stammler_spikein",49,"locom2","single",0,0,0,0.783000000000015
"D","mbd_stammler_spikein",50,"locom2","single",0,0,0,7.077
"D","mbd_stammler_spikein",1,"logistic_presence","single",0,0,0,0.734
"D","mbd_stammler_spikein",2,"logistic_presence","single",0,0,0,0.681
"D","mbd_stammler_spikein",3,"logistic_presence","single",0,0,0,0.6
"D","mbd_stammler_spikein",4,"logistic_presence","single",0,0,0,0.673
"D","mbd_stammler_spikein",5,"logistic_presence","single",0,0,0,0.642
"D","mbd_stammler_spikein",6,"logistic_presence","single",0,0,0,0.545
"D","mbd_stammler_spikein",7,"logistic_presence","single",0,0,0,0.636
"D","mbd_stammler_spikein",8,"logistic_presence","single",0,0,0,0.628
"D","mbd_stammler_spikein",9,"logistic_presence","single",1,0,0,0.651
"D","mbd_stammler_spikein",10,"logistic_presence","single",0,0,0,0.7
"D","mbd_stammler_spikein",11,"logistic_presence","single",0,0,0,0.602
"D","mbd_stammler_spikein",12,"logistic_presence","single",0,0,0,0.655999999999999
"D","mbd_stammler_spikein",13,"logistic_presence","single",0,0,0,0.648
"D","mbd_stammler_spikein",14,"logistic_presence","single",0,0,0,0.576000000000001
"D","mbd_stammler_spikein",15,"logistic_presence","single",0,0,0,0.587
"D","mbd_stammler_spikein",16,"logistic_presence","single",0,0,0,0.69
"D","mbd_stammler_spikein",17,"logistic_presence","single",0,0,0,0.606
"D","mbd_stammler_spikein",18,"logistic_presence","single",0,0,0,0.608000000000001
"D","mbd_stammler_spikein",19,"logistic_presence","single",0,0,0,0.647
"D","mbd_stammler_spikein",20,"logistic_presence","single",0,0,0,0.557
"D","mbd_stammler_spikein",21,"logistic_presence","single",0,0,0,0.591000000000001
"D","mbd_stammler_spikein",22,"logistic_presence","single",1,0,0,0.652000000000001
"D","mbd_stammler_spikein",23,"logistic_presence","single",0,0,0,0.576000000000001
"D","mbd_stammler_spikein",24,"logistic_presence","single",0,0,0,0.687999999999999
"D","mbd_stammler_spikein",25,"logistic_presence","single",0,0,0,0.672999999999998
"D","mbd_stammler_spikein",26,"logistic_presence","single",0,0,0,0.628999999999998
"D","mbd_stammler_spikein",27,"logistic_presence","single",0,0,0,0.645
"D","mbd_stammler_spikein",28,"logistic_presence","single",0,0,0,0.616999999999997
"D","mbd_stammler_spikein",29,"logistic_presence","single",0,0,0,0.641999999999999
"D","mbd_stammler_spikein",30,"logistic_presence","single",0,0,0,0.561
"D","mbd_stammler_spikein",31,"logistic_presence","single",0,0,0,0.651
"D","mbd_stammler_spikein",32,"logistic_presence","single",0,0,0,0.633999999999997
"D","mbd_stammler_spikein",33,"logistic_presence","single",0,0,0,0.615000000000002
"D","mbd_stammler_spikein",34,"logistic_presence","single",0,0,0,0.619
"D","mbd_stammler_spikein",35,"logistic_presence","single",1,0,0,0.650000000000002
"D","mbd_stammler_spikein",36,"logistic_presence","single",0,0,0,0.608999999999998
"D","mbd_stammler_spikein",37,"logistic_presence","single",0,0,0,0.590999999999998
"D","mbd_stammler_spikein",38,"logistic_presence","single",0,0,0,0.606999999999999
"D","mbd_stammler_spikein",39,"logistic_presence","single",0,0,0,0.555
"D","mbd_stammler_spikein",40,"logistic_presence","single",0,0,0,0.586000000000002
"D","mbd_stammler_spikein",41,"logistic_presence","single",0,0,0,0.585999999999999
"D","mbd_stammler_spikein",42,"logistic_presence","single",0,0,0,0.606999999999999
"D","mbd_stammler_spikein",43,"logistic_presence","single",0,0,0,0.563000000000002
"D","mbd_stammler_spikein",44,"logistic_presence","single",0,0,0,0.561
"D","mbd_stammler_spikein",45,"logistic_presence","single",0,0,0,0.538000000000004
"D","mbd_stammler_spikein",46,"logistic_presence","single",0,0,0,0.677
"D","mbd_stammler_spikein",47,"logistic_presence","single",0,0,0,0.606000000000002
"D","mbd_stammler_spikein",48,"logistic_presence","single",0,0,0,0.57
"D","mbd_stammler_spikein",49,"logistic_presence","single",0,0,0,0.533999999999999
"D","mbd_stammler_spikein",50,"logistic_presence","single",0,0,0,0.640999999999998
"D","mbd_stammler_spikein",1,"maaslin3","abundance",0,0,3,22.062
"D","mbd_stammler_spikein",1,"maaslin3","presence",0,0,0,22.062
"D","mbd_stammler_spikein",1,"maaslin3","combined",0,0,3,22.062
"D","mbd_stammler_spikein",2,"maaslin3","abundance",0,0,3,14.562
"D","mbd_stammler_spikein",2,"maaslin3","presence",0,0,0,14.562
"D","mbd_stammler_spikein",2,"maaslin3","combined",0,0,3,14.562
"D","mbd_stammler_spikein",3,"maaslin3","abundance",0,0,3,17.734
"D","mbd_stammler_spikein",3,"maaslin3","presence",0,0,0,17.734
"D","mbd_stammler_spikein",3,"maaslin3","combined",0,0,3,17.734
"D","mbd_stammler_spikein",4,"maaslin3","abundance",0,0,3,14.246
"D","mbd_stammler_spikein",4,"maaslin3","presence",0,0,0,14.246
"D","mbd_stammler_spikein",4,"maaslin3","combined",0,0,3,14.246
"D","mbd_stammler_spikein",5,"maaslin3","abundance",1,0,3,15.017
"D","mbd_stammler_spikein",5,"maaslin3","presence",0,0,0,15.017
"D","mbd_stammler_spikein",5,"maaslin3","combined",1,0,3,15.017
"D","mbd_stammler_spikein",6,"maaslin3","abundance",0,0,3,13.1
"D","mbd_stammler_spikein",6,"maaslin3","presence",0,0,0,13.1
"D","mbd_stammler_spikein",6,"maaslin3","combined",0,0,3,13.1
"D","mbd_stammler_spikein",7,"maaslin3","abundance",0,0,3,12.773
"D","mbd_stammler_spikein",7,"maaslin3","presence",0,0,0,12.773
"D","mbd_stammler_spikein",7,"maaslin3","combined",0,0,3,12.773
"D","mbd_stammler_spikein",8,"maaslin3","abundance",0,0,3,16.281
"D","mbd_stammler_spikein",8,"maaslin3","presence",0,0,0,16.281
"D","mbd_stammler_spikein",8,"maaslin3","combined",0,0,3,16.281
"D","mbd_stammler_spikein",9,"maaslin3","abundance",0,0,3,14.91
"D","mbd_stammler_spikein",9,"maaslin3","presence",0,0,0,14.91
"D","mbd_stammler_spikein",9,"maaslin3","combined",0,0,3,14.91
"D","mbd_stammler_spikein",10,"maaslin3","abundance",0,0,3,17.488
"D","mbd_stammler_spikein",10,"maaslin3","presence",0,0,0,17.488
"D","mbd_stammler_spikein",10,"maaslin3","combined",0,0,3,17.488
"D","mbd_stammler_spikein",11,"maaslin3","abundance",0,0,3,14.093
"D","mbd_stammler_spikein",11,"maaslin3","presence",0,0,0,14.093
"D","mbd_stammler_spikein",11,"maaslin3","combined",0,0,3,14.093
"D","mbd_stammler_spikein",12,"maaslin3","abundance",0,0,3,12.078
"D","mbd_stammler_spikein",12,"maaslin3","presence",0,0,0,12.078
"D","mbd_stammler_spikein",12,"maaslin3","combined",0,0,3,12.078
"D","mbd_stammler_spikein",13,"maaslin3","abundance",0,0,3,13.849
"D","mbd_stammler_spikein",13,"maaslin3","presence",0,0,0,13.849
"D","mbd_stammler_spikein",13,"maaslin3","combined",0,0,3,13.849
"D","mbd_stammler_spikein",14,"maaslin3","abundance",0,0,3,12.056
"D","mbd_stammler_spikein",14,"maaslin3","presence",0,0,0,12.056
"D","mbd_stammler_spikein",14,"maaslin3","combined",0,0,3,12.056
"D","mbd_stammler_spikein",15,"maaslin3","abundance",0,0,3,13.211
"D","mbd_stammler_spikein",15,"maaslin3","presence",0,0,0,13.211
"D","mbd_stammler_spikein",15,"maaslin3","combined",0,0,3,13.211
"D","mbd_stammler_spikein",16,"maaslin3","abundance",0,0,3,12.953
"D","mbd_stammler_spikein",16,"maaslin3","presence",0,0,0,12.953
"D","mbd_stammler_spikein",16,"maaslin3","combined",0,0,3,12.953
"D","mbd_stammler_spikein",17,"maaslin3","abundance",0,0,3,11.915
"D","mbd_stammler_spikein",17,"maaslin3","presence",0,0,0,11.915
"D","mbd_stammler_spikein",17,"maaslin3","combined",0,0,3,11.915
"D","mbd_stammler_spikein",18,"maaslin3","abundance",0,0,3,13.151
"D","mbd_stammler_spikein",18,"maaslin3","presence",0,0,0,13.151
"D","mbd_stammler_spikein",18,"maaslin3","combined",0,0,3,13.151
"D","mbd_stammler_spikein",19,"maaslin3","abundance",0,0,3,13.306
"D","mbd_stammler_spikein",19,"maaslin3","presence",0,0,0,13.306
"D","mbd_stammler_spikein",19,"maaslin3","combined",0,0,3,13.306
"D","mbd_stammler_spikein",20,"maaslin3","abundance",0,0,3,13.018
"D","mbd_stammler_spikein",20,"maaslin3","presence",0,0,0,13.018
"D","mbd_stammler_spikein",20,"maaslin3","combined",0,0,3,13.018
"D","mbd_stammler_spikein",21,"maaslin3","abundance",0,0,3,13.308
"D","mbd_stammler_spikein",21,"maaslin3","presence",0,0,0,13.308
"D","mbd_stammler_spikein",21,"maaslin3","combined",0,0,3,13.308
"D","mbd_stammler_spikein",22,"maaslin3","abundance",0,0,3,11.406
"D","mbd_stammler_spikein",22,"maaslin3","presence",0,0,0,11.406
"D","mbd_stammler_spikein",22,"maaslin3","combined",0,0,3,11.406
"D","mbd_stammler_spikein",23,"maaslin3","abundance",0,0,3,11.881
"D","mbd_stammler_spikein",23,"maaslin3","presence",0,0,0,11.881
"D","mbd_stammler_spikein",23,"maaslin3","combined",0,0,3,11.881
"D","mbd_stammler_spikein",24,"maaslin3","abundance",0,0,3,12.5309999999999
"D","mbd_stammler_spikein",24,"maaslin3","presence",0,0,0,12.5309999999999
"D","mbd_stammler_spikein",24,"maaslin3","combined",0,0,3,12.5309999999999
"D","mbd_stammler_spikein",25,"maaslin3","abundance",0,0,3,11.981
"D","mbd_stammler_spikein",25,"maaslin3","presence",0,0,0,11.981
"D","mbd_stammler_spikein",25,"maaslin3","combined",0,0,3,11.981
"D","mbd_stammler_spikein",26,"maaslin3","abundance",0,0,3,11.835
"D","mbd_stammler_spikein",26,"maaslin3","presence",0,0,0,11.835
"D","mbd_stammler_spikein",26,"maaslin3","combined",0,0,3,11.835
"D","mbd_stammler_spikein",27,"maaslin3","abundance",0,0,3,12.882
"D","mbd_stammler_spikein",27,"maaslin3","presence",0,0,0,12.882
"D","mbd_stammler_spikein",27,"maaslin3","combined",0,0,3,12.882
"D","mbd_stammler_spikein",28,"maaslin3","abundance",0,0,3,11.693
"D","mbd_stammler_spikein",28,"maaslin3","presence",0,0,0,11.693
"D","mbd_stammler_spikein",28,"maaslin3","combined",0,0,3,11.693
"D","mbd_stammler_spikein",29,"maaslin3","abundance",0,0,3,12.081
"D","mbd_stammler_spikein",29,"maaslin3","presence",0,0,0,12.081
"D","mbd_stammler_spikein",29,"maaslin3","combined",0,0,3,12.081
"D","mbd_stammler_spikein",30,"maaslin3","abundance",0,0,3,13.778
"D","mbd_stammler_spikein",30,"maaslin3","presence",0,0,0,13.778
"D","mbd_stammler_spikein",30,"maaslin3","combined",0,0,3,13.778
"D","mbd_stammler_spikein",31,"maaslin3","abundance",0,0,3,13.853
"D","mbd_stammler_spikein",31,"maaslin3","presence",0,0,0,13.853
"D","mbd_stammler_spikein",31,"maaslin3","combined",0,0,3,13.853
"D","mbd_stammler_spikein",32,"maaslin3","abundance",0,0,3,13.706
"D","mbd_stammler_spikein",32,"maaslin3","presence",0,0,0,13.706
"D","mbd_stammler_spikein",32,"maaslin3","combined",0,0,3,13.706
"D","mbd_stammler_spikein",33,"maaslin3","abundance",0,0,3,12.274
"D","mbd_stammler_spikein",33,"maaslin3","presence",0,0,0,12.274
"D","mbd_stammler_spikein",33,"maaslin3","combined",0,0,3,12.274
"D","mbd_stammler_spikein",34,"maaslin3","abundance",0,0,3,13.6089999999999
"D","mbd_stammler_spikein",34,"maaslin3","presence",0,0,0,13.6089999999999
"D","mbd_stammler_spikein",34,"maaslin3","combined",0,0,3,13.6089999999999
"D","mbd_stammler_spikein",35,"maaslin3","abundance",0,0,3,15.436
"D","mbd_stammler_spikein",35,"maaslin3","presence",0,0,0,15.436
"D","mbd_stammler_spikein",35,"maaslin3","combined",0,0,3,15.436
"D","mbd_stammler_spikein",36,"maaslin3","abundance",0,0,3,13.4000000000001
"D","mbd_stammler_spikein",36,"maaslin3","presence",0,0,0,13.4000000000001
"D","mbd_stammler_spikein",36,"maaslin3","combined",0,0,3,13.4000000000001
"D","mbd_stammler_spikein",37,"maaslin3","abundance",0,0,3,15.145
"D","mbd_stammler_spikein",37,"maaslin3","presence",0,0,0,15.145
"D","mbd_stammler_spikein",37,"maaslin3","combined",0,0,3,15.145
"D","mbd_stammler_spikein",38,"maaslin3","abundance",0,0,3,15.7990000000001
"D","mbd_stammler_spikein",38,"maaslin3","presence",0,0,0,15.7990000000001
"D","mbd_stammler_spikein",38,"maaslin3","combined",0,0,3,15.7990000000001
"D","mbd_stammler_spikein",39,"maaslin3","abundance",0,0,3,14.332
"D","mbd_stammler_spikein",39,"maaslin3","presence",0,0,0,14.332
"D","mbd_stammler_spikein",39,"maaslin3","combined",0,0,3,14.332
"D","mbd_stammler_spikein",40,"maaslin3","abundance",0,0,3,15.403
"D","mbd_stammler_spikein",40,"maaslin3","presence",0,0,0,15.403
"D","mbd_stammler_spikein",40,"maaslin3","combined",0,0,3,15.403
"D","mbd_stammler_spikein",41,"maaslin3","abundance",0,0,3,14.516
"D","mbd_stammler_spikein",41,"maaslin3","presence",0,0,0,14.516
"D","mbd_stammler_spikein",41,"maaslin3","combined",0,0,3,14.516
"D","mbd_stammler_spikein",42,"maaslin3","abundance",0,0,3,15.312
"D","mbd_stammler_spikein",42,"maaslin3","presence",0,0,0,15.312
"D","mbd_stammler_spikein",42,"maaslin3","combined",0,0,3,15.312
"D","mbd_stammler_spikein",43,"maaslin3","abundance",0,0,3,15.889
"D","mbd_stammler_spikein",43,"maaslin3","presence",0,0,0,15.889
"D","mbd_stammler_spikein",43,"maaslin3","combined",0,0,3,15.889
"D","mbd_stammler_spikein",44,"maaslin3","abundance",0,0,3,14.14
"D","mbd_stammler_spikein",44,"maaslin3","presence",0,0,0,14.14
"D","mbd_stammler_spikein",44,"maaslin3","combined",0,0,3,14.14
"D","mbd_stammler_spikein",45,"maaslin3","abundance",0,0,3,13.373
"D","mbd_stammler_spikein",45,"maaslin3","presence",0,0,0,13.373
"D","mbd_stammler_spikein",45,"maaslin3","combined",0,0,3,13.373
"D","mbd_stammler_spikein",46,"maaslin3","abundance",0,0,3,14.644
"D","mbd_stammler_spikein",46,"maaslin3","presence",0,0,0,14.644
"D","mbd_stammler_spikein",46,"maaslin3","combined",0,0,3,14.644
"D","mbd_stammler_spikein",47,"maaslin3","abundance",0,0,3,14.069
"D","mbd_stammler_spikein",47,"maaslin3","presence",0,0,0,14.069
"D","mbd_stammler_spikein",47,"maaslin3","combined",0,0,3,14.069
"D","mbd_stammler_spikein",48,"maaslin3","abundance",0,0,3,13.933
"D","mbd_stammler_spikein",48,"maaslin3","presence",0,0,0,13.933
"D","mbd_stammler_spikein",48,"maaslin3","combined",0,0,3,13.933
"D","mbd_stammler_spikein",49,"maaslin3","abundance",0,0,3,12.702
"D","mbd_stammler_spikein",49,"maaslin3","presence",0,0,0,12.702
"D","mbd_stammler_spikein",49,"maaslin3","combined",0,0,3,12.702
"D","mbd_stammler_spikein",50,"maaslin3","abundance",0,0,3,11.1289999999999
"D","mbd_stammler_spikein",50,"maaslin3","presence",0,0,0,11.1289999999999
"D","mbd_stammler_spikein",50,"maaslin3","combined",0,0,3,11.1289999999999
"D","mbd_stammler_spikein",1,"pursue","abundance",0,0,3,22.253
"D","mbd_stammler_spikein",1,"pursue","presence",0,0,0,22.253
"D","mbd_stammler_spikein",1,"pursue","combined",0,0,3,22.253
"D","mbd_stammler_spikein",2,"pursue","abundance",0,0,3,21.104
"D","mbd_stammler_spikein",2,"pursue","presence",0,0,0,21.104
"D","mbd_stammler_spikein",2,"pursue","combined",0,0,3,21.104
"D","mbd_stammler_spikein",3,"pursue","abundance",0,0,3,22.072
"D","mbd_stammler_spikein",3,"pursue","presence",0,0,0,22.072
"D","mbd_stammler_spikein",3,"pursue","combined",0,0,3,22.072
"D","mbd_stammler_spikein",4,"pursue","abundance",0,0,3,23.45
"D","mbd_stammler_spikein",4,"pursue","presence",0,0,0,23.45
"D","mbd_stammler_spikein",4,"pursue","combined",0,0,3,23.45
"D","mbd_stammler_spikein",5,"pursue","abundance",1,0,3,26.542
"D","mbd_stammler_spikein",5,"pursue","presence",0,0,0,26.542
"D","mbd_stammler_spikein",5,"pursue","combined",1,0,3,26.542
"D","mbd_stammler_spikein",6,"pursue","abundance",0,0,3,24.804
"D","mbd_stammler_spikein",6,"pursue","presence",0,0,0,24.804
"D","mbd_stammler_spikein",6,"pursue","combined",0,0,3,24.804
"D","mbd_stammler_spikein",7,"pursue","abundance",0,0,3,28.93
"D","mbd_stammler_spikein",7,"pursue","presence",0,0,0,28.93
"D","mbd_stammler_spikein",7,"pursue","combined",0,0,3,28.93
"D","mbd_stammler_spikein",8,"pursue","abundance",0,0,3,24.519
"D","mbd_stammler_spikein",8,"pursue","presence",0,0,0,24.519
"D","mbd_stammler_spikein",8,"pursue","combined",0,0,3,24.519
"D","mbd_stammler_spikein",9,"pursue","abundance",0,0,3,21.506
"D","mbd_stammler_spikein",9,"pursue","presence",0,0,0,21.506
"D","mbd_stammler_spikein",9,"pursue","combined",0,0,3,21.506
"D","mbd_stammler_spikein",10,"pursue","abundance",0,0,3,21.974
"D","mbd_stammler_spikein",10,"pursue","presence",0,0,0,21.974
"D","mbd_stammler_spikein",10,"pursue","combined",0,0,3,21.974
"D","mbd_stammler_spikein",11,"pursue","abundance",0,0,3,25.512
"D","mbd_stammler_spikein",11,"pursue","presence",0,0,0,25.512
"D","mbd_stammler_spikein",11,"pursue","combined",0,0,3,25.512
"D","mbd_stammler_spikein",12,"pursue","abundance",0,0,3,26.554
"D","mbd_stammler_spikein",12,"pursue","presence",0,0,0,26.554
"D","mbd_stammler_spikein",12,"pursue","combined",0,0,3,26.554
"D","mbd_stammler_spikein",13,"pursue","abundance",1,0,3,25.584
"D","mbd_stammler_spikein",13,"pursue","presence",0,0,0,25.584
"D","mbd_stammler_spikein",13,"pursue","combined",0,0,3,25.584
"D","mbd_stammler_spikein",14,"pursue","abundance",1,0,3,20.876
"D","mbd_stammler_spikein",14,"pursue","presence",0,0,0,20.876
"D","mbd_stammler_spikein",14,"pursue","combined",0,0,3,20.876
"D","mbd_stammler_spikein",15,"pursue","abundance",0,0,3,21.642
"D","mbd_stammler_spikein",15,"pursue","presence",0,0,0,21.642
"D","mbd_stammler_spikein",15,"pursue","combined",0,0,3,21.642
"D","mbd_stammler_spikein",16,"pursue","abundance",0,0,3,21.698
"D","mbd_stammler_spikein",16,"pursue","presence",0,0,0,21.698
"D","mbd_stammler_spikein",16,"pursue","combined",0,0,3,21.698
"D","mbd_stammler_spikein",17,"pursue","abundance",0,0,3,20.778
"D","mbd_stammler_spikein",17,"pursue","presence",0,0,0,20.778
"D","mbd_stammler_spikein",17,"pursue","combined",0,0,3,20.778
"D","mbd_stammler_spikein",18,"pursue","abundance",0,0,3,21.149
"D","mbd_stammler_spikein",18,"pursue","presence",0,0,0,21.149
"D","mbd_stammler_spikein",18,"pursue","combined",0,0,3,21.149
"D","mbd_stammler_spikein",19,"pursue","abundance",0,0,3,21.679
"D","mbd_stammler_spikein",19,"pursue","presence",0,0,0,21.679
"D","mbd_stammler_spikein",19,"pursue","combined",0,0,3,21.679
"D","mbd_stammler_spikein",20,"pursue","abundance",0,0,3,20.929
"D","mbd_stammler_spikein",20,"pursue","presence",0,0,0,20.929
"D","mbd_stammler_spikein",20,"pursue","combined",0,0,3,20.929
"D","mbd_stammler_spikein",21,"pursue","abundance",0,0,3,20.379
"D","mbd_stammler_spikein",21,"pursue","presence",0,0,0,20.379
"D","mbd_stammler_spikein",21,"pursue","combined",0,0,3,20.379
"D","mbd_stammler_spikein",22,"pursue","abundance",0,0,3,20.359
"D","mbd_stammler_spikein",22,"pursue","presence",0,0,0,20.359
"D","mbd_stammler_spikein",22,"pursue","combined",0,0,3,20.359
"D","mbd_stammler_spikein",23,"pursue","abundance",0,0,3,20.602
"D","mbd_stammler_spikein",23,"pursue","presence",0,0,0,20.602
"D","mbd_stammler_spikein",23,"pursue","combined",0,0,3,20.602
"D","mbd_stammler_spikein",24,"pursue","abundance",0,0,3,20.841
"D","mbd_stammler_spikein",24,"pursue","presence",0,0,0,20.841
"D","mbd_stammler_spikein",24,"pursue","combined",0,0,3,20.841
"D","mbd_stammler_spikein",25,"pursue","abundance",1,0,3,21.851
"D","mbd_stammler_spikein",25,"pursue","presence",0,0,0,21.851
"D","mbd_stammler_spikein",25,"pursue","combined",0,0,3,21.851
"D","mbd_stammler_spikein",26,"pursue","abundance",0,0,3,21.5250000000001
"D","mbd_stammler_spikein",26,"pursue","presence",0,0,0,21.5250000000001
"D","mbd_stammler_spikein",26,"pursue","combined",0,0,3,21.5250000000001
"D","mbd_stammler_spikein",27,"pursue","abundance",0,0,3,23.1560000000001
"D","mbd_stammler_spikein",27,"pursue","presence",0,0,0,23.1560000000001
"D","mbd_stammler_spikein",27,"pursue","combined",0,0,3,23.1560000000001
"D","mbd_stammler_spikein",28,"pursue","abundance",0,0,3,22.537
"D","mbd_stammler_spikein",28,"pursue","presence",0,0,0,22.537
"D","mbd_stammler_spikein",28,"pursue","combined",0,0,3,22.537
"D","mbd_stammler_spikein",29,"pursue","abundance",0,0,3,23.014
"D","mbd_stammler_spikein",29,"pursue","presence",0,0,0,23.014
"D","mbd_stammler_spikein",29,"pursue","combined",0,0,3,23.014
"D","mbd_stammler_spikein",30,"pursue","abundance",0,0,3,25.275
"D","mbd_stammler_spikein",30,"pursue","presence",0,0,0,25.275
"D","mbd_stammler_spikein",30,"pursue","combined",0,0,3,25.275
"D","mbd_stammler_spikein",31,"pursue","abundance",0,0,3,25.853
"D","mbd_stammler_spikein",31,"pursue","presence",0,0,0,25.853
"D","mbd_stammler_spikein",31,"pursue","combined",0,0,3,25.853
"D","mbd_stammler_spikein",32,"pursue","abundance",0,0,3,25.8539999999999
"D","mbd_stammler_spikein",32,"pursue","presence",0,0,0,25.8539999999999
"D","mbd_stammler_spikein",32,"pursue","combined",0,0,3,25.8539999999999
"D","mbd_stammler_spikein",33,"pursue","abundance",0,0,3,28.7189999999999
"D","mbd_stammler_spikein",33,"pursue","presence",0,0,0,28.7189999999999
"D","mbd_stammler_spikein",33,"pursue","combined",0,0,3,28.7189999999999
"D","mbd_stammler_spikein",34,"pursue","abundance",0,0,3,25.7190000000001
"D","mbd_stammler_spikein",34,"pursue","presence",0,0,0,25.7190000000001
"D","mbd_stammler_spikein",34,"pursue","combined",0,0,3,25.7190000000001
"D","mbd_stammler_spikein",35,"pursue","abundance",0,0,3,25.109
"D","mbd_stammler_spikein",35,"pursue","presence",0,0,0,25.109
"D","mbd_stammler_spikein",35,"pursue","combined",0,0,3,25.109
"D","mbd_stammler_spikein",36,"pursue","abundance",0,0,3,22.9269999999999
"D","mbd_stammler_spikein",36,"pursue","presence",0,0,0,22.9269999999999
"D","mbd_stammler_spikein",36,"pursue","combined",0,0,3,22.9269999999999
"D","mbd_stammler_spikein",37,"pursue","abundance",1,0,3,21.8349999999999
"D","mbd_stammler_spikein",37,"pursue","presence",0,0,0,21.8349999999999
"D","mbd_stammler_spikein",37,"pursue","combined",0,0,3,21.8349999999999
"D","mbd_stammler_spikein",38,"pursue","abundance",0,0,3,23.944
"D","mbd_stammler_spikein",38,"pursue","presence",0,0,0,23.944
"D","mbd_stammler_spikein",38,"pursue","combined",0,0,3,23.944
"D","mbd_stammler_spikein",39,"pursue","abundance",0,0,3,23.105
"D","mbd_stammler_spikein",39,"pursue","presence",0,0,0,23.105
"D","mbd_stammler_spikein",39,"pursue","combined",0,0,3,23.105
"D","mbd_stammler_spikein",40,"pursue","abundance",0,0,3,20.399
"D","mbd_stammler_spikein",40,"pursue","presence",0,0,0,20.399
"D","mbd_stammler_spikein",40,"pursue","combined",0,0,3,20.399
"D","mbd_stammler_spikein",41,"pursue","abundance",3,0,3,20.763
"D","mbd_stammler_spikein",41,"pursue","presence",0,0,0,20.763
"D","mbd_stammler_spikein",41,"pursue","combined",1,0,3,20.763
"D","mbd_stammler_spikein",42,"pursue","abundance",0,0,3,20.7389999999999
"D","mbd_stammler_spikein",42,"pursue","presence",0,0,0,20.7389999999999
"D","mbd_stammler_spikein",42,"pursue","combined",0,0,3,20.7389999999999
"D","mbd_stammler_spikein",43,"pursue","abundance",0,0,3,19.933
"D","mbd_stammler_spikein",43,"pursue","presence",0,0,0,19.933
"D","mbd_stammler_spikein",43,"pursue","combined",0,0,3,19.933
"D","mbd_stammler_spikein",44,"pursue","abundance",0,0,3,21.9499999999999
"D","mbd_stammler_spikein",44,"pursue","presence",0,0,0,21.9499999999999
"D","mbd_stammler_spikein",44,"pursue","combined",0,0,3,21.9499999999999
"D","mbd_stammler_spikein",45,"pursue","abundance",0,0,3,22.5000000000001
"D","mbd_stammler_spikein",45,"pursue","presence",0,0,0,22.5000000000001
"D","mbd_stammler_spikein",45,"pursue","combined",0,0,3,22.5000000000001
"D","mbd_stammler_spikein",46,"pursue","abundance",0,0,3,22.4359999999999
"D","mbd_stammler_spikein",46,"pursue","presence",0,0,0,22.4359999999999
"D","mbd_stammler_spikein",46,"pursue","combined",0,0,3,22.4359999999999
"D","mbd_stammler_spikein",47,"pursue","abundance",0,0,3,20.6699999999998
"D","mbd_stammler_spikein",47,"pursue","presence",0,0,0,20.6699999999998
"D","mbd_stammler_spikein",47,"pursue","combined",0,0,3,20.6699999999998
"D","mbd_stammler_spikein",48,"pursue","abundance",0,0,3,21.5229999999999
"D","mbd_stammler_spikein",48,"pursue","presence",0,0,0,21.5229999999999
"D","mbd_stammler_spikein",48,"pursue","combined",0,0,3,21.5229999999999
"D","mbd_stammler_spikein",49,"pursue","abundance",0,0,3,20.3389999999999
"D","mbd_stammler_spikein",49,"pursue","presence",0,0,0,20.3389999999999
"D","mbd_stammler_spikein",49,"pursue","combined",0,0,3,20.3389999999999
"D","mbd_stammler_spikein",50,"pursue","abundance",0,0,3,20.9680000000001
"D","mbd_stammler_spikein",50,"pursue","presence",0,0,0,20.9680000000001
"D","mbd_stammler_spikein",50,"pursue","combined",0,0,3,20.9680000000001
"D","mbd_stammler_spikein",1,"pursue03_epermcs1","single",0,0,3,3.808
"D","mbd_stammler_spikein",2,"pursue03_epermcs1","single",0,0,3,3.07
"D","mbd_stammler_spikein",3,"pursue03_epermcs1","single",0,0,1,0.976000000000001
"D","mbd_stammler_spikein",4,"pursue03_epermcs1","single",0,0,1,0.917
"D","mbd_stammler_spikein",5,"pursue03_epermcs1","single",0,0,3,3.324
"D","mbd_stammler_spikein",6,"pursue03_epermcs1","single",0,0,1,0.684999999999999
"D","mbd_stammler_spikein",7,"pursue03_epermcs1","single",0,0,3,8.261
"D","mbd_stammler_spikein",8,"pursue03_epermcs1","single",0,0,3,8.121
"D","mbd_stammler_spikein",9,"pursue03_epermcs1","single",0,0,3,8.124
"D","mbd_stammler_spikein",10,"pursue03_epermcs1","single",0,0,1,0.879999999999995
"D","mbd_stammler_spikein",11,"pursue03_epermcs1","single",0,0,3,3.193
"D","mbd_stammler_spikein",12,"pursue03_epermcs1","single",0,0,1,0.823
"D","mbd_stammler_spikein",13,"pursue03_epermcs1","single",0,0,3,3.13800000000001
"D","mbd_stammler_spikein",14,"pursue03_epermcs1","single",0,0,3,2.884
"D","mbd_stammler_spikein",15,"pursue03_epermcs1","single",0,0,3,3.068
"D","mbd_stammler_spikein",16,"pursue03_epermcs1","single",0,0,1,0.809000000000005
"D","mbd_stammler_spikein",17,"pursue03_epermcs1","single",0,0,1,0.890000000000001
"D","mbd_stammler_spikein",18,"pursue03_epermcs1","single",0,0,1,0.780000000000001
"D","mbd_stammler_spikein",19,"pursue03_epermcs1","single",0,0,3,7.96900000000001
"D","mbd_stammler_spikein",20,"pursue03_epermcs1","single",0,0,3,3.10499999999999
"D","mbd_stammler_spikein",21,"pursue03_epermcs1","single",0,0,1,0.781000000000006
"D","mbd_stammler_spikein",22,"pursue03_epermcs1","single",21,0,3,8.069
"D","mbd_stammler_spikein",23,"pursue03_epermcs1","single",0,0,3,3.15600000000001
"D","mbd_stammler_spikein",24,"pursue03_epermcs1","single",1,1,1,1.039
"D","mbd_stammler_spikein",25,"pursue03_epermcs1","single",0,0,1,0.88300000000001
"D","mbd_stammler_spikein",26,"pursue03_epermcs1","single",0,0,3,3.47499999999999
"D","mbd_stammler_spikein",27,"pursue03_epermcs1","single",0,0,3,7.89099999999999
"D","mbd_stammler_spikein",28,"pursue03_epermcs1","single",0,0,1,0.769000000000005
"D","mbd_stammler_spikein",29,"pursue03_epermcs1","single",0,0,1,1.009
"D","mbd_stammler_spikein",30,"pursue03_epermcs1","single",0,0,3,3.229
"D","mbd_stammler_spikein",31,"pursue03_epermcs1","single",0,0,3,3.03700000000001
"D","mbd_stammler_spikein",32,"pursue03_epermcs1","single",0,0,1,0.730000000000004
"D","mbd_stammler_spikein",33,"pursue03_epermcs1","single",0,0,3,8.482
"D","mbd_stammler_spikein",34,"pursue03_epermcs1","single",0,0,3,8.199
"D","mbd_stammler_spikein",35,"pursue03_epermcs1","single",1,0,1,0.938000000000002
"D","mbd_stammler_spikein",36,"pursue03_epermcs1","single",0,0,3,3.123
"D","mbd_stammler_spikein",37,"pursue03_epermcs1","single",0,0,3,8.248
"D","mbd_stammler_spikein",38,"pursue03_epermcs1","single",0,0,3,7.80699999999999
"D","mbd_stammler_spikein",39,"pursue03_epermcs1","single",0,0,3,7.71700000000001
"D","mbd_stammler_spikein",40,"pursue03_epermcs1","single",0,0,3,7.696
"D","mbd_stammler_spikein",41,"pursue03_epermcs1","single",0,0,3,2.91300000000001
"D","mbd_stammler_spikein",42,"pursue03_epermcs1","single",0,0,3,2.869
"D","mbd_stammler_spikein",43,"pursue03_epermcs1","single",0,0,3,2.94200000000001
"D","mbd_stammler_spikein",44,"pursue03_epermcs1","single",0,0,3,7.93000000000001
"D","mbd_stammler_spikein",45,"pursue03_epermcs1","single",0,0,3,2.92899999999997
"D","mbd_stammler_spikein",46,"pursue03_epermcs1","single",0,0,3,2.69999999999999
"D","mbd_stammler_spikein",47,"pursue03_epermcs1","single",0,0,1,0.677000000000021
"D","mbd_stammler_spikein",48,"pursue03_epermcs1","single",0,0,1,0.737000000000023
"D","mbd_stammler_spikein",49,"pursue03_epermcs1","single",0,0,3,2.75400000000002
"D","mbd_stammler_spikein",50,"pursue03_epermcs1","single",0,0,3,7.38200000000001
"D","mbd_stammler_spikein",1,"wilcoxon_tss","single",0,0,3,0.891
"D","mbd_stammler_spikein",2,"wilcoxon_tss","single",0,0,3,0.875
"D","mbd_stammler_spikein",3,"wilcoxon_tss","single",0,0,3,1.236
"D","mbd_stammler_spikein",4,"wilcoxon_tss","single",0,0,3,0.814
"D","mbd_stammler_spikein",5,"wilcoxon_tss","single",0,0,3,1.346
"D","mbd_stammler_spikein",6,"wilcoxon_tss","single",0,0,3,0.715
"D","mbd_stammler_spikein",7,"wilcoxon_tss","single",0,0,3,1.393
"D","mbd_stammler_spikein",8,"wilcoxon_tss","single",0,0,3,0.74
"D","mbd_stammler_spikein",9,"wilcoxon_tss","single",0,0,3,1.192
"D","mbd_stammler_spikein",10,"wilcoxon_tss","single",0,0,3,1.182
"D","mbd_stammler_spikein",11,"wilcoxon_tss","single",0,0,3,1.911
"D","mbd_stammler_spikein",12,"wilcoxon_tss","single",0,0,3,1.66
"D","mbd_stammler_spikein",13,"wilcoxon_tss","single",0,0,3,1.607
"D","mbd_stammler_spikein",14,"wilcoxon_tss","single",0,0,3,2.552
"D","mbd_stammler_spikein",15,"wilcoxon_tss","single",0,0,3,2.474
"D","mbd_stammler_spikein",16,"wilcoxon_tss","single",0,0,3,1.851
"D","mbd_stammler_spikein",17,"wilcoxon_tss","single",0,0,3,0.742000000000004
"D","mbd_stammler_spikein",18,"wilcoxon_tss","single",0,0,3,0.249000000000002
"D","mbd_stammler_spikein",19,"wilcoxon_tss","single",0,0,3,0.442999999999998
"D","mbd_stammler_spikein",20,"wilcoxon_tss","single",0,0,3,1.542
"D","mbd_stammler_spikein",21,"wilcoxon_tss","single",0,0,3,1.17899999999999
"D","mbd_stammler_spikein",22,"wilcoxon_tss","single",0,0,3,1.709
"D","mbd_stammler_spikein",23,"wilcoxon_tss","single",0,0,3,2.024
"D","mbd_stammler_spikein",24,"wilcoxon_tss","single",0,0,3,2.094
"D","mbd_stammler_spikein",25,"wilcoxon_tss","single",0,0,3,2.07
"D","mbd_stammler_spikein",26,"wilcoxon_tss","single",0,0,3,1.288
"D","mbd_stammler_spikein",27,"wilcoxon_tss","single",0,0,3,1.716
"D","mbd_stammler_spikein",28,"wilcoxon_tss","single",0,0,3,1.044
"D","mbd_stammler_spikein",29,"wilcoxon_tss","single",0,0,3,0.392999999999994
"D","mbd_stammler_spikein",30,"wilcoxon_tss","single",0,0,3,1.495
"D","mbd_stammler_spikein",31,"wilcoxon_tss","single",0,0,3,1.471
"D","mbd_stammler_spikein",32,"wilcoxon_tss","single",0,0,3,1.152
"D","mbd_stammler_spikein",33,"wilcoxon_tss","single",0,0,3,1.241
"D","mbd_stammler_spikein",34,"wilcoxon_tss","single",0,0,3,0.584999999999994
"D","mbd_stammler_spikein",35,"wilcoxon_tss","single",0,0,3,1.51900000000001
"D","mbd_stammler_spikein",36,"wilcoxon_tss","single",0,0,3,1.762
"D","mbd_stammler_spikein",37,"wilcoxon_tss","single",0,0,3,1.68300000000001
"D","mbd_stammler_spikein",38,"wilcoxon_tss","single",0,0,3,1.473
"D","mbd_stammler_spikein",39,"wilcoxon_tss","single",0,0,3,1.27200000000001
"D","mbd_stammler_spikein",40,"wilcoxon_tss","single",0,0,3,2.54299999999999
"D","mbd_stammler_spikein",41,"wilcoxon_tss","single",0,0,3,2.364
"D","mbd_stammler_spikein",42,"wilcoxon_tss","single",0,0,3,2.313
"D","mbd_stammler_spikein",43,"wilcoxon_tss","single",0,0,3,1.755
"D","mbd_stammler_spikein",44,"wilcoxon_tss","single",0,0,3,2.221
"D","mbd_stammler_spikein",45,"wilcoxon_tss","single",0,0,3,2.33399999999999
"D","mbd_stammler_spikein",46,"wilcoxon_tss","single",0,0,3,1.66300000000001
"D","mbd_stammler_spikein",47,"wilcoxon_tss","single",0,0,3,0.951999999999998
"D","mbd_stammler_spikein",48,"wilcoxon_tss","single",0,0,3,1.654
"D","mbd_stammler_spikein",49,"wilcoxon_tss","single",0,0,3,1.989
"D","mbd_stammler_spikein",50,"wilcoxon_tss","single",0,0,3,2.139
"D","mbd_stammler_spikein",1,"zicoseq","single",0,0,3,88.98
"D","mbd_stammler_spikein",2,"zicoseq","single",0,0,3,83.974
"D","mbd_stammler_spikein",3,"zicoseq","single",0,0,3,83.248
"D","mbd_stammler_spikein",4,"zicoseq","single",0,0,3,85.296
"D","mbd_stammler_spikein",5,"zicoseq","single",0,0,3,84.024
"D","mbd_stammler_spikein",6,"zicoseq","single",0,0,3,83.649
"D","mbd_stammler_spikein",7,"zicoseq","single",0,0,3,85.6890000000001
"D","mbd_stammler_spikein",8,"zicoseq","single",0,0,3,81.668
"D","mbd_stammler_spikein",9,"zicoseq","single",0,0,3,82.832
"D","mbd_stammler_spikein",10,"zicoseq","single",0,0,3,85.4309999999999
"D","mbd_stammler_spikein",11,"zicoseq","single",0,0,3,85.4930000000001
"D","mbd_stammler_spikein",12,"zicoseq","single",0,0,3,85.5530000000001
"D","mbd_stammler_spikein",13,"zicoseq","single",0,0,3,95.3419999999999
"D","mbd_stammler_spikein",14,"zicoseq","single",0,0,3,84.0820000000001
"D","mbd_stammler_spikein",15,"zicoseq","single",0,0,3,84.6900000000001
"D","mbd_stammler_spikein",16,"zicoseq","single",0,0,3,81.2329999999999
"D","mbd_stammler_spikein",17,"zicoseq","single",0,0,3,84.6870000000001
"D","mbd_stammler_spikein",18,"zicoseq","single",0,0,3,82.2339999999999
"D","mbd_stammler_spikein",19,"zicoseq","single",0,0,3,85.0510000000002
"D","mbd_stammler_spikein",20,"zicoseq","single",0,0,3,83.7649999999999
"D","mbd_stammler_spikein",21,"zicoseq","single",0,0,3,86.8910000000001
"D","mbd_stammler_spikein",22,"zicoseq","single",0,0,3,85.874
"D","mbd_stammler_spikein",23,"zicoseq","single",0,0,3,84.721
"D","mbd_stammler_spikein",24,"zicoseq","single",0,0,3,87.0130000000001
"D","mbd_stammler_spikein",25,"zicoseq","single",0,0,3,87.0459999999998
"D","mbd_stammler_spikein",26,"zicoseq","single",0,0,3,83.625
"D","mbd_stammler_spikein",27,"zicoseq","single",0,0,3,83.7080000000001
"D","mbd_stammler_spikein",28,"zicoseq","single",0,0,3,87.1839999999997
"D","mbd_stammler_spikein",29,"zicoseq","single",0,0,3,86.3969999999999
"D","mbd_stammler_spikein",30,"zicoseq","single",0,0,3,87.4390000000003
"D","mbd_stammler_spikein",31,"zicoseq","single",0,0,3,85.4049999999997
"D","mbd_stammler_spikein",32,"zicoseq","single",0,0,3,89.0070000000001
"D","mbd_stammler_spikein",33,"zicoseq","single",0,0,3,86.0079999999998
"D","mbd_stammler_spikein",34,"zicoseq","single",0,0,3,85.056
"D","mbd_stammler_spikein",35,"zicoseq","single",0,0,3,88.5709999999999
"D","mbd_stammler_spikein",36,"zicoseq","single",0,0,3,87.2619999999997
"D","mbd_stammler_spikein",37,"zicoseq","single",0,0,3,85.3220000000001
"D","mbd_stammler_spikein",38,"zicoseq","single",0,0,3,91.9740000000002
"D","mbd_stammler_spikein",39,"zicoseq","single",0,0,3,80.8139999999999
"D","mbd_stammler_spikein",40,"zicoseq","single",0,0,3,89.5570000000002
"D","mbd_stammler_spikein",41,"zicoseq","single",0,0,3,93.6119999999996
"D","mbd_stammler_spikein",42,"zicoseq","single",0,0,3,98.5940000000001
"D","mbd_stammler_spikein",43,"zicoseq","single",0,0,3,101.064
"D","mbd_stammler_spikein",44,"zicoseq","single",0,0,3,96.1099999999997
"D","mbd_stammler_spikein",45,"zicoseq","single",0,0,3,85.5950000000003
"D","mbd_stammler_spikein",46,"zicoseq","single",0,0,3,84.8009999999999
"D","mbd_stammler_spikein",47,"zicoseq","single",0,0,3,89.1300000000001
"D","mbd_stammler_spikein",48,"zicoseq","single",0,0,3,93.0649999999996
"D","mbd_stammler_spikein",49,"zicoseq","single",0,0,3,91.0299999999997
"D","mbd_stammler_spikein",50,"zicoseq","single",0,0,3,84.5609999999997
