"axis","template","split","method","arm","n_features","nhits","replication_pct","conflict_pct"
"E","crc_genus",1,"adapt","single",158,7,85.7142857142857,0
"E","crc_genus",2,"adapt","single",157,8,75,0
"E","crc_genus",3,"adapt","single",158,8,100,0
"E","crc_genus",4,"adapt","single",158,9,88.8888888888889,0
"E","crc_genus",5,"adapt","single",157,10,80,0
"E","crc_genus",1,"aldex2","single",158,2,0,0
"E","crc_genus",2,"aldex2","single",157,3,0,0
"E","crc_genus",3,"aldex2","single",158,2,0,0
"E","crc_genus",4,"aldex2","single",158,1,0,0
"E","crc_genus",5,"aldex2","single",157,2,0,0
"E","crc_genus",1,"ancombc2","single",158,0,NA,NA
"E","crc_genus",2,"ancombc2","single",157,0,NA,NA
"E","crc_genus",3,"ancombc2","single",158,0,NA,NA
"E","crc_genus",4,"ancombc2","single",158,0,NA,NA
"E","crc_genus",5,"ancombc2","single",157,0,NA,NA
"E","crc_genus",1,"corncob","single",158,9,44.4444444444444,0
"E","crc_genus",2,"corncob","single",157,10,40,0
"E","crc_genus",3,"corncob","single",158,9,44.4444444444444,0
"E","crc_genus",4,"corncob","single",158,11,36.3636363636364,0
"E","crc_genus",5,"corncob","single",157,13,30.7692307692308,0
"E","crc_genus",1,"fastancom","single",158,6,66.6666666666667,0
"E","crc_genus",2,"fastancom","single",157,4,0,0
"E","crc_genus",3,"fastancom","single",158,5,40,0
"E","crc_genus",4,"fastancom","single",158,3,0,0
"E","crc_genus",5,"fastancom","single",157,6,0,0
"E","crc_genus",1,"fastemu","single",158,0,NA,NA
"E","crc_genus",2,"fastemu","single",157,0,NA,NA
"E","crc_genus",3,"fastemu","single",158,1,0,0
"E","crc_genus",4,"fastemu","single",158,0,NA,NA
"E","crc_genus",5,"fastemu","single",157,1,0,0
"E","crc_genus",1,"ldm","single",158,8,75,0
"E","crc_genus",2,"ldm","single",157,9,22.2222222222222,0
"E","crc_genus",3,"ldm","single",158,12,16.6666666666667,0
"E","crc_genus",4,"ldm","single",158,13,61.5384615384615,0
"E","crc_genus",5,"ldm","single",157,13,46.1538461538462,0
"E","crc_genus",1,"limma_logtss","single",158,7,85.7142857142857,0
"E","crc_genus",2,"limma_logtss","single",157,7,28.5714285714286,0
"E","crc_genus",3,"limma_logtss","single",158,8,100,0
"E","crc_genus",4,"limma_logtss","single",158,8,100,0
"E","crc_genus",5,"limma_logtss","single",157,9,66.6666666666667,0
"E","crc_genus",1,"linda","single",158,8,100,0
"E","crc_genus",2,"linda","single",157,7,85.7142857142857,0
"E","crc_genus",3,"linda","single",158,8,100,0
"E","crc_genus",4,"linda","single",158,8,100,0
"E","crc_genus",5,"linda","single",157,10,80,0
"E","crc_genus",1,"lm_logtss","single",158,7,85.7142857142857,0
"E","crc_genus",2,"lm_logtss","single",157,7,28.5714285714286,0
"E","crc_genus",3,"lm_logtss","single",158,8,100,0
"E","crc_genus",4,"lm_logtss","single",158,8,100,0
"E","crc_genus",5,"lm_logtss","single",157,9,66.6666666666667,0
"E","crc_genus",1,"locom","single",158,3,0,0
"E","crc_genus",2,"locom","single",157,4,0,0
"E","crc_genus",3,"locom","single",158,6,33.3333333333333,0
"E","crc_genus",4,"locom","single",158,6,0,0
"E","crc_genus",5,"locom","single",157,4,0,0
"E","crc_genus",1,"locom2","single",158,1,0,0
"E","crc_genus",2,"locom2","single",157,2,0,0
"E","crc_genus",3,"locom2","single",158,7,0,0
"E","crc_genus",4,"locom2","single",158,5,40,0
"E","crc_genus",5,"locom2","single",157,5,40,0
"E","crc_genus",1,"logistic_presence","single",158,7,85.7142857142857,0
"E","crc_genus",2,"logistic_presence","single",157,6,66.6666666666667,0
"E","crc_genus",3,"logistic_presence","single",158,8,75,0
"E","crc_genus",4,"logistic_presence","single",158,8,100,0
"E","crc_genus",5,"logistic_presence","single",157,7,85.7142857142857,0
"E","crc_genus",1,"maaslin3","abundance",158,10,0,0
"E","crc_genus",1,"maaslin3","presence",158,9,66.6666666666667,0
"E","crc_genus",1,"maaslin3","combined",158,16,12.5,0
"E","crc_genus",2,"maaslin3","abundance",157,12,0,0
"E","crc_genus",2,"maaslin3","presence",157,8,75,0
"E","crc_genus",2,"maaslin3","combined",157,18,11.1111111111111,0
"E","crc_genus",3,"maaslin3","abundance",158,15,26.6666666666667,0
"E","crc_genus",3,"maaslin3","presence",158,13,61.5384615384615,0
"E","crc_genus",3,"maaslin3","combined",158,27,44.4444444444444,0
"E","crc_genus",4,"maaslin3","abundance",158,6,0,0
"E","crc_genus",4,"maaslin3","presence",158,9,88.8888888888889,0
"E","crc_genus",4,"maaslin3","combined",158,12,0,0
"E","crc_genus",5,"maaslin3","abundance",157,15,0,0
"E","crc_genus",5,"maaslin3","presence",157,11,72.7272727272727,0
"E","crc_genus",5,"maaslin3","combined",157,23,26.0869565217391,0
"E","crc_genus",1,"pursue","abundance",158,2,0,0
"E","crc_genus",1,"pursue","presence",158,4,50,0
"E","crc_genus",1,"pursue","combined",158,6,33.3333333333333,0
"E","crc_genus",2,"pursue","abundance",157,10,0,0
"E","crc_genus",2,"pursue","presence",157,4,0,0
"E","crc_genus",2,"pursue","combined",157,3,0,0
"E","crc_genus",3,"pursue","abundance",158,4,0,0
"E","crc_genus",3,"pursue","presence",158,5,40,0
"E","crc_genus",3,"pursue","combined",158,6,66.6666666666667,0
"E","crc_genus",4,"pursue","abundance",158,5,0,0
"E","crc_genus",4,"pursue","presence",158,4,50,0
"E","crc_genus",4,"pursue","combined",158,7,28.5714285714286,0
"E","crc_genus",5,"pursue","abundance",157,0,NA,NA
"E","crc_genus",5,"pursue","presence",157,6,33.3333333333333,0
"E","crc_genus",5,"pursue","combined",157,4,0,0
"E","crc_genus",1,"pursue03_epermcs1","single",158,7,85.7142857142857,0
"E","crc_genus",2,"pursue03_epermcs1","single",157,12,50,0
"E","crc_genus",3,"pursue03_epermcs1","single",158,7,85.7142857142857,0
"E","crc_genus",4,"pursue03_epermcs1","single",158,8,100,0
"E","crc_genus",5,"pursue03_epermcs1","single",157,8,75,0
"E","crc_genus",1,"wilcoxon_tss","single",158,8,75,0
"E","crc_genus",2,"wilcoxon_tss","single",157,8,75,0
"E","crc_genus",3,"wilcoxon_tss","single",158,9,66.6666666666667,22.2222222222222
"E","crc_genus",4,"wilcoxon_tss","single",158,11,72.7272727272727,0
"E","crc_genus",5,"wilcoxon_tss","single",157,11,72.7272727272727,0
"E","crc_genus",1,"zicoseq","single",158,9,88.8888888888889,0
"E","crc_genus",2,"zicoseq","single",157,9,66.6666666666667,0
"E","crc_genus",3,"zicoseq","single",158,8,75,0
"E","crc_genus",4,"zicoseq","single",158,10,80,0
"E","crc_genus",5,"zicoseq","single",157,10,80,0
