"regime_id","method","arm","fdr_05","tpr_05","fdr_10","tpr_10","pauc10","fpr05","ks_null","shadow","est_bias","est_rmse","ci_cover","runtime_s","n_pos","n_tested","n_rej_05","tp_05","fp_05","fdr_05_se","tpr_05_se","fdr_10_se","tpr_10_se","pauc10_se","fpr05_se","ks_null_se","shadow_se","est_bias_se","est_rmse_se","ci_cover_se","runtime_s_se","n_pos_se","n_tested_se","n_rej_05_se","tp_05_se","fp_05_se","n_cells"
"cluster","adapt","single",0.052,NA,0.088,NA,NA,0.0474515145932513,0.0778586280207953,NA,NA,NA,NA,0.837729999999999,0,786.368,0.084,NA,0.084,0.00993929470125102,NA,0.0126820214214718,NA,NA,0.00119153512356541,0.00210411131099505,NA,NA,NA,NA,0.0379607066411748,0,42.4054153103975,0.019251733909366,NA,0.019251733909366,500
"cluster","aldex2","single",0.008,NA,0.016,NA,NA,0.00631452660970523,0.277914539551041,NA,NA,NA,NA,50.0228,0,786.368,0.012,NA,0.012,0.00398795782515694,NA,0.00561703678147195,NA,NA,0.000470441806926353,0.00284754156078884,NA,NA,NA,NA,3.04911346206485,0,42.4054153103975,0.00691430511551674,NA,0.00691430511551674,500
"cluster","ancombc2","single",0.048,NA,0.048,NA,NA,0.429282574213281,0.426522777248859,NA,NA,NA,NA,164.711894,0,786.368,0.24,NA,0.24,0.00956949059775917,NA,0.00956949059775917,NA,NA,0.00503167996824925,0.00370504372016788,NA,NA,NA,NA,11.2610052129049,0,42.4054153103975,0.108611200092675,NA,0.108611200092675,500
"cluster","corncob","single",0.912,NA,0.952,NA,NA,0.139677131882487,0.130890623166244,NA,NA,NA,NA,50.740042,0,740.716,18.496,NA,18.496,0.0126820214214718,NA,0.00956949059775917,NA,NA,0.00244831510918051,0.00282834949692174,NA,NA,NA,NA,2.72848238470689,0,39.1037718978781,0.997296931881715,NA,0.997296931881715,500
"cluster","fastancom","single",0.01,NA,0.032,NA,NA,0.0316505417090212,0.13013133949022,NA,NA,NA,NA,0.157912000000005,0,786.368,0.016,NA,0.016,0.00445417549707209,NA,0.00787884206623088,NA,NA,0.00168562440286672,0.00388657985057637,NA,NA,NA,NA,0.0141303885393351,0,42.4054153103975,0.00797591565031388,NA,0.00797591565031388,500
"cluster","ldm","single",0.024,NA,0.084,NA,NA,0.0485217760159571,0.0796458244095074,NA,NA,NA,NA,17.557734,0,786.368,0.036,NA,0.036,0.00685141472745119,NA,0.0124175840156437,NA,NA,0.00131638685388967,0.00227282094469153,NA,NA,NA,NA,0.870465962831048,0,42.4054153103975,0.0122354981439114,NA,0.0122354981439114,500
"cluster","limma_logtss","single",0.05,NA,0.074,NA,NA,0.0512046455334515,0.124513804685663,NA,NA,NA,NA,0.046394,0,786.368,0.554,NA,0.554,0.009756555783755,NA,0.0117184745291604,NA,NA,0.00266265189510551,0.00351449091073841,NA,NA,NA,NA,0.000627465500173368,0,42.4054153103975,0.252121594864848,NA,0.252121594864848,500
"cluster","linda","single",0.122,NA,0.178,NA,NA,0.0532238124282757,0.0772127462425395,NA,NA,NA,NA,0.892114,0,786.368,1.442,NA,1.442,0.0146513249450447,NA,0.0171236221890623,NA,NA,0.00144490350113998,0.00213194009655319,NA,NA,NA,NA,0.0676345355480882,0,42.4054153103975,0.555249381585881,NA,0.555249381585881,500
"cluster","lm_logtss","single",0.056,NA,0.082,NA,NA,0.0517458892511563,0.123176605182877,NA,NA,NA,NA,0.04024,0,786.368,0.574,NA,0.574,0.0102927100298959,NA,0.0122822517241274,NA,NA,0.00265659605111256,0.0034265218866112,NA,NA,NA,NA,0.000377626805203253,0,42.4054153103975,0.254011992205818,NA,0.254011992205818,500
"cluster","locom","single",0.096,NA,0.134,NA,NA,0.0493507655368105,0.0737711737671076,NA,NA,NA,NA,827.059752,0,448.792,0.476,NA,0.476,0.0131877151797924,NA,0.0152496920038545,NA,NA,0.00117013088440005,0.00190491365630315,NA,NA,NA,NA,50.2343490530041,0,20.3818126290104,0.0931030846359962,NA,0.0931030846359962,500
"cluster","locom2","single",0.08,NA,0.128,NA,NA,0.0418298614048416,0.0808584828263163,NA,NA,NA,NA,105.789828,0,467.638,0.106,NA,0.106,0.0121447515404787,NA,0.0149559138375906,NA,NA,0.00104147319062039,0.00209383692120417,NA,NA,NA,NA,9.89070017622234,0,28.7186341912637,0.0176110276983822,NA,0.0176110276983822,500
"cluster","logistic_presence","single",0.058,NA,0.1,NA,NA,0.0530718449922826,0.0964973876999188,NA,NA,NA,NA,1.074942,0,787.004,0.118,NA,0.118,0.0104637938609248,NA,0.0134298444310754,NA,NA,0.00133295163633186,0.00375453719480665,NA,NA,NA,NA,0.0600337289070483,0,42.3573751598096,0.0371336750085321,NA,0.0371336750085321,500
"cluster","maaslin3","abundance",0.578,NA,0.696,NA,NA,0.0480757509715751,0.0602882434835574,NA,NA,NA,NA,21.99746,0,726.562,6.678,NA,6.678,0.0221090393106186,NA,0.0205916495712249,NA,NA,0.000779745844081414,0.00155303357251964,NA,NA,NA,NA,1.06516453567367,0,39.3571504926589,0.611378933559868,NA,0.611378933559868,500
"cluster","maaslin3","combined",0.64,NA,0.746,NA,NA,0.0517857295663051,0.0940768137098241,NA,NA,NA,NA,21.99746,0,786.368,10.492,NA,10.492,0.0214877510897206,NA,0.0194865968016434,NA,NA,0.00109914151004694,0.0021053364309197,NA,NA,NA,NA,1.06516453567367,0,42.4054153103975,0.83441738761456,NA,0.83441738761456,500
"cluster","maaslin3","presence",0.508,NA,0.648,NA,NA,0.0397875653883021,0.0818010827788902,NA,NA,NA,NA,21.99746,0,785.528,2.874,NA,2.874,0.022380208834928,NA,0.0213800423859461,NA,NA,0.00122743074540003,0.0021631290159139,NA,NA,NA,NA,1.06516453567367,0,42.4154556758782,0.235684837622981,NA,0.235684837622981,500
"cluster","pursue","abundance",0.104417670682731,NA,0.172690763052209,NA,NA,0.0496628808637646,0.0643741269347667,NA,NA,NA,NA,45.1391726907631,0,701.066265060241,0.291164658634538,NA,0.291164658634538,0.013717076605731,NA,0.0169547072936631,NA,NA,0.00100868612319806,0.00168241668355747,NA,NA,NA,NA,2.74093667926217,0,40.1259334902596,0.0621746621023452,NA,0.0621746621023452,498
"cluster","pursue","combined",0.0783132530120482,NA,0.118473895582329,NA,NA,0.0324232848551132,0.183072602351211,NA,NA,NA,NA,45.1391726907631,0,789.526104417671,0.182730923694779,NA,0.182730923694779,0.0120512226196853,NA,0.0144960850642126,NA,NA,0.000928076968889187,0.00343339379145383,NA,NA,NA,NA,2.74093667926217,0,42.5169313878845,0.0400182724512668,NA,0.0400182724512668,498
"cluster","pursue","presence",0.0240963855421687,NA,0.0441767068273092,NA,NA,0.018442317945086,0.350529572098438,NA,NA,NA,NA,45.1391726907631,0,787.437751004016,0.0240963855421687,NA,0.0240963855421687,0.00687861845453007,NA,0.00921737548696005,NA,NA,0.000845581302123254,0.0056743502546621,NA,NA,NA,NA,2.74093667926217,0,42.5260454373261,0.00687861845453007,NA,0.00687861845453007,498
"cluster","pursue","single",0,NA,0,NA,NA,NA,NA,NA,NA,NA,NA,0.022,0,0,0,NA,0,0,NA,0,NA,NA,NA,NA,NA,NA,NA,NA,0.0010000000000001,0,0,0,NA,0,2
"cluster","wilcoxon_tss","single",0.064,NA,0.108,NA,NA,0.0475715107864247,0.0872156272342721,NA,NA,NA,NA,0.526012,0,786.368,0.24,NA,0.24,0.010956646210971,NA,0.0138945354809891,NA,NA,0.00134324961358626,0.00251673231278689,NA,NA,NA,NA,0.0273868394244264,0,42.4054153103975,0.108426531002566,NA,0.108426531002566,500
"cluster","zicoseq","single",0.06,NA,0.136,NA,NA,0.0550455811658714,0.0850751871554974,NA,NA,NA,NA,239.48152,0,786.368,0.732,NA,0.732,0.0106313711300193,NA,0.0153453236497583,NA,NA,0.00169111681450601,0.00239094580567691,NA,NA,NA,NA,13.9117737330473,0,42.4054153103975,0.370971146024006,NA,0.370971146024006,500
"depth_quintile","adapt","single",0.04,NA,0.084,NA,NA,0.0463582737537605,0.0748572789650904,NA,NA,NA,NA,0.825978000000005,0,789.262,0.126,NA,0.126,0.00877233764829143,NA,0.0124175840156437,NA,NA,0.00117427228111805,0.00213785519479187,NA,NA,NA,NA,0.0366826311199705,0,42.3425733481976,0.071990368984003,NA,0.071990368984003,500
"depth_quintile","aldex2","single",0,NA,0.004,NA,NA,0.00564235975481611,0.278529634887846,NA,NA,NA,NA,47.511494,0,789.262,0,NA,0,0,NA,0.00282559160811886,NA,NA,0.000385152838921633,0.00293392193324264,NA,NA,NA,NA,2.71695927264992,0,42.3425733481976,0,NA,0,500
"depth_quintile","ancombc2","single",0.004,NA,0.004,NA,NA,0.411451256769079,0.408101190921532,NA,NA,NA,NA,124.015938,0,789.262,0.004,NA,0.004,0.00282559160811886,NA,0.00282559160811886,NA,NA,0.00431485606483435,0.00311892073683563,NA,NA,NA,NA,6.2648208117592,0,42.3425733481976,0.00282559160811886,NA,0.00282559160811886,500
"depth_quintile","corncob","single",0.914,NA,0.958,NA,NA,0.140512396483094,0.132671628930283,NA,NA,NA,NA,48.284102,0,780.932,17.468,NA,17.468,0.012550818542716,NA,0.00897960280486092,NA,NA,0.00226833199110348,0.00273675820865663,NA,NA,NA,NA,2.45713374643688,0,42.3775524618555,0.938635192206267,NA,0.938635192206267,500
"depth_quintile","fastancom","single",0.004,NA,0.016,NA,NA,0.027811455783412,0.119599623259662,NA,NA,NA,NA,0.167490000000002,0,789.262,0.088,NA,0.088,0.00282559160811886,NA,0.00561703678147195,NA,NA,0.00143776309115386,0.0034230426001582,NA,NA,NA,NA,0.0155575645726075,0,42.3425733481976,0.0840871768262749,NA,0.0840871768262749,500
"depth_quintile","ldm","single",0.04,NA,0.084,NA,NA,0.0481948046748314,0.0737493718040328,NA,NA,NA,NA,16.741184,0,789.262,0.054,NA,0.054,0.00877233764829143,NA,0.0124175840156437,NA,NA,0.00120430158957983,0.00210120266167495,NA,NA,NA,NA,0.807684837652804,0,42.3425733481976,0.0129035267273722,NA,0.0129035267273722,500
"depth_quintile","limma_logtss","single",0.036,NA,0.066,NA,NA,0.0484339304787005,0.118254618808205,NA,NA,NA,NA,0.04555,0,789.262,1.016,NA,1.016,0.00833949004366434,NA,0.0111146331536529,NA,NA,0.00247831316178484,0.00342129747867563,NA,NA,NA,NA,0.000665682556879077,0,42.3425733481976,0.938253765383605,NA,0.938253765383605,500
"depth_quintile","linda","single",0.056,NA,0.104,NA,NA,0.0517468322062194,0.0744734616668146,NA,NA,NA,NA,0.874152,0,789.262,0.174,NA,0.174,0.0102927100298959,NA,0.0136653387431828,NA,NA,0.00142856829863218,0.00217597742193964,NA,NA,NA,NA,0.0657492205413538,0,42.3425733481976,0.071003739775622,NA,0.071003739775622,500
"depth_quintile","lm_logtss","single",0.044,NA,0.084,NA,NA,0.0486559141680174,0.117629380852318,NA,NA,NA,NA,0.039966,0,789.262,1.034,NA,1.034,0.00918131761711644,NA,0.0124175840156437,NA,NA,0.0024684069483174,0.00342370039308209,NA,NA,NA,NA,0.000383321743602207,0,42.3425733481976,0.948168621855281,NA,0.948168621855281,500
"depth_quintile","locom","single",0.108,NA,0.136,NA,NA,0.0502382815833206,0.0763040287703491,NA,NA,NA,NA,814.89292,0,455.74,0.504,NA,0.504,0.0138945354809891,NA,0.0153453236497583,NA,NA,0.00128068143697281,0.00207887950822667,NA,NA,NA,NA,48.1448367803217,0,20.2825194191446,0.208333323179692,NA,0.208333323179692,500
"depth_quintile","locom2","single",0.104,NA,0.146,NA,NA,0.0430480149193809,0.0760337642367241,NA,NA,NA,NA,112.491188,0,720.362,0.148,NA,0.148,0.0136653387431828,NA,0.0158072051758349,NA,NA,0.00110991697469518,0.00200546190101251,NA,NA,NA,NA,6.04546768509437,0,43.6600746925187,0.023776514574062,NA,0.023776514574062,500
"depth_quintile","logistic_presence","single",0.048,NA,0.102,NA,NA,0.053707363848395,0.0872522834432273,NA,NA,NA,NA,1.023904,0,787.144,0.324,NA,0.324,0.00956949059775917,NA,0.0135483991023469,NA,NA,0.00142625389754245,0.00238189187580238,NA,NA,NA,NA,0.0539727478695794,0,42.3542074924396,0.254604979116241,NA,0.254604979116241,500
"depth_quintile","maaslin3","abundance",0.58,NA,0.71,NA,NA,0.0478250124020191,0.0584531968486143,NA,NA,NA,NA,21.89441,0,762.95,4.11,NA,4.11,0.0220947132297618,NA,0.0203131792317451,NA,NA,0.00078168337818953,0.00162778786954469,NA,NA,NA,NA,1.06989518330082,0,42.6150846753091,0.278508408971319,NA,0.278508408971319,500
"depth_quintile","maaslin3","combined",0.646,NA,0.764,NA,NA,0.0497175268964105,0.0904842222961152,NA,NA,NA,NA,21.89441,0,789.262,7.646,NA,7.646,0.0214075820479165,NA,0.0190086996220848,NA,NA,0.00100934162550771,0.00184766212732974,NA,NA,NA,NA,1.06989518330082,0,42.3425733481976,0.527155721119118,NA,0.527155721119118,500
"depth_quintile","maaslin3","presence",0.484,NA,0.614,NA,NA,0.038672522532323,0.0730786653406724,NA,NA,NA,NA,21.89441,0,788.402,2.766,NA,2.766,0.0223716109825804,NA,0.0217935292192812,NA,NA,0.00107711967099386,0.00199585958708879,NA,NA,NA,NA,1.06989518330082,0,42.3531895625849,0.268996666174184,NA,0.268996666174184,500
"depth_quintile","pursue","abundance",0.088,NA,0.146,NA,NA,0.0493730448534336,0.0627318951806994,NA,NA,NA,NA,42.031038,0,730.436,0.114,NA,0.114,0.0126820214214718,NA,0.0158072051758349,NA,NA,0.000968959380454046,0.00177819928300213,NA,NA,NA,NA,2.37282142487077,0,43.3468313418959,0.0179625528979938,NA,0.0179625528979938,500
"depth_quintile","pursue","combined",0.048,NA,0.09,NA,NA,0.0316930312582834,0.187226031566683,NA,NA,NA,NA,42.031038,0,789.262,0.056,NA,0.056,0.00956949059775917,NA,0.0128112550717338,NA,NA,0.000817576372460791,0.00302727589303263,NA,NA,NA,NA,2.37282142487077,0,42.3425733481976,0.0117475107157232,NA,0.0117475107157232,500
"depth_quintile","pursue","presence",0.018,NA,0.044,NA,NA,0.0184141734662005,0.358948347068185,NA,NA,NA,NA,42.031038,0,787.144,0.018,NA,0.018,0.00595170947639271,NA,0.00918131761711644,NA,NA,0.000782253950949946,0.0058425340627578,NA,NA,NA,NA,2.37282142487077,0,42.3542074924396,0.00595170947639271,NA,0.00595170947639271,500
"depth_quintile","wilcoxon_tss","single",0.026,NA,0.06,NA,NA,0.045867993453196,0.0806607818097537,NA,NA,NA,NA,0.525018,0,789.262,0.184,NA,0.184,0.00712386826085351,NA,0.0106313711300193,NA,NA,0.00127866452705662,0.00232496507034107,NA,NA,NA,NA,0.0272851088633226,0,42.3425733481976,0.150337922634191,NA,0.150337922634191,500
"depth_quintile","zicoseq","single",0.07,NA,0.12,NA,NA,0.0529994437640614,0.0755939726795131,NA,NA,NA,NA,239.325386,0,789.262,0.226,NA,0.226,0.0114219491262957,NA,0.0145472762568457,NA,NA,0.00147197643688525,0.00222454680924319,NA,NA,NA,NA,13.7176045379424,0,42.3425733481976,0.0555339178526432,NA,0.0555339178526432,500
"full","adapt","single",0.044,NA,0.066,NA,NA,0.0477718551570336,0.0742141753993581,NA,NA,NA,NA,0.839855999999992,0,791.664,0.156,NA,0.156,0.00918131761711644,NA,0.0111146331536529,NA,NA,0.00114306144919716,0.0019961013274321,NA,NA,NA,NA,0.0379058395484354,0,42.4651189904107,0.0970885181714163,NA,0.0970885181714163,500
"full","aldex2","single",0.004,NA,0.008,NA,NA,0.00556714161268773,0.27859018705803,NA,NA,NA,NA,45.9661,0,791.664,0.006,NA,0.006,0.00282559160811886,NA,0.00398795782515694,NA,NA,0.000456042217397341,0.00274546221957097,NA,NA,NA,NA,2.55503188320074,0,42.4651189904107,0.00446854963850056,NA,0.00446854963850056,500
"full","ancombc2","single",0.008,NA,0.008,NA,NA,0.410531489951851,0.409691336380648,NA,NA,NA,NA,126.540004,0,791.664,0.024,NA,0.024,0.00398795782515694,NA,0.00398795782515694,NA,NA,0.00436480915036884,0.00310470482287719,NA,NA,NA,NA,6.74048101323366,0,42.4651189904107,0.0183171787695636,NA,0.0183171787695636,500
"full","corncob","single",0.908,NA,0.956,NA,NA,0.139796743491606,0.131991540937661,NA,NA,NA,NA,48.43696,0,784.25,17.338,NA,17.338,0.0129385785010276,NA,0.00918131761711644,NA,NA,0.00238445270296948,0.00283051252132845,NA,NA,NA,NA,2.4924512955768,0,42.4964456724275,0.935515842614954,NA,0.935515842614954,500
"full","fastancom","single",0.008,NA,0.01,NA,NA,0.0270041631849065,0.121675939411617,NA,NA,NA,NA,0.154643999999998,0,791.664,0.042,NA,0.042,0.00398795782515694,NA,0.00445417549707209,NA,NA,0.00124216377717327,0.00339586342456244,NA,NA,NA,NA,0.0138898620245888,0,42.4651189904107,0.0361536467364592,NA,0.0361536467364592,500
"full","ldm","single",0.028,NA,0.064,NA,NA,0.0482660396312739,0.0749866514682407,NA,NA,NA,NA,15.987084,0,791.664,0.038,NA,0.038,0.00738519344122608,NA,0.010956646210971,NA,NA,0.00121304153963489,0.00208521297674271,NA,NA,NA,NA,1.06276267468485,0,42.4651189904107,0.0110161113565013,NA,0.0110161113565013,500
"full","limma_logtss","single",0.032,NA,0.06,NA,NA,0.0499991736953839,0.118026876096675,NA,NA,NA,NA,0.045826,0,791.664,0.848,NA,0.848,0.00787884206623088,NA,0.0106313711300193,NA,NA,0.00246773945369515,0.00337018964761109,NA,NA,NA,NA,0.000634018459363469,0,42.4651189904107,0.509880130515977,NA,0.509880130515977,500
"full","linda","single",0.05,NA,0.092,NA,NA,0.0528620329787959,0.0724234234572657,NA,NA,NA,NA,0.878664,0,791.664,0.324,NA,0.324,0.009756555783755,NA,0.0129385785010276,NA,NA,0.00135015989059808,0.00196955420685167,NA,NA,NA,NA,0.0659275702513485,0,42.4651189904107,0.229240376680464,NA,0.229240376680464,500
"full","lm_logtss","single",0.034,NA,0.062,NA,NA,0.0503803696589331,0.117750745261948,NA,NA,NA,NA,0.039802,0,791.664,0.852,NA,0.852,0.00811293037555217,NA,0.0107956051326621,NA,NA,0.00243759488258797,0.00336427976867921,NA,NA,NA,NA,0.000393368872866526,0,42.4651189904107,0.518387541600464,NA,0.518387541600464,500
"full","locom","single",0.104,NA,0.134,NA,NA,0.0502048514853984,0.0747441326580311,NA,NA,NA,NA,818.18153,0,458.51,0.39,NA,0.39,0.0136653387431828,NA,0.0152496920038545,NA,NA,0.00129161431211345,0.00189552578184404,NA,NA,NA,NA,48.0008428801131,0,20.318613533207,0.0837246656564155,NA,0.0837246656564155,500
"full","locom2","single",0.098,NA,0.148,NA,NA,0.0420474810375949,0.0777962028759759,NA,NA,NA,NA,113.772284,0,722.764,0.144,NA,0.144,0.0133096315721049,NA,0.0158964585612513,NA,NA,0.00101857897685929,0.00202959431916853,NA,NA,NA,NA,6.0776493980863,0,43.7865076606279,0.0233155576913983,NA,0.0233155576913983,500
"full","logistic_presence","single",0.06,NA,0.108,NA,NA,0.05528128850653,0.0891870805356406,NA,NA,NA,NA,1.034878,0,789.538,0.206,NA,0.206,0.0106313711300193,NA,0.0138945354809891,NA,NA,0.00142015803709383,0.0025131866395046,NA,NA,NA,NA,0.0556086094874729,0,42.4784957161693,0.12502155325205,NA,0.12502155325205,500
"full","maaslin3","abundance",0.558,NA,0.692,NA,NA,0.0474061529847395,0.0576619386471878,NA,NA,NA,NA,22.07246,0,765.686,4.058,NA,4.058,0.0222319706963212,NA,0.0206670329874661,NA,NA,0.000797361788786132,0.00162104940349854,NA,NA,NA,NA,1.0791850552708,0,42.7349059104422,0.283729231051554,NA,0.283729231051554,500
"full","maaslin3","combined",0.628,NA,0.756,NA,NA,0.050639374077671,0.0895591187749775,NA,NA,NA,NA,22.07246,0,791.664,7.632,NA,7.632,0.0216371979857223,NA,0.0192267348936146,NA,NA,0.000960562864579234,0.00199993595109313,NA,NA,NA,NA,1.0791850552708,0,42.4651189904107,0.525243670906804,NA,0.525243670906804,500
"full","maaslin3","presence",0.478,NA,0.638,NA,NA,0.0394348509432538,0.0732975009589404,NA,NA,NA,NA,22.07246,0,790.796,2.766,NA,2.766,0.0223613967392079,NA,0.0215136625275824,NA,NA,0.00102758885016297,0.00209696113449868,NA,NA,NA,NA,1.0791850552708,0,42.4758803745748,0.227732765373913,NA,0.227732765373913,500
"full","pursue","abundance",0.08,NA,0.128,NA,NA,0.0495925020043775,0.0639819511805949,NA,NA,NA,NA,42.560882,0,732.83,0.11,NA,0.11,0.0121447515404787,NA,0.0149559138375906,NA,NA,0.0010438162144119,0.00176249966576938,NA,NA,NA,NA,2.43549908297715,0,43.4732304496855,0.0182336208653059,NA,0.0182336208653059,500
"full","pursue","combined",0.056,NA,0.094,NA,NA,0.0322667407529491,0.183620450022986,NA,NA,NA,NA,42.560882,0,791.664,0.06,NA,0.06,0.0102927100298959,NA,0.0130640475610492,NA,NA,0.000835995066401146,0.00297906380288013,NA,NA,NA,NA,2.43549908297715,0,42.4651189904107,0.0113603748279916,NA,0.0113603748279916,500
"full","pursue","presence",0.022,NA,0.04,NA,NA,0.0192263814927186,0.354579392629923,NA,NA,NA,NA,42.560882,0,789.538,0.024,NA,0.024,0.00656644778194009,NA,0.00877233764829143,NA,NA,0.000733622094394626,0.00586195682934107,NA,NA,NA,NA,2.43549908297715,0,42.4784957161693,0.00741336063008291,NA,0.00741336063008291,500
"full","wilcoxon_tss","single",0.034,NA,0.05,NA,NA,0.0474566223639024,0.0811085623188793,NA,NA,NA,NA,0.523842,0,791.664,0.188,NA,0.188,0.00811293037555217,NA,0.009756555783755,NA,NA,0.00124104034023196,0.00241116165425997,NA,NA,NA,NA,0.027037877129526,0,42.4651189904107,0.146411011774175,NA,0.146411011774175,500
"full","zicoseq","single",0.052,NA,0.11,NA,NA,0.0538413931379766,0.0756543719640344,NA,NA,NA,NA,234.871844,0,791.664,0.19,NA,0.19,0.00993929470125102,NA,0.0140068691994157,NA,NA,0.00142164257731112,0.00225830321091328,NA,NA,NA,NA,13.5075460032476,0,42.4651189904107,0.0913262337005302,NA,0.0913262337005302,500
"stratified","adapt","single",0.052,NA,0.084,NA,NA,0.046510566287837,0.0736329852013286,NA,NA,NA,NA,0.925712000000012,0,789.576,0.064,NA,0.064,0.00993929470125102,NA,0.0124175840156437,NA,NA,0.00112717403010025,0.00208587128041288,NA,NA,NA,NA,0.0429612731666122,0,42.4128422393695,0.0132725400975579,NA,0.0132725400975579,500
"stratified","aldex2","single",0,NA,0.002,NA,NA,0.00326470105930669,0.310127545281273,NA,NA,NA,NA,227.798176,0,789.586,0,NA,0,0,NA,0.002,NA,NA,0.000298051224964229,0.00282493843898303,NA,NA,NA,NA,12.0927537587372,0,42.4127942895407,0,NA,0,500
"stratified","ancombc2","single",0.008,NA,0.008,NA,NA,0.415585859730706,0.416940239143156,NA,NA,NA,NA,184.251848,0,789.586,0.014,NA,0.014,0.00398795782515694,NA,0.00398795782515694,NA,NA,0.00480814183980155,0.00299657342977908,NA,NA,NA,NA,9.63336360276971,0,42.4127942895407,0.00870399443003476,NA,0.00870399443003476,500
"stratified","corncob","single",0.86,NA,0.902,NA,NA,0.129782257241453,0.13195630294918,NA,NA,NA,NA,52.763392,0,775.876,14.418,NA,14.418,0.0155332728402697,NA,0.0133096315721049,NA,NA,0.00208675088706871,0.00254221154242795,NA,NA,NA,NA,2.90310750863727,0,42.5102125799812,0.783086841930068,NA,0.783086841930068,500
"stratified","fastancom","single",0.016,NA,0.028,NA,NA,0.0303915906369413,0.123987502164188,NA,NA,NA,NA,0.146125999999989,0,789.586,0.018,NA,0.018,0.00561703678147195,NA,0.00738519344122608,NA,NA,0.00207920193969359,0.0041057089979621,NA,NA,NA,NA,0.0123270715758142,0,42.4127942895407,0.00659081768489396,NA,0.00659081768489396,500
"stratified","ldm","single",0.038,NA,0.074,NA,NA,0.0459344215588957,0.0729699859983654,NA,NA,NA,NA,19.50705,0,789.586,0.084,NA,0.084,0.00855911894029217,NA,0.0117184745291604,NA,NA,0.00108238547936138,0.0020752152546195,NA,NA,NA,NA,0.864201934790238,0,42.4127942895407,0.0271912988558276,NA,0.0271912988558276,500
"stratified","limma_logtss","single",0.032,NA,0.054,NA,NA,0.0465401929888002,0.116811424023226,NA,NA,NA,NA,0.04681,0,789.586,1.732,NA,1.732,0.00787884206623088,NA,0.0101179417615927,NA,NA,0.00255420573980535,0.00341758752415045,NA,NA,NA,NA,0.000640919148340428,0,42.4127942895407,1.48857517919931,NA,1.48857517919931,500
"stratified","linda","single",0.06,NA,0.108,NA,NA,0.0503045649851748,0.0734983255587974,NA,NA,NA,NA,1.174076,0,789.586,0.172,NA,0.172,0.0106313711300193,NA,0.0138945354809891,NA,NA,0.00146660431580507,0.00206137125551112,NA,NA,NA,NA,0.0802768768098803,0,42.4127942895407,0.0526343304839245,NA,0.0526343304839245,500
"stratified","lm_logtss","single",0.032,NA,0.052,NA,NA,0.0467416669719249,0.116584832673375,NA,NA,NA,NA,0.050382,0,789.586,1.668,NA,1.668,0.00787884206623088,NA,0.00993929470125102,NA,NA,0.00254131506547878,0.00342205191712545,NA,NA,NA,NA,0.000365353415525944,0,42.4127942895407,1.43135078934702,NA,1.43135078934702,500
"stratified","locom","single",0.054,NA,0.082,NA,NA,0.044318173877487,0.0791481562981268,NA,NA,NA,NA,916.232978,0,457.062,0.168,NA,0.168,0.0101179417615927,NA,0.0122822517241274,NA,NA,0.00121997041601864,0.00206580074168333,NA,NA,NA,NA,49.4233002515702,0,20.3161837695448,0.0810721739858355,NA,0.0810721739858355,500
"stratified","locom2","single",0.09,NA,0.13,NA,NA,0.041237625932437,0.077529519975555,NA,NA,NA,NA,167.62693,0,752.38,0.588,NA,0.588,0.0128112550717338,NA,0.015055009352811,NA,NA,0.00131889170179484,0.00212677409710314,NA,NA,NA,NA,8.68045958948647,0,43.156033432688,0.377541503909635,NA,0.377541503909635,500
"stratified","logistic_presence","single",0.036,NA,0.098,NA,NA,0.0556901302524667,0.0792158084316886,NA,NA,NA,NA,1.099026,0,787.482,0.072,NA,0.072,0.00833949004366434,NA,0.0133096315721049,NA,NA,0.00152418312652123,0.00225150756038986,NA,NA,NA,NA,0.0572896504680339,0,42.4238373476823,0.0231236113703204,NA,0.0231236113703204,500
"stratified","maaslin3","abundance",0.518,NA,0.616,NA,NA,0.0453527202571169,0.0589458814755899,NA,NA,NA,NA,27.336414,0,750.98,2.448,NA,2.448,0.0223685651173879,NA,0.0217723694655471,NA,NA,0.000780037891010392,0.00166768055469058,NA,NA,NA,NA,1.32497607784705,0,42.9108395571912,0.172400800671413,NA,0.172400800671413,500
"stratified","maaslin3","combined",0.574,NA,0.672,NA,NA,0.0483995478677858,0.0880105292386946,NA,NA,NA,NA,27.336414,0,789.586,4.336,NA,4.336,0.0221365773350856,NA,0.0210170271651755,NA,NA,0.00107972033748939,0.00191642880444383,NA,NA,NA,NA,1.32497607784705,0,42.4127942895407,0.300510934315686,NA,0.300510934315686,500
"stratified","maaslin3","presence",0.376,NA,0.53,NA,NA,0.0396372170232879,0.0727908786326967,NA,NA,NA,NA,27.336414,0,788.722,1.368,NA,1.368,0.0216838275392862,NA,0.0223427481925028,NA,NA,0.00128752606162687,0.00209112038667114,NA,NA,NA,NA,1.32497607784705,0,42.4230274727288,0.120724068027889,NA,0.120724068027889,500
"stratified","pursue","abundance",0.086,NA,0.126,NA,NA,0.047648932600457,0.0623952441788576,NA,NA,NA,NA,84.842092,0,730.74,0.106,NA,0.106,0.012550818542716,NA,0.0148556177507876,NA,NA,0.000931679099364529,0.00177606431689418,NA,NA,NA,NA,4.79707966357078,0,43.4168838634098,0.0166758558502007,NA,0.0166758558502007,500
"stratified","pursue","combined",0.064,NA,0.12,NA,NA,0.0362725788350188,0.162921496392327,NA,NA,NA,NA,84.842092,0,789.348,0.088,NA,0.088,0.010956646210971,NA,0.0145472762568457,NA,NA,0.000841353748168267,0.00333791535654189,NA,NA,NA,NA,4.79707966357078,0,42.4140046372745,0.01628011314974,NA,0.01628011314974,500
"stratified","pursue","presence",0.058,NA,0.1,NA,NA,0.0273407333712014,0.306183104896148,NA,NA,NA,NA,84.842092,0,787.088,0.068,NA,0.068,0.0104637938609248,NA,0.0134298444310754,NA,NA,0.000804681264800118,0.00595034668800949,NA,NA,NA,NA,4.79707966357078,0,42.4156376487056,0.0129261816614455,NA,0.0129261816614455,500
"stratified","wilcoxon_tss","single",0,NA,0,NA,NA,NA,NA,NA,NA,NA,NA,0.01949,0,0,0,NA,0,0,NA,0,NA,NA,NA,NA,NA,NA,NA,NA,7.76134504798667e-05,0,0,0,NA,0,500
"stratified","zicoseq","single",0.052,NA,0.1,NA,NA,0.0522342401351229,0.0750057660835159,NA,NA,NA,NA,237.553952,0,789.586,0.124,NA,0.124,0.00993929470125102,NA,0.0134298444310754,NA,NA,0.00147168812931749,0.00226383175510692,NA,NA,NA,NA,13.4885107282831,0,42.4127942895407,0.0316741931076079,NA,0.0316741931076079,500
